學年度,設立別,學校類別,學校統計處代碼,學校名稱,學制班別,參與競賽獲獎人次,學生論文出版及展演活動篇數(場數),學生論文出版及展演活動人次,在學學生出席國際會議人次
106,公立,一般大學,0001,國立政治大學,學士班(日間),203,0,0,31
106,公立,一般大學,0001,國立政治大學,碩士班(日間),29,22,18,11
106,公立,一般大學,0001,國立政治大學,碩士在職專班,0,1,1,0
106,公立,一般大學,0001,國立政治大學,博士班,3,90,44,0
106,公立,一般大學,0002,國立清華大學,學士班(日間),301,5,11,3
106,公立,一般大學,0002,國立清華大學,碩士班(日間),180,173,303,215
106,公立,一般大學,0002,國立清華大學,博士班,51,283,663,240
106,公立,一般大學,0003,國立臺灣大學,學士班(日間),132,8,20,31
106,公立,一般大學,0003,國立臺灣大學,碩士班(日間),63,81,79,247
106,公立,一般大學,0003,國立臺灣大學,博士班,36,126,124,240
106,公立,一般大學,0004,國立臺灣師範大學,學士班(日間),523,12,44,9
106,公立,一般大學,0004,國立臺灣師範大學,碩士班(日間),142,218,216,224
106,公立,一般大學,0004,國立臺灣師範大學,碩士在職專班,1,13,13,30
106,公立,一般大學,0004,國立臺灣師範大學,博士班,8,156,146,137
106,公立,一般大學,0005,國立成功大學,學士班(日間),282,24,113,59
106,公立,一般大學,0005,國立成功大學,碩士班(日間),214,247,361,491
106,公立,一般大學,0005,國立成功大學,碩士在職專班,14,5,5,7
106,公立,一般大學,0005,國立成功大學,博士班,63,432,480,327
106,公立,一般大學,0006,國立中興大學,學士班(日間),90,1,5,8
106,公立,一般大學,0006,國立中興大學,碩士班(日間),50,102,108,157
106,公立,一般大學,0006,國立中興大學,碩士在職專班,0,2,2,7
106,公立,一般大學,0006,國立中興大學,博士班,17,74,78,94
106,公立,一般大學,0007,國立陽明交通大學,學士班(日間),158,0,1,0
106,公立,一般大學,0007,國立陽明交通大學,碩士班(日間),175,149,209,344
106,公立,一般大學,0007,國立陽明交通大學,碩士在職專班,5,2,2,28
106,公立,一般大學,0007,國立陽明交通大學,博士班,68,286,302,228
106,公立,一般大學,0008,國立中央大學,學士班(日間),154,0,0,0
106,公立,一般大學,0008,國立中央大學,碩士班(日間),42,33,33,52
106,公立,一般大學,0008,國立中央大學,博士班,23,69,69,94
106,公立,一般大學,0009,國立中山大學,學士班(日間),34,10,289,2
106,公立,一般大學,0009,國立中山大學,碩士班(日間),30,22,30,46
106,公立,一般大學,0009,國立中山大學,博士班,9,51,78,78
106,公立,一般大學,0012,國立臺灣海洋大學,學士班(日間),50,6,9,13
106,公立,一般大學,0012,國立臺灣海洋大學,碩士班(日間),101,152,177,343
106,公立,一般大學,0012,國立臺灣海洋大學,碩士在職專班,0,0,0,2
106,公立,一般大學,0012,國立臺灣海洋大學,博士班,3,42,34,52
106,公立,一般大學,0013,國立中正大學,學士班(日間),348,10,10,40
106,公立,一般大學,0013,國立中正大學,碩士班(日間),68,119,158,162
106,公立,一般大學,0013,國立中正大學,碩士在職專班,6,0,1,0
106,公立,一般大學,0013,國立中正大學,博士班,10,139,139,99
106,公立,一般大學,0014,國立高雄師範大學,學士班(日間),257,26,105,9
106,公立,一般大學,0014,國立高雄師範大學,碩士班(日間),13,31,32,33
106,公立,一般大學,0014,國立高雄師範大學,碩士在職專班,7,45,24,7
106,公立,一般大學,0014,國立高雄師範大學,博士班,0,45,24,4
106,公立,一般大學,0015,國立彰化師範大學,學士班(日間),274,13,24,7
106,公立,一般大學,0015,國立彰化師範大學,碩士班(日間),42,82,98,68
106,公立,一般大學,0015,國立彰化師範大學,博士班,2,21,18,14
106,公立,一般大學,0016,國立陽明大學,學士班(日間),0,3,3,7
106,公立,一般大學,0016,國立陽明大學,碩士班(日間),1,94,94,94
106,公立,一般大學,0016,國立陽明大學,博士班,0,128,128,97
106,公立,一般大學,0017,國立臺北大學,學士班(日間),408,3,6,4
106,公立,一般大學,0017,國立臺北大學,學士班(進修),2,0,0,0
106,公立,一般大學,0017,國立臺北大學,碩士班(日間),19,8,10,5
106,公立,一般大學,0017,國立臺北大學,博士班,0,0,0,4
106,公立,一般大學,0018,國立嘉義大學,學士班(日間),111,39,49,52
106,公立,一般大學,0018,國立嘉義大學,學士班(進修),8,0,0,7
106,公立,一般大學,0018,國立嘉義大學,碩士班(日間),19,116,122,165
106,公立,一般大學,0018,國立嘉義大學,碩士在職專班,2,41,58,16
106,公立,一般大學,0018,國立嘉義大學,博士班,1,14,29,13
106,公立,一般大學,0019,國立高雄大學,學士班(日間),113,6,6,28
106,公立,一般大學,0019,國立高雄大學,學士班(進修),0,0,0,3
106,公立,一般大學,0019,國立高雄大學,碩士班(日間),18,39,64,74
106,公立,一般大學,0019,國立高雄大學,碩士在職專班,4,4,20,10
106,公立,一般大學,0019,國立高雄大學,博士班,0,3,3,1
106,公立,一般大學,0020,國立東華大學,學士班(日間),249,26,574,130
106,公立,一般大學,0020,國立東華大學,碩士班(日間),50,71,129,77
106,公立,一般大學,0020,國立東華大學,碩士在職專班,5,0,0,5
106,公立,一般大學,0020,國立東華大學,博士班,5,27,21,43
106,公立,一般大學,0021,國立暨南國際大學,學士班(日間),63,7,15,2
106,公立,一般大學,0021,國立暨南國際大學,碩士班(日間),2,24,23,85
106,公立,一般大學,0021,國立暨南國際大學,博士班,0,24,19,15
106,公立,技專校院,0022,國立臺灣科技大學,學士班(日間),55,17,44,21
106,公立,技專校院,0022,國立臺灣科技大學,碩士班(日間),205,26,39,83
106,公立,技專校院,0022,國立臺灣科技大學,碩士在職專班,0,0,0,22
106,公立,技專校院,0022,國立臺灣科技大學,博士班,10,17,20,22
106,公立,技專校院,0023,國立雲林科技大學,學士班(日間),273,7,122,0
106,公立,技專校院,0023,國立雲林科技大學,學士班(進修),2,0,0,0
106,公立,技專校院,0023,國立雲林科技大學,碩士班(日間),112,346,400,54
106,公立,技專校院,0023,國立雲林科技大學,碩士在職專班,5,14,14,0
106,公立,技專校院,0023,國立雲林科技大學,博士班,28,125,110,27
106,公立,技專校院,0024,國立屏東科技大學,學士班(日間),702,6,11,4
106,公立,技專校院,0024,國立屏東科技大學,學士班(進修),47,0,0,0
106,公立,技專校院,0024,國立屏東科技大學,碩士班(日間),58,84,85,66
106,公立,技專校院,0024,國立屏東科技大學,碩士在職專班,1,1,1,0
106,公立,技專校院,0024,國立屏東科技大學,博士班,8,26,25,14
106,公立,技專校院,0025,國立臺北科技大學,學士班(日間),162,73,78,65
106,公立,技專校院,0025,國立臺北科技大學,學士班(進修),17,63,78,47
106,公立,技專校院,0025,國立臺北科技大學,碩士班(日間),0,41,48,59
106,公立,技專校院,0025,國立臺北科技大學,碩士在職專班,0,17,17,17
106,公立,技專校院,0025,國立臺北科技大學,博士班,0,4,3,2
106,公立,一般大學,0028,國立臺北藝術大學,學士班(日間),87,468,1631,13
106,公立,一般大學,0028,國立臺北藝術大學,碩士班(日間),51,249,526,186
106,公立,一般大學,0028,國立臺北藝術大學,碩士在職專班,1,22,32,0
106,公立,一般大學,0028,國立臺北藝術大學,博士班,5,63,41,43
106,公立,一般大學,0029,國立臺灣藝術大學,學士班(日間),335,12,99,90
106,公立,一般大學,0029,國立臺灣藝術大學,學士班(進修),125,1,1,0
106,公立,一般大學,0029,國立臺灣藝術大學,碩士班(日間),69,67,86,59
106,公立,一般大學,0029,國立臺灣藝術大學,碩士在職專班,6,19,30,9
106,公立,一般大學,0029,國立臺灣藝術大學,博士班,11,52,52,10
106,公立,一般大學,0030,國立臺東大學,學士班(日間),64,6,122,0
106,公立,一般大學,0030,國立臺東大學,碩士班(日間),0,13,13,10
106,公立,一般大學,0030,國立臺東大學,碩士在職專班,0,2,13,0
106,公立,一般大學,0031,國立宜蘭大學,學士班(日間),77,25,28,0
106,公立,一般大學,0031,國立宜蘭大學,學士班(進修),4,0,0,0
106,公立,一般大學,0031,國立宜蘭大學,碩士班(日間),4,52,52,19
106,公立,一般大學,0032,國立聯合大學,學士班(日間),209,60,218,19
106,公立,一般大學,0032,國立聯合大學,學士班(進修),1,0,0,0
106,公立,一般大學,0032,國立聯合大學,碩士班(日間),20,77,78,46
106,公立,一般大學,0032,國立聯合大學,博士班,3,1,1,1
106,公立,技專校院,0033,國立虎尾科技大學,學士班(日間),145,16,25,13
106,公立,技專校院,0033,國立虎尾科技大學,學士班(進修),1,0,0,0
106,公立,技專校院,0033,國立虎尾科技大學,碩士班(日間),40,52,52,6
106,公立,一般大學,0035,國立臺南藝術大學,學士班(日間),34,4,7,0
106,公立,一般大學,0035,國立臺南藝術大學,碩士班(日間),40,54,181,8
106,公立,一般大學,0035,國立臺南藝術大學,博士班,4,4,4,3
106,公立,一般大學,0036,國立臺南大學,學士班(日間),137,19,368,5
106,公立,一般大學,0036,國立臺南大學,碩士班(日間),36,87,155,84
106,公立,一般大學,0036,國立臺南大學,碩士在職專班,2,4,4,47
106,公立,一般大學,0036,國立臺南大學,博士班,0,22,22,43
106,公立,一般大學,0037,國立臺北教育大學,學士班(日間),94,0,0,1
106,公立,一般大學,0037,國立臺北教育大學,碩士班(日間),34,84,82,34
106,公立,一般大學,0037,國立臺北教育大學,碩士在職專班,3,10,10,4
106,公立,一般大學,0037,國立臺北教育大學,博士班,0,37,18,0
106,公立,一般大學,0039,國立臺中教育大學,學士班(日間),210,13,31,61
106,公立,一般大學,0039,國立臺中教育大學,碩士班(日間),11,93,99,94
106,公立,一般大學,0039,國立臺中教育大學,碩士在職專班,1,70,88,113
106,公立,一般大學,0039,國立臺中教育大學,博士班,0,25,24,19
106,公立,技專校院,0042,國立澎湖科技大學,學士班(日間),6,0,0,0
106,公立,技專校院,0043,國立勤益科技大學,學士班(日間),401,19,27,17
106,公立,技專校院,0043,國立勤益科技大學,學士班(進修),2,0,0,0
106,公立,技專校院,0043,國立勤益科技大學,碩士班(日間),152,49,59,19
106,公立,技專校院,0043,國立勤益科技大學,碩士在職專班,4,11,11,0
106,公立,技專校院,0043,國立勤益科技大學,博士班,2,0,0,0
106,公立,一般大學,0044,國立體育大學,學士班(日間),315,0,0,7
106,公立,一般大學,0044,國立體育大學,碩士班(日間),65,29,29,20
106,公立,一般大學,0044,國立體育大學,碩士在職專班,0,7,7,5
106,公立,一般大學,0044,國立體育大學,博士班,11,25,33,14
106,公立,技專校院,0046,國立臺北護理健康大學,學士班(日間),60,3,5,5
106,公立,技專校院,0046,國立臺北護理健康大學,學士班(進修),1,0,0,0
106,公立,技專校院,0046,國立臺北護理健康大學,碩士班(日間),0,15,12,5
106,公立,技專校院,0046,國立臺北護理健康大學,碩士在職專班,1,1,0,0
106,公立,技專校院,0046,國立臺北護理健康大學,博士班,0,49,49,70
106,公立,技專校院,0047,國立高雄餐旅大學,五專,6,0,0,0
106,公立,技專校院,0047,國立高雄餐旅大學,學士班(日間),49,0,0,0
106,公立,技專校院,0047,國立高雄餐旅大學,碩士班(日間),14,18,17,0
106,公立,技專校院,0047,國立高雄餐旅大學,博士班,0,7,7,7
106,公立,一般大學,0048,國立金門大學,學士班(日間),34,1,1,5
106,公立,一般大學,0048,國立金門大學,碩士班(日間),0,3,3,3
106,公立,一般大學,0049,國立臺灣體育運動大學,學士班(日間),476,0,0,0
106,公立,一般大學,0049,國立臺灣體育運動大學,學士班(進修),3,0,0,0
106,公立,一般大學,0049,國立臺灣體育運動大學,碩士班(日間),32,7,7,3
106,公立,技專校院,0050,國立臺中科技大學,五專,28,0,0,0
106,公立,技專校院,0050,國立臺中科技大學,學士班(日間),189,21,53,0
106,公立,技專校院,0050,國立臺中科技大學,碩士班(日間),14,18,17,15
106,公立,技專校院,0050,國立臺中科技大學,碩士在職專班,0,7,7,6
106,公立,技專校院,0051,國立臺北商業大學,五專,80,0,0,0
106,公立,技專校院,0051,國立臺北商業大學,學士班(日間),226,0,0,0
106,公立,技專校院,0051,國立臺北商業大學,學士班(進修),1,0,0,0
106,公立,技專校院,0051,國立臺北商業大學,碩士班(日間),5,4,5,5
106,公立,一般大學,0052,國立屏東大學,學士班(日間),273,57,303,133
106,公立,一般大學,0052,國立屏東大學,學士班(進修),1,0,0,0
106,公立,一般大學,0052,國立屏東大學,碩士班(日間),17,71,70,28
106,公立,一般大學,0052,國立屏東大學,碩士在職專班,0,30,30,0
106,公立,一般大學,0052,國立屏東大學,博士班,0,22,30,0
106,公立,技專校院,0053,國立高雄科技大學,學士班(日間),343,23,68,49
106,公立,技專校院,0053,國立高雄科技大學,學士班(進修),3,0,0,0
106,公立,技專校院,0053,國立高雄科技大學,碩士班(日間),118,53,44,26
106,公立,技專校院,0053,國立高雄科技大學,碩士在職專班,4,22,22,0
106,公立,技專校院,0053,國立高雄科技大學,博士班,2,16,13,16
106,公立,技專校院,0221,國立臺南護理專科學校,五專,108,1,3,0
106,公立,技專校院,0222,國立臺東專科學校,二專(日間),22,4,13,0
106,公立,技專校院,0222,國立臺東專科學校,五專,18,0,0,0
106,私立,一般大學,1001,東海大學,學士班(日間),728,68,448,209
106,私立,一般大學,1001,東海大學,學士班(進修),43,9,38,0
106,私立,一般大學,1001,東海大學,碩士班(日間),94,137,271,61
106,私立,一般大學,1001,東海大學,碩士在職專班,28,19,42,20
106,私立,一般大學,1001,東海大學,博士班,3,23,23,14
106,私立,一般大學,1002,輔仁大學,學士班(日間),270,96,96,2
106,私立,一般大學,1002,輔仁大學,學士班(進修),2,0,0,0
106,私立,一般大學,1002,輔仁大學,碩士班(日間),7,51,51,26
106,私立,一般大學,1002,輔仁大學,碩士在職專班,2,0,0,0
106,私立,一般大學,1002,輔仁大學,博士班,0,24,24,9
106,私立,一般大學,1003,東吳大學,學士班(日間),361,28,39,4
106,私立,一般大學,1003,東吳大學,學士班(進修),2,2,4,1
106,私立,一般大學,1003,東吳大學,碩士班(日間),16,65,68,35
106,私立,一般大學,1003,東吳大學,碩士在職專班,3,28,32,11
106,私立,一般大學,1003,東吳大學,博士班,0,30,30,22
106,私立,一般大學,1004,中原大學,學士班(日間),666,27,83,1
106,私立,一般大學,1004,中原大學,碩士班(日間),78,69,78,57
106,私立,一般大學,1004,中原大學,碩士在職專班,0,6,6,3
106,私立,一般大學,1004,中原大學,博士班,14,41,45,59
106,私立,一般大學,1005,淡江大學學校財團法人淡江大學,學士班(日間),536,12,38,15
106,私立,一般大學,1005,淡江大學學校財團法人淡江大學,碩士班(日間),87,111,115,151
106,私立,一般大學,1005,淡江大學學校財團法人淡江大學,碩士在職專班,1,11,11,18
106,私立,一般大學,1005,淡江大學學校財團法人淡江大學,博士班,38,38,38,56
106,私立,一般大學,1006,中國文化大學,學士班(日間),226,49,505,948
106,私立,一般大學,1006,中國文化大學,學士班(進修),2,0,0,0
106,私立,一般大學,1006,中國文化大學,碩士班(日間),4,105,110,256
106,私立,一般大學,1006,中國文化大學,碩士在職專班,3,90,90,57
106,私立,一般大學,1006,中國文化大學,博士班,0,32,34,16
106,私立,一般大學,1007,逢甲大學,學士班(日間),421,11,78,18
106,私立,一般大學,1007,逢甲大學,學士班(進修),9,0,0,0
106,私立,一般大學,1007,逢甲大學,碩士班(日間),108,231,324,123
106,私立,一般大學,1007,逢甲大學,碩士在職專班,1,3,6,0
106,私立,一般大學,1007,逢甲大學,博士班,14,42,56,30
106,私立,一般大學,1008,靜宜大學,學士班(日間),583,28,54,115
106,私立,一般大學,1008,靜宜大學,碩士班(日間),63,87,114,34
106,私立,一般大學,1008,靜宜大學,碩士在職專班,3,0,1,0
106,私立,一般大學,1008,靜宜大學,博士班,7,27,33,3
106,私立,一般大學,1009,長庚大學,學士班(日間),489,21,25,21
106,私立,一般大學,1009,長庚大學,碩士班(日間),17,82,83,73
106,私立,一般大學,1009,長庚大學,博士班,1,116,117,66
106,私立,一般大學,1010,元智大學,學士班(日間),519,15,19,8
106,私立,一般大學,1010,元智大學,碩士班(日間),37,111,119,37
106,私立,一般大學,1010,元智大學,博士班,7,88,105,14
106,私立,一般大學,1011,中華大學學校財團法人中華大學,學士班(日間),140,25,55,10
106,私立,一般大學,1011,中華大學學校財團法人中華大學,碩士班(日間),0,141,145,33
106,私立,一般大學,1011,中華大學學校財團法人中華大學,碩士在職專班,0,43,43,3
106,私立,一般大學,1011,中華大學學校財團法人中華大學,博士班,0,45,46,11
106,私立,一般大學,1012,大葉大學,學士班(日間),631,218,518,17
106,私立,一般大學,1012,大葉大學,學士班(進修),50,2,4,0
106,私立,一般大學,1012,大葉大學,碩士班(日間),43,131,181,14
106,私立,一般大學,1012,大葉大學,碩士在職專班,1,18,18,8
106,私立,一般大學,1012,大葉大學,博士班,18,44,63,4
106,私立,一般大學,1013,華梵大學,學士班(日間),71,45,372,0
106,私立,一般大學,1013,華梵大學,碩士班(日間),2,13,13,16
106,私立,一般大學,1013,華梵大學,碩士在職專班,0,1,1,0
106,私立,一般大學,1013,華梵大學,博士班,0,13,13,6
106,私立,一般大學,1014,義守大學,學士班(日間),388,95,605,98
106,私立,一般大學,1014,義守大學,學士班(進修),16,0,0,0
106,私立,一般大學,1014,義守大學,碩士班(日間),30,83,106,56
106,私立,一般大學,1014,義守大學,碩士在職專班,2,9,10,0
106,私立,一般大學,1014,義守大學,博士班,2,38,40,20
106,私立,一般大學,1015,世新大學,學士班(日間),582,3,168,3
106,私立,一般大學,1015,世新大學,碩士班(日間),14,12,13,9
106,私立,一般大學,1015,世新大學,碩士在職專班,0,6,6,0
106,私立,一般大學,1015,世新大學,博士班,0,18,19,1
106,私立,一般大學,1016,銘傳大學,學士班(日間),1481,96,340,1170
106,私立,一般大學,1016,銘傳大學,碩士班(日間),12,168,177,267
106,私立,一般大學,1016,銘傳大學,碩士在職專班,1,58,60,109
106,私立,一般大學,1016,銘傳大學,博士班,0,13,13,9
106,私立,一般大學,1017,實踐大學,學士班(日間),422,34,321,264
106,私立,一般大學,1017,實踐大學,學士班(進修),7,0,3,0
106,私立,一般大學,1017,實踐大學,碩士班(日間),19,15,26,17
106,私立,一般大學,1017,實踐大學,碩士在職專班,7,1,2,2
106,私立,技專校院,1018,朝陽科技大學,學士班(日間),419,12,124,0
106,私立,技專校院,1018,朝陽科技大學,學士班(進修),9,1,1,0
106,私立,技專校院,1018,朝陽科技大學,碩士班(日間),23,108,169,46
106,私立,技專校院,1018,朝陽科技大學,碩士在職專班,0,5,5,0
106,私立,技專校院,1018,朝陽科技大學,博士班,4,6,9,11
106,私立,一般大學,1019,高雄醫學大學,學士班(日間),327,7,7,20
106,私立,一般大學,1019,高雄醫學大學,碩士班(日間),13,28,27,32
106,私立,一般大學,1019,高雄醫學大學,碩士在職專班,1,0,0,0
106,私立,一般大學,1019,高雄醫學大學,博士班,6,17,16,35
106,私立,一般大學,1020,南華大學,學士班(日間),99,72,604,140
106,私立,一般大學,1020,南華大學,學士班(進修),0,2,10,0
106,私立,一般大學,1020,南華大學,碩士班(日間),6,33,47,22
106,私立,一般大學,1020,南華大學,碩士在職專班,0,1,2,7
106,私立,一般大學,1020,南華大學,博士班,0,2,4,0
106,私立,一般大學,1021,真理大學,學士班(日間),100,18,634,4
106,私立,一般大學,1021,真理大學,碩士班(日間),0,2,2,0
106,私立,一般大學,1022,大同大學,學士班(日間),66,16,32,43
106,私立,一般大學,1022,大同大學,碩士班(日間),12,98,134,48
106,私立,一般大學,1022,大同大學,碩士在職專班,0,5,6,0
106,私立,一般大學,1022,大同大學,博士班,0,27,30,10
106,私立,技專校院,1023,南臺學校財團法人南臺科技大學,學士班(日間),1784,16,52,14
106,私立,技專校院,1023,南臺學校財團法人南臺科技大學,學士班(進修),27,0,0,0
106,私立,技專校院,1023,南臺學校財團法人南臺科技大學,碩士班(日間),155,49,56,52
106,私立,技專校院,1023,南臺學校財團法人南臺科技大學,碩士在職專班,4,1,1,0
106,私立,技專校院,1023,南臺學校財團法人南臺科技大學,博士班,28,27,28,32
106,私立,技專校院,1024,崑山科技大學,學士班(日間),751,17,38,0
106,私立,技專校院,1024,崑山科技大學,學士班(進修),27,0,0,0
106,私立,技專校院,1024,崑山科技大學,碩士班(日間),76,18,25,1
106,私立,技專校院,1024,崑山科技大學,碩士在職專班,33,5,5,0
106,私立,技專校院,1024,崑山科技大學,博士班,3,11,22,0
106,私立,技專校院,1025,嘉藥學校財團法人嘉南藥理大學,學士班(日間),388,15,59,3
106,私立,技專校院,1025,嘉藥學校財團法人嘉南藥理大學,學士班(進修),57,0,0,0
106,私立,技專校院,1025,嘉藥學校財團法人嘉南藥理大學,碩士班(日間),2,5,5,10
106,私立,技專校院,1025,嘉藥學校財團法人嘉南藥理大學,碩士在職專班,0,0,4,5
106,私立,技專校院,1026,樹德科技大學,學士班(日間),709,15,43,8
106,私立,技專校院,1026,樹德科技大學,學士班(進修),31,2,2,1
106,私立,技專校院,1026,樹德科技大學,碩士班(日間),29,34,42,6
106,私立,技專校院,1026,樹德科技大學,碩士在職專班,18,0,0,0
106,私立,技專校院,1026,樹德科技大學,博士班,0,16,16,16
106,私立,一般大學,1027,慈濟學校財團法人慈濟大學,學士班(日間),167,28,31,75
106,私立,一般大學,1027,慈濟學校財團法人慈濟大學,碩士班(日間),16,30,30,30
106,私立,一般大學,1027,慈濟學校財團法人慈濟大學,博士班,1,6,6,11
106,私立,一般大學,1028,臺北醫學大學,學士班(日間),252,20,20,141
106,私立,一般大學,1028,臺北醫學大學,碩士班(日間),6,13,13,96
106,私立,一般大學,1028,臺北醫學大學,碩士在職專班,3,1,1,36
106,私立,一般大學,1028,臺北醫學大學,博士班,7,107,107,87
106,私立,一般大學,1029,中山醫學大學,學士班(日間),286,31,66,16
106,私立,一般大學,1029,中山醫學大學,碩士班(日間),63,39,57,37
106,私立,一般大學,1029,中山醫學大學,碩士在職專班,0,1,1,0
106,私立,一般大學,1029,中山醫學大學,博士班,2,48,55,18
106,私立,技專校院,1030,龍華科技大學,學士班(日間),263,0,0,0
106,私立,技專校院,1030,龍華科技大學,學士班(進修),1,0,0,0
106,私立,技專校院,1030,龍華科技大學,碩士班(日間),10,24,24,4
106,私立,技專校院,1031,輔英科技大學,五專,9,0,0,0
106,私立,技專校院,1031,輔英科技大學,學士班(日間),28,5,7,1
106,私立,技專校院,1031,輔英科技大學,學士班(進修),9,0,0,0
106,私立,技專校院,1031,輔英科技大學,碩士班(日間),0,7,7,2
106,私立,技專校院,1032,明新學校財團法人明新科技大學,學士班(日間),315,29,102,79
106,私立,技專校院,1032,明新學校財團法人明新科技大學,學士班(進修),0,1,5,5
106,私立,技專校院,1032,明新學校財團法人明新科技大學,碩士班(日間),11,30,42,24
106,私立,技專校院,1032,明新學校財團法人明新科技大學,碩士在職專班,7,6,6,6
106,私立,一般大學,1033,長榮大學,學士班(日間),485,30,53,12
106,私立,一般大學,1033,長榮大學,碩士班(日間),30,20,20,13
106,私立,一般大學,1033,長榮大學,碩士在職專班,0,2,2,0
106,私立,一般大學,1033,長榮大學,博士班,0,4,4,11
106,私立,技專校院,1034,弘光科技大學,二專(進修),1,0,0,0
106,私立,技專校院,1034,弘光科技大學,五專,1,0,0,0
106,私立,技專校院,1034,弘光科技大學,學士班(日間),330,36,71,53
106,私立,技專校院,1034,弘光科技大學,學士班(進修),5,0,0,0
106,私立,技專校院,1034,弘光科技大學,碩士班(日間),19,25,28,4
106,私立,技專校院,1034,弘光科技大學,博士班,0,14,4,0
106,私立,一般大學,1035,中國醫藥大學,學士班(日間),273,48,98,73
106,私立,一般大學,1035,中國醫藥大學,碩士班(日間),8,136,163,101
106,私立,一般大學,1035,中國醫藥大學,碩士在職專班,0,18,20,18
106,私立,一般大學,1035,中國醫藥大學,博士班,2,233,274,62
106,私立,技專校院,1036,健行學校財團法人健行科技大學,學士班(日間),378,11,37,0
106,私立,技專校院,1036,健行學校財團法人健行科技大學,學士班(進修),11,0,0,0
106,私立,技專校院,1036,健行學校財團法人健行科技大學,碩士班(日間),28,88,92,3
106,私立,技專校院,1036,健行學校財團法人健行科技大學,碩士在職專班,0,7,7,0
106,私立,技專校院,1037,正修學校財團法人正修科技大學,學士班(日間),348,0,2,0
106,私立,技專校院,1037,正修學校財團法人正修科技大學,碩士班(日間),10,1,1,2
106,私立,技專校院,1037,正修學校財團法人正修科技大學,碩士在職專班,0,0,0,1
106,私立,技專校院,1038,萬能學校財團法人萬能科技大學,學士班(日間),210,0,0,0
106,私立,技專校院,1038,萬能學校財團法人萬能科技大學,學士班(進修),34,0,0,0
106,私立,技專校院,1038,萬能學校財團法人萬能科技大學,碩士班(日間),8,0,0,0
106,私立,技專校院,1038,萬能學校財團法人萬能科技大學,碩士在職專班,9,0,0,0
106,私立,一般大學,1039,玄奘大學,學士班(日間),142,41,160,374
106,私立,一般大學,1039,玄奘大學,學士班(進修),0,1,1,0
106,私立,一般大學,1039,玄奘大學,碩士班(日間),2,16,16,16
106,私立,一般大學,1039,玄奘大學,碩士在職專班,0,1,1,0
106,私立,技專校院,1040,建國科技大學,學士班(日間),553,11,130,3
106,私立,技專校院,1040,建國科技大學,碩士班(日間),0,3,3,0
106,私立,技專校院,1041,明志科技大學,學士班(日間),57,130,284,0
106,私立,技專校院,1041,明志科技大學,學士班(進修),0,3,3,0
106,私立,技專校院,1041,明志科技大學,碩士班(日間),37,535,737,97
106,私立,技專校院,1041,明志科技大學,碩士在職專班,0,22,23,0
106,私立,技專校院,1042,高苑科技大學,學士班(日間),361,0,0,0
106,私立,技專校院,1042,高苑科技大學,學士班(進修),2,0,0,0
106,私立,技專校院,1042,高苑科技大學,碩士班(日間),64,3,3,0
106,私立,技專校院,1042,高苑科技大學,碩士在職專班,2,0,0,0
106,私立,技專校院,1043,大仁科技大學,學士班(日間),89,0,0,0
106,私立,技專校院,1043,大仁科技大學,學士班(進修),12,0,0,0
106,私立,技專校院,1044,聖約翰科技大學,學士班(日間),92,0,0,0
106,私立,技專校院,1044,聖約翰科技大學,碩士班(日間),9,0,0,0
106,私立,技專校院,1045,嶺東科技大學,學士班(日間),420,0,0,0
106,私立,技專校院,1045,嶺東科技大學,碩士班(日間),1,1,1,0
106,私立,技專校院,1046,中國科技大學,學士班(日間),622,18,618,0
106,私立,技專校院,1046,中國科技大學,學士班(進修),10,0,0,0
106,私立,技專校院,1046,中國科技大學,碩士班(日間),7,39,50,1
106,私立,技專校院,1046,中國科技大學,碩士在職專班,0,9,0,0
106,私立,技專校院,1047,中臺科技大學,學士班(日間),246,22,115,4
106,私立,技專校院,1047,中臺科技大學,學士班(進修),8,0,0,0
106,私立,技專校院,1047,中臺科技大學,碩士班(日間),2,7,7,14
106,私立,技專校院,1047,中臺科技大學,碩士在職專班,5,7,7,28
106,私立,一般大學,1048,亞洲大學,學士班(日間),278,10,16,369
106,私立,一般大學,1048,亞洲大學,碩士班(日間),11,35,40,71
106,私立,一般大學,1048,亞洲大學,碩士在職專班,3,0,0,0
106,私立,一般大學,1048,亞洲大學,博士班,0,0,0,12
106,私立,一般大學,1049,開南大學,學士班(日間),58,0,0,0
106,私立,一般大學,1049,開南大學,學士班(進修),1,0,0,0
106,私立,一般大學,1049,開南大學,碩士班(日間),0,4,4,1
106,私立,一般大學,1050,佛光大學,學士班(日間),303,12,12,68
106,私立,一般大學,1050,佛光大學,碩士班(日間),3,34,34,48
106,私立,一般大學,1050,佛光大學,碩士在職專班,0,3,3,3
106,私立,一般大學,1050,佛光大學,博士班,0,2,2,24
106,私立,技專校院,1051,台南家專學校財團法人台南應用科技大學,五專,281,8,175,0
106,私立,技專校院,1051,台南家專學校財團法人台南應用科技大學,學士班(日間),946,54,177,0
106,私立,技專校院,1051,台南家專學校財團法人台南應用科技大學,學士班(進修),47,7,10,0
106,私立,技專校院,1051,台南家專學校財團法人台南應用科技大學,碩士班(日間),13,11,10,0
106,私立,技專校院,1051,台南家專學校財團法人台南應用科技大學,碩士在職專班,0,8,7,0
106,私立,技專校院,1052,遠東科技大學,學士班(日間),280,18,28,6
106,私立,技專校院,1052,遠東科技大學,學士班(進修),2,0,0,0
106,私立,技專校院,1052,遠東科技大學,碩士班(日間),50,16,23,4
106,私立,技專校院,1053,光宇學校財團法人元培醫事科技大學,學士班(日間),77,10,19,5
106,私立,技專校院,1054,景文科技大學,學士班(日間),167,0,0,0
106,私立,技專校院,1054,景文科技大學,碩士班(日間),0,2,1,0
106,私立,技專校院,1055,中華醫事科技大學,五專,82,0,0,0
106,私立,技專校院,1055,中華醫事科技大學,學士班(日間),104,1,2,1
106,私立,技專校院,1055,中華醫事科技大學,學士班(進修),1,0,0,0
106,私立,技專校院,1056,東南科技大學,學士班(日間),389,6,6,6
106,私立,技專校院,1057,德明財經科技大學,學士班(日間),355,3,7,0
106,私立,技專校院,1057,德明財經科技大學,碩士班(日間),0,3,3,0
106,私立,技專校院,1057,德明財經科技大學,碩士在職專班,0,3,3,0
106,私立,一般大學,1058,明道學校財團法人明道大學,學士班(日間),34,4,251,0
106,私立,一般大學,1058,明道學校財團法人明道大學,學士班(進修),1,0,0,1
106,私立,一般大學,1058,明道學校財團法人明道大學,碩士班(日間),0,13,13,15
106,私立,一般大學,1058,明道學校財團法人明道大學,碩士在職專班,0,20,20,16
106,私立,一般大學,1058,明道學校財團法人明道大學,博士班,0,0,5,0
106,私立,技專校院,1060,南開科技大學,五專,24,0,0,0
106,私立,技專校院,1060,南開科技大學,學士班(日間),102,0,0,0
106,私立,技專校院,1061,中華學校財團法人中華科技大學,學士班(日間),28,0,0,0
106,私立,技專校院,1062,僑光科技大學,學士班(日間),260,0,0,0
106,私立,技專校院,1062,僑光科技大學,學士班(進修),9,0,0,0
106,私立,技專校院,1062,僑光科技大學,碩士班(日間),0,8,10,0
106,私立,技專校院,1062,僑光科技大學,碩士在職專班,0,12,12,0
106,私立,技專校院,1063,廣亞學校財團法人育達科技大學,學士班(日間),108,0,0,0
106,私立,技專校院,1063,廣亞學校財團法人育達科技大學,學士班(進修),4,0,0,0
106,私立,技專校院,1063,廣亞學校財團法人育達科技大學,碩士班(日間),3,0,0,0
106,私立,技專校院,1064,美和學校財團法人美和科技大學,五專,30,0,0,0
106,私立,技專校院,1064,美和學校財團法人美和科技大學,學士班(日間),79,0,0,1
106,私立,技專校院,1064,美和學校財團法人美和科技大學,學士班(進修),20,0,0,0
106,私立,技專校院,1064,美和學校財團法人美和科技大學,碩士班(日間),1,4,5,0
106,私立,技專校院,1065,吳鳳科技大學,學士班(日間),117,0,0,0
106,私立,技專校院,1065,吳鳳科技大學,碩士在職專班,0,10,30,8
106,私立,技專校院,1066,環球學校財團法人環球科技大學,學士班(日間),167,0,0,0
106,私立,技專校院,1066,環球學校財團法人環球科技大學,碩士班(日間),0,5,8,25
106,私立,一般大學,1067,台灣首府學校財團法人台灣首府大學,學士班(日間),11,10,194,1
106,私立,一般大學,1067,台灣首府學校財團法人台灣首府大學,學士班(進修),14,0,0,0
106,私立,技專校院,1068,中州學校財團法人中州科技大學,學士班(日間),32,0,0,0
106,私立,技專校院,1069,修平學校財團法人修平科技大學,學士班(日間),144,0,0,0
106,私立,技專校院,1069,修平學校財團法人修平科技大學,碩士班(日間),5,0,0,0
106,私立,技專校院,1070,長庚學校財團法人長庚科技大學,五專,4,0,0,0
106,私立,技專校院,1070,長庚學校財團法人長庚科技大學,學士班(日間),170,1,6,0
106,私立,技專校院,1070,長庚學校財團法人長庚科技大學,學士班(進修),9,0,0,0
106,私立,技專校院,1070,長庚學校財團法人長庚科技大學,碩士班(日間),2,8,8,0
106,私立,技專校院,1070,長庚學校財團法人長庚科技大學,碩士在職專班,0,7,4,1
106,私立,技專校院,1071,城市學校財團法人臺北城市科技大學,五專,71,0,0,0
106,私立,技專校院,1071,城市學校財團法人臺北城市科技大學,學士班(日間),767,15,172,0
106,私立,技專校院,1071,城市學校財團法人臺北城市科技大學,學士班(進修),1,0,0,0
106,私立,技專校院,1071,城市學校財團法人臺北城市科技大學,碩士班(日間),4,0,0,0
106,私立,技專校院,1072,大華學校財團法人敏實科技大學,五專,5,0,0,0
106,私立,技專校院,1072,大華學校財團法人敏實科技大學,學士班(日間),34,0,0,0
106,私立,技專校院,1073,醒吾學校財團法人醒吾科技大學,五專,48,0,0,0
106,私立,技專校院,1073,醒吾學校財團法人醒吾科技大學,學士班(日間),235,0,0,0
106,私立,技專校院,1073,醒吾學校財團法人醒吾科技大學,碩士班(日間),1,0,0,0
106,私立,技專校院,1074,南榮學校財團法人南榮科技大學,學士班(日間),36,0,0,50
106,私立,技專校院,1074,南榮學校財團法人南榮科技大學,學士班(進修),1,0,0,0
106,私立,技專校院,1075,文藻學校財團法人文藻外語大學,五專,178,1,1,0
106,私立,技專校院,1075,文藻學校財團法人文藻外語大學,學士班(日間),225,1,1,1
106,私立,技專校院,1076,華夏學校財團法人華夏科技大學,二專(進修),30,0,0,0
106,私立,技專校院,1076,華夏學校財團法人華夏科技大學,學士班(日間),74,0,0,0
106,私立,技專校院,1077,慈濟學校財團法人慈濟科技大學,五專,27,0,0,0
106,私立,技專校院,1077,慈濟學校財團法人慈濟科技大學,學士班(日間),57,0,0,0
106,私立,技專校院,1077,慈濟學校財團法人慈濟科技大學,學士班(進修),10,0,0,0
106,私立,技專校院,1077,慈濟學校財團法人慈濟科技大學,碩士班(日間),4,9,11,5
106,私立,技專校院,1078,致理學校財團法人致理科技大學,五專,97,0,0,0
106,私立,技專校院,1078,致理學校財團法人致理科技大學,學士班(日間),902,0,0,0
106,私立,技專校院,1078,致理學校財團法人致理科技大學,學士班(進修),2,0,0,0
106,私立,一般大學,1079,康寧學校財團法人康寧大學,二專(進修),9,0,0,0
106,私立,一般大學,1079,康寧學校財團法人康寧大學,五專,159,0,0,0
106,私立,一般大學,1079,康寧學校財團法人康寧大學,學士班(日間),10,0,0,0
106,私立,一般大學,1079,康寧學校財團法人康寧大學,學士班(進修),1,0,0,0
106,私立,一般大學,1079,康寧學校財團法人康寧大學,碩士班(日間),0,56,62,0
106,私立,一般大學,1079,康寧學校財團法人康寧大學,碩士在職專班,0,36,36,0
106,私立,技專校院,1080,宏國學校財團法人宏國德霖科技大學,五專,142,0,0,0
106,私立,技專校院,1080,宏國學校財團法人宏國德霖科技大學,學士班(日間),428,0,0,0
106,私立,技專校院,1080,宏國學校財團法人宏國德霖科技大學,學士班(進修),49,0,0,0
106,私立,技專校院,1081,東方學校財團法人東方設計大學,五專,17,0,0,0
106,私立,技專校院,1081,東方學校財團法人東方設計大學,學士班(日間),8,0,0,0
106,私立,技專校院,1081,東方學校財團法人東方設計大學,學士班(進修),2,0,0,0
106,私立,技專校院,1081,東方學校財團法人東方設計大學,碩士班(日間),11,6,4,6
106,私立,技專校院,1082,崇右學校財團法人崇右影藝科技大學,五專,1,0,0,0
106,私立,技專校院,1082,崇右學校財團法人崇右影藝科技大學,學士班(日間),43,0,0,0
106,私立,技專校院,1082,崇右學校財團法人崇右影藝科技大學,碩士班(日間),1,0,0,0
106,私立,技專校院,1083,台北海洋學校財團法人台北海洋科技大學,五專,49,0,0,0
106,私立,技專校院,1083,台北海洋學校財團法人台北海洋科技大學,學士班(日間),192,0,0,0
106,私立,技專校院,1083,台北海洋學校財團法人台北海洋科技大學,碩士班(日間),1,0,0,0
106,私立,一般大學,1125,中信學校財團法人中信金融管理學院,學士班(日間),6,0,0,4
106,私立,技專校院,1148,大漢技術學院,學士班(日間),21,0,0,0
106,私立,技專校院,1159,和春技術學院,五專,6,0,0,0
106,私立,技專校院,1159,和春技術學院,學士班(日間),45,0,0,0
106,私立,技專校院,1159,和春技術學院,學士班(進修),19,0,0,0
106,私立,技專校院,1166,亞東技術學院,學士班(日間),103,0,16,2
106,私立,技專校院,1166,亞東技術學院,碩士班(日間),5,0,0,0
106,私立,技專校院,1168,南亞科技學校財團法人南亞技術學院,五專,30,0,0,0
106,私立,技專校院,1168,南亞科技學校財團法人南亞技術學院,學士班(日間),40,2,9,0
106,私立,一般大學,1176,稻江科技暨管理學院,學士班(日間),20,0,0,0
106,私立,技專校院,1182,蘭陽技術學院,五專,40,0,0,0
106,私立,技專校院,1183,黎明技術學院,五專,47,0,0,0
106,私立,技專校院,1183,黎明技術學院,學士班(日間),234,0,0,0
106,私立,技專校院,1183,黎明技術學院,學士班(進修),16,0,0,0
106,私立,技專校院,1185,經國管理暨健康學院,五專,5,0,0,0
106,私立,技專校院,1185,經國管理暨健康學院,學士班(日間),28,0,0,0
106,私立,技專校院,1185,經國管理暨健康學院,學士班(進修),2,0,0,0
106,私立,技專校院,1188,大同技術學院,學士班(日間),26,0,0,0
106,私立,技專校院,1188,大同技術學院,學士班(進修),27,0,0,0
106,私立,技專校院,1192,臺灣觀光學院,學士班(日間),7,0,0,0
106,私立,一般大學,1195,馬偕學校財團法人馬偕醫學院,學士班(日間),1,0,0,0
106,私立,一般大學,1195,馬偕學校財團法人馬偕醫學院,碩士班(日間),0,1,1,3
106,私立,一般大學,1196,法鼓學校財團法人法鼓文理學院,碩士班(日間),1,3,3,6
106,私立,一般大學,1196,法鼓學校財團法人法鼓文理學院,博士班,0,1,1,3
106,私立,技專校院,1282,馬偕學校財團法人馬偕醫護管理專科學校,五專,91,3,17,5
106,私立,技專校院,1283,仁德醫護管理專科學校,五專,35,0,0,0
106,私立,技專校院,1284,樹人醫護管理專科學校,五專,232,15,43,400
106,私立,技專校院,1285,慈惠醫護管理專科學校,二專(日間),2,0,0,0
106,私立,技專校院,1285,慈惠醫護管理專科學校,五專,89,0,0,0
106,私立,技專校院,1286,耕莘健康管理專科學校,五專,184,0,0,0
106,私立,技專校院,1287,敏惠醫護管理專科學校,五專,167,1,7,0
106,私立,技專校院,1289,育英醫護管理專科學校,五專,83,0,0,0
106,私立,技專校院,1291,聖母醫護管理專科學校,五專,180,5,11,0
106,私立,技專校院,1292,新生醫護管理專科學校,五專,143,0,0,0
106,私立,技專校院,1293,崇仁醫護管理專科學校,五專,151,0,0,0
106,私立,宗教研修學院,1R03,臺北基督學院,學士班(日間),6,0,0,0
106,私立,宗教研修學院,1R06,一貫道崇德學院,碩士班(日間),0,0,0,28
106,公立,一般大學,3002,臺北市立大學,學士班(日間),736,35,35,6
106,公立,一般大學,3002,臺北市立大學,碩士班(日間),149,22,22,6
106,公立,一般大學,3002,臺北市立大學,碩士在職專班,312,93,93,6
106,公立,一般大學,3002,臺北市立大學,博士班,37,5,2,2
107,公立,一般大學,0001,國立政治大學,學士班(日間),262,1,1,48
107,公立,一般大學,0001,國立政治大學,碩士班(日間),36,18,13,14
107,公立,一般大學,0001,國立政治大學,碩士在職專班,1,0,0,0
107,公立,一般大學,0001,國立政治大學,博士班,3,90,43,0
107,公立,一般大學,0002,國立清華大學,學士班(日間),534,27,248,8
107,公立,一般大學,0002,國立清華大學,碩士班(日間),181,176,294,400
107,公立,一般大學,0002,國立清華大學,碩士在職專班,1,0,0,0
107,公立,一般大學,0002,國立清華大學,博士班,96,293,384,327
107,公立,一般大學,0003,國立臺灣大學,學士班(日間),91,22,42,35
107,公立,一般大學,0003,國立臺灣大學,碩士班(日間),155,196,284,741
107,公立,一般大學,0003,國立臺灣大學,碩士在職專班,2,3,3,1
107,公立,一般大學,0003,國立臺灣大學,博士班,62,376,419,440
107,公立,一般大學,0004,國立臺灣師範大學,學士班(日間),554,17,7,76
107,公立,一般大學,0004,國立臺灣師範大學,碩士班(日間),163,232,219,480
107,公立,一般大學,0004,國立臺灣師範大學,碩士在職專班,1,53,19,83
107,公立,一般大學,0004,國立臺灣師範大學,博士班,0,189,156,221
107,公立,一般大學,0005,國立成功大學,學士班(日間),105,8,15,138
107,公立,一般大學,0005,國立成功大學,碩士班(日間),174,285,317,608
107,公立,一般大學,0005,國立成功大學,碩士在職專班,19,7,7,26
107,公立,一般大學,0005,國立成功大學,博士班,47,342,361,325
107,公立,一般大學,0006,國立中興大學,學士班(日間),141,3,4,2
107,公立,一般大學,0006,國立中興大學,學士班(進修),1,0,0,0
107,公立,一般大學,0006,國立中興大學,碩士班(日間),47,150,166,177
107,公立,一般大學,0006,國立中興大學,碩士在職專班,0,4,4,0
107,公立,一般大學,0006,國立中興大學,博士班,25,82,87,76
107,公立,一般大學,0007,國立陽明交通大學,學士班(日間),116,2,2,0
107,公立,一般大學,0007,國立陽明交通大學,碩士班(日間),125,186,259,174
107,公立,一般大學,0007,國立陽明交通大學,碩士在職專班,0,0,1,0
107,公立,一般大學,0007,國立陽明交通大學,博士班,58,218,236,192
107,公立,一般大學,0008,國立中央大學,學士班(日間),8,4,6,0
107,公立,一般大學,0008,國立中央大學,碩士班(日間),61,55,61,37
107,公立,一般大學,0008,國立中央大學,碩士在職專班,0,0,0,1
107,公立,一般大學,0008,國立中央大學,博士班,16,40,47,29
107,公立,一般大學,0009,國立中山大學,學士班(日間),18,11,289,5
107,公立,一般大學,0009,國立中山大學,碩士班(日間),19,15,28,94
107,公立,一般大學,0009,國立中山大學,碩士在職專班,1,0,0,0
107,公立,一般大學,0009,國立中山大學,博士班,29,31,33,42
107,公立,一般大學,0012,國立臺灣海洋大學,學士班(日間),96,4,7,9
107,公立,一般大學,0012,國立臺灣海洋大學,碩士班(日間),44,105,159,252
107,公立,一般大學,0012,國立臺灣海洋大學,碩士在職專班,0,0,0,3
107,公立,一般大學,0012,國立臺灣海洋大學,博士班,5,47,35,53
107,公立,一般大學,0013,國立中正大學,學士班(日間),338,31,22,37
107,公立,一般大學,0013,國立中正大學,碩士班(日間),65,82,119,132
107,公立,一般大學,0013,國立中正大學,碩士在職專班,0,7,7,4
107,公立,一般大學,0013,國立中正大學,博士班,11,92,93,79
107,公立,一般大學,0014,國立高雄師範大學,學士班(日間),56,13,112,103
107,公立,一般大學,0014,國立高雄師範大學,碩士班(日間),143,99,138,57
107,公立,一般大學,0014,國立高雄師範大學,碩士在職專班,20,2,2,1
107,公立,一般大學,0014,國立高雄師範大學,博士班,1,78,57,20
107,公立,一般大學,0015,國立彰化師範大學,學士班(日間),505,3,3,0
107,公立,一般大學,0015,國立彰化師範大學,碩士班(日間),81,85,158,45
107,公立,一般大學,0015,國立彰化師範大學,碩士在職專班,6,0,0,0
107,公立,一般大學,0015,國立彰化師範大學,博士班,0,22,23,24
107,公立,一般大學,0016,國立陽明大學,學士班(日間),15,1,1,6
107,公立,一般大學,0016,國立陽明大學,碩士班(日間),0,33,33,34
107,公立,一般大學,0016,國立陽明大學,博士班,0,41,41,41
107,公立,一般大學,0017,國立臺北大學,學士班(日間),237,0,0,1
107,公立,一般大學,0017,國立臺北大學,學士班(進修),9,0,0,0
107,公立,一般大學,0017,國立臺北大學,碩士班(日間),15,0,0,5
107,公立,一般大學,0017,國立臺北大學,博士班,0,0,0,2
107,公立,一般大學,0018,國立嘉義大學,學士班(日間),88,22,30,100
107,公立,一般大學,0018,國立嘉義大學,學士班(進修),22,0,0,0
107,公立,一般大學,0018,國立嘉義大學,碩士班(日間),19,108,107,91
107,公立,一般大學,0018,國立嘉義大學,碩士在職專班,4,25,20,6
107,公立,一般大學,0018,國立嘉義大學,博士班,2,25,25,22
107,公立,一般大學,0019,國立高雄大學,學士班(日間),142,0,0,21
107,公立,一般大學,0019,國立高雄大學,學士班(進修),0,0,0,4
107,公立,一般大學,0019,國立高雄大學,碩士班(日間),13,14,17,54
107,公立,一般大學,0019,國立高雄大學,碩士在職專班,4,12,12,3
107,公立,一般大學,0019,國立高雄大學,博士班,0,2,2,5
107,公立,一般大學,0020,國立東華大學,學士班(日間),70,21,427,13
107,公立,一般大學,0020,國立東華大學,碩士班(日間),46,54,130,58
107,公立,一般大學,0020,國立東華大學,碩士在職專班,4,0,0,9
107,公立,一般大學,0020,國立東華大學,博士班,4,24,17,40
107,公立,一般大學,0021,國立暨南國際大學,學士班(日間),62,8,15,121
107,公立,一般大學,0021,國立暨南國際大學,碩士班(日間),3,14,14,86
107,公立,一般大學,0021,國立暨南國際大學,碩士在職專班,0,4,4,0
107,公立,一般大學,0021,國立暨南國際大學,博士班,2,27,42,36
107,公立,技專校院,0022,國立臺灣科技大學,學士班(日間),55,0,0,0
107,公立,技專校院,0022,國立臺灣科技大學,碩士班(日間),268,37,61,98
107,公立,技專校院,0022,國立臺灣科技大學,碩士在職專班,1,2,2,1
107,公立,技專校院,0022,國立臺灣科技大學,博士班,7,13,9,8
107,公立,技專校院,0023,國立雲林科技大學,學士班(日間),327,32,35,0
107,公立,技專校院,0023,國立雲林科技大學,碩士班(日間),136,191,190,52
107,公立,技專校院,0023,國立雲林科技大學,碩士在職專班,1,1,1,0
107,公立,技專校院,0023,國立雲林科技大學,博士班,8,68,67,22
107,公立,技專校院,0024,國立屏東科技大學,學士班(日間),866,90,114,30
107,公立,技專校院,0024,國立屏東科技大學,學士班(進修),193,1,47,0
107,公立,技專校院,0024,國立屏東科技大學,碩士班(日間),102,149,149,152
107,公立,技專校院,0024,國立屏東科技大學,碩士在職專班,2,3,3,0
107,公立,技專校院,0024,國立屏東科技大學,博士班,2,32,25,26
107,公立,技專校院,0025,國立臺北科技大學,學士班(日間),71,103,104,6
107,公立,技專校院,0025,國立臺北科技大學,學士班(進修),1,0,0,0
107,公立,技專校院,0025,國立臺北科技大學,碩士班(日間),30,85,89,24
107,公立,技專校院,0025,國立臺北科技大學,博士班,6,10,9,8
107,公立,一般大學,0028,國立臺北藝術大學,學士班(日間),67,479,3395,15
107,公立,一般大學,0028,國立臺北藝術大學,碩士班(日間),48,205,2682,26
107,公立,一般大學,0028,國立臺北藝術大學,碩士在職專班,2,25,35,0
107,公立,一般大學,0028,國立臺北藝術大學,博士班,2,59,39,1
107,公立,一般大學,0029,國立臺灣藝術大學,學士班(日間),105,26,29,0
107,公立,一般大學,0029,國立臺灣藝術大學,學士班(進修),52,2,2,0
107,公立,一般大學,0029,國立臺灣藝術大學,碩士班(日間),53,62,68,21
107,公立,一般大學,0029,國立臺灣藝術大學,碩士在職專班,11,16,18,0
107,公立,一般大學,0029,國立臺灣藝術大學,博士班,16,44,142,17
107,公立,一般大學,0030,國立臺東大學,學士班(日間),34,25,45,7
107,公立,一般大學,0030,國立臺東大學,碩士班(日間),0,1,1,1
107,公立,一般大學,0030,國立臺東大學,碩士在職專班,0,0,0,15
107,公立,一般大學,0031,國立宜蘭大學,學士班(日間),99,33,45,15
107,公立,一般大學,0031,國立宜蘭大學,學士班(進修),5,6,6,0
107,公立,一般大學,0031,國立宜蘭大學,碩士班(日間),16,86,93,44
107,公立,一般大學,0031,國立宜蘭大學,碩士在職專班,0,2,2,0
107,公立,一般大學,0032,國立聯合大學,學士班(日間),298,66,226,35
107,公立,一般大學,0032,國立聯合大學,學士班(進修),13,0,0,0
107,公立,一般大學,0032,國立聯合大學,碩士班(日間),34,72,105,46
107,公立,一般大學,0032,國立聯合大學,博士班,2,1,1,3
107,公立,技專校院,0033,國立虎尾科技大學,學士班(日間),118,3,0,9
107,公立,技專校院,0033,國立虎尾科技大學,學士班(進修),8,0,0,0
107,公立,技專校院,0033,國立虎尾科技大學,碩士班(日間),67,56,42,68
107,公立,技專校院,0033,國立虎尾科技大學,博士班,0,2,2,1
107,公立,一般大學,0035,國立臺南藝術大學,學士班(日間),15,3,3,0
107,公立,一般大學,0035,國立臺南藝術大學,碩士班(日間),40,18,176,31
107,公立,一般大學,0035,國立臺南藝術大學,碩士在職專班,0,0,0,1
107,公立,一般大學,0035,國立臺南藝術大學,博士班,22,16,16,1
107,公立,一般大學,0036,國立臺南大學,學士班(日間),197,19,344,169
107,公立,一般大學,0036,國立臺南大學,學士班(進修),2,0,0,0
107,公立,一般大學,0036,國立臺南大學,碩士班(日間),39,65,103,133
107,公立,一般大學,0036,國立臺南大學,碩士在職專班,1,2,3,45
107,公立,一般大學,0036,國立臺南大學,博士班,1,30,37,56
107,公立,一般大學,0037,國立臺北教育大學,學士班(日間),150,1,60,1
107,公立,一般大學,0037,國立臺北教育大學,碩士班(日間),33,53,108,47
107,公立,一般大學,0037,國立臺北教育大學,碩士在職專班,5,30,29,21
107,公立,一般大學,0037,國立臺北教育大學,博士班,0,10,5,4
107,公立,一般大學,0039,國立臺中教育大學,學士班(日間),145,29,13,17
107,公立,一般大學,0039,國立臺中教育大學,碩士班(日間),19,100,129,80
107,公立,一般大學,0039,國立臺中教育大學,碩士在職專班,2,63,79,61
107,公立,一般大學,0039,國立臺中教育大學,博士班,0,15,16,6
107,公立,技專校院,0042,國立澎湖科技大學,學士班(日間),4,0,0,0
107,公立,技專校院,0042,國立澎湖科技大學,碩士班(日間),0,4,8,5
107,公立,技專校院,0043,國立勤益科技大學,學士班(日間),363,3,15,2
107,公立,技專校院,0043,國立勤益科技大學,學士班(進修),3,0,0,0
107,公立,技專校院,0043,國立勤益科技大學,碩士班(日間),27,30,7,5
107,公立,技專校院,0043,國立勤益科技大學,碩士在職專班,2,2,0,0
107,公立,一般大學,0044,國立體育大學,學士班(日間),860,3,3,3
107,公立,一般大學,0044,國立體育大學,碩士班(日間),107,31,31,21
107,公立,一般大學,0044,國立體育大學,碩士在職專班,2,0,0,0
107,公立,一般大學,0044,國立體育大學,博士班,13,50,50,27
107,公立,技專校院,0046,國立臺北護理健康大學,學士班(日間),55,0,0,14
107,公立,技專校院,0046,國立臺北護理健康大學,碩士班(日間),6,24,21,20
107,公立,技專校院,0046,國立臺北護理健康大學,博士班,0,11,11,4
107,公立,技專校院,0047,國立高雄餐旅大學,五專,10,0,0,0
107,公立,技專校院,0047,國立高雄餐旅大學,學士班(日間),64,0,0,0
107,公立,技專校院,0047,國立高雄餐旅大學,學士班(進修),18,0,0,0
107,公立,技專校院,0047,國立高雄餐旅大學,碩士班(日間),0,13,3,3
107,公立,技專校院,0047,國立高雄餐旅大學,博士班,0,9,8,7
107,公立,一般大學,0048,國立金門大學,學士班(日間),14,0,0,1
107,公立,一般大學,0048,國立金門大學,碩士班(日間),0,0,0,3
107,公立,一般大學,0049,國立臺灣體育運動大學,學士班(日間),386,2,8,0
107,公立,一般大學,0049,國立臺灣體育運動大學,學士班(進修),7,0,0,0
107,公立,一般大學,0049,國立臺灣體育運動大學,碩士班(日間),56,24,24,11
107,公立,一般大學,0049,國立臺灣體育運動大學,碩士在職專班,1,1,1,0
107,公立,技專校院,0050,國立臺中科技大學,五專,41,0,0,5
107,公立,技專校院,0050,國立臺中科技大學,學士班(日間),156,8,47,26
107,公立,技專校院,0050,國立臺中科技大學,學士班(進修),20,0,0,0
107,公立,技專校院,0050,國立臺中科技大學,碩士班(日間),0,3,3,8
107,公立,技專校院,0050,國立臺中科技大學,碩士在職專班,0,3,3,16
107,公立,技專校院,0051,國立臺北商業大學,五專,8,0,0,0
107,公立,技專校院,0051,國立臺北商業大學,學士班(日間),40,0,0,0
107,公立,技專校院,0051,國立臺北商業大學,碩士班(日間),2,24,24,12
107,公立,技專校院,0051,國立臺北商業大學,碩士在職專班,0,9,9,0
107,公立,一般大學,0052,國立屏東大學,學士班(日間),288,34,305,151
107,公立,一般大學,0052,國立屏東大學,學士班(進修),3,0,0,0
107,公立,一般大學,0052,國立屏東大學,碩士班(日間),33,82,96,92
107,公立,一般大學,0052,國立屏東大學,碩士在職專班,0,32,33,70
107,公立,一般大學,0052,國立屏東大學,博士班,0,19,27,0
107,公立,技專校院,0053,國立高雄科技大學,五專,6,0,0,0
107,公立,技專校院,0053,國立高雄科技大學,學士班(日間),448,10,10,12
107,公立,技專校院,0053,國立高雄科技大學,學士班(進修),15,0,0,0
107,公立,技專校院,0053,國立高雄科技大學,碩士班(日間),182,170,175,66
107,公立,技專校院,0053,國立高雄科技大學,博士班,14,52,60,24
107,公立,技專校院,0221,國立臺南護理專科學校,二專(日間),13,0,0,0
107,公立,技專校院,0221,國立臺南護理專科學校,五專,98,0,0,0
107,公立,技專校院,0222,國立臺東專科學校,二專(日間),10,0,0,0
107,公立,技專校院,0222,國立臺東專科學校,五專,3,0,0,0
107,私立,一般大學,1001,東海大學,學士班(日間),495,152,235,2
107,私立,一般大學,1001,東海大學,學士班(進修),48,5,38,0
107,私立,一般大學,1001,東海大學,碩士班(日間),52,99,117,61
107,私立,一般大學,1001,東海大學,碩士在職專班,12,19,22,0
107,私立,一般大學,1001,東海大學,博士班,5,41,41,14
107,私立,一般大學,1002,輔仁大學,學士班(日間),317,45,563,1
107,私立,一般大學,1002,輔仁大學,學士班(進修),22,5,14,1
107,私立,一般大學,1002,輔仁大學,碩士班(日間),5,115,175,15
107,私立,一般大學,1002,輔仁大學,碩士在職專班,0,3,6,0
107,私立,一般大學,1002,輔仁大學,博士班,1,66,68,4
107,私立,一般大學,1003,東吳大學,學士班(日間),274,17,34,4
107,私立,一般大學,1003,東吳大學,碩士班(日間),10,78,85,19
107,私立,一般大學,1003,東吳大學,碩士在職專班,5,24,27,13
107,私立,一般大學,1003,東吳大學,博士班,0,35,35,6
107,私立,一般大學,1004,中原大學,學士班(日間),714,28,87,0
107,私立,一般大學,1004,中原大學,碩士班(日間),62,50,56,81
107,私立,一般大學,1004,中原大學,碩士在職專班,3,12,12,0
107,私立,一般大學,1004,中原大學,博士班,8,45,46,39
107,私立,一般大學,1005,淡江大學學校財團法人淡江大學,學士班(日間),756,5,5,115
107,私立,一般大學,1005,淡江大學學校財團法人淡江大學,學士班(進修),7,0,0,0
107,私立,一般大學,1005,淡江大學學校財團法人淡江大學,碩士班(日間),60,78,81,189
107,私立,一般大學,1005,淡江大學學校財團法人淡江大學,碩士在職專班,1,8,8,45
107,私立,一般大學,1005,淡江大學學校財團法人淡江大學,博士班,18,54,55,83
107,私立,一般大學,1006,中國文化大學,學士班(日間),344,134,1329,1451
107,私立,一般大學,1006,中國文化大學,學士班(進修),4,0,0,0
107,私立,一般大學,1006,中國文化大學,碩士班(日間),24,108,110,305
107,私立,一般大學,1006,中國文化大學,碩士在職專班,0,94,94,72
107,私立,一般大學,1006,中國文化大學,博士班,2,21,20,37
107,私立,一般大學,1007,逢甲大學,學士班(日間),593,29,187,63
107,私立,一般大學,1007,逢甲大學,學士班(進修),5,0,2,0
107,私立,一般大學,1007,逢甲大學,碩士班(日間),86,270,339,144
107,私立,一般大學,1007,逢甲大學,碩士在職專班,0,12,12,0
107,私立,一般大學,1007,逢甲大學,博士班,12,62,96,29
107,私立,一般大學,1008,靜宜大學,學士班(日間),604,43,95,21
107,私立,一般大學,1008,靜宜大學,碩士班(日間),30,102,123,37
107,私立,一般大學,1008,靜宜大學,碩士在職專班,0,5,8,0
107,私立,一般大學,1008,靜宜大學,博士班,0,21,27,0
107,私立,一般大學,1009,長庚大學,學士班(日間),474,15,18,15
107,私立,一般大學,1009,長庚大學,碩士班(日間),32,122,129,118
107,私立,一般大學,1009,長庚大學,碩士在職專班,0,1,1,0
107,私立,一般大學,1009,長庚大學,博士班,1,135,147,94
107,私立,一般大學,1010,元智大學,學士班(日間),373,25,82,1
107,私立,一般大學,1010,元智大學,碩士班(日間),48,146,203,24
107,私立,一般大學,1010,元智大學,碩士在職專班,2,0,1,1
107,私立,一般大學,1010,元智大學,博士班,5,143,180,22
107,私立,一般大學,1011,中華大學學校財團法人中華大學,學士班(日間),133,27,80,12
107,私立,一般大學,1011,中華大學學校財團法人中華大學,學士班(進修),1,1,1,1
107,私立,一般大學,1011,中華大學學校財團法人中華大學,碩士班(日間),0,104,109,23
107,私立,一般大學,1011,中華大學學校財團法人中華大學,碩士在職專班,0,21,21,0
107,私立,一般大學,1011,中華大學學校財團法人中華大學,博士班,0,31,32,11
107,私立,一般大學,1012,大葉大學,學士班(日間),738,64,216,21
107,私立,一般大學,1012,大葉大學,學士班(進修),43,0,0,0
107,私立,一般大學,1012,大葉大學,碩士班(日間),31,188,217,27
107,私立,一般大學,1012,大葉大學,碩士在職專班,0,4,4,0
107,私立,一般大學,1012,大葉大學,博士班,7,43,64,17
107,私立,一般大學,1013,華梵大學,學士班(日間),38,14,291,0
107,私立,一般大學,1013,華梵大學,碩士班(日間),1,8,8,2
107,私立,一般大學,1013,華梵大學,博士班,0,7,7,3
107,私立,一般大學,1014,義守大學,學士班(日間),366,46,88,77
107,私立,一般大學,1014,義守大學,學士班(進修),26,0,0,2
107,私立,一般大學,1014,義守大學,碩士班(日間),11,52,63,63
107,私立,一般大學,1014,義守大學,碩士在職專班,1,0,0,1
107,私立,一般大學,1014,義守大學,博士班,0,30,33,26
107,私立,一般大學,1015,世新大學,學士班(日間),1199,14,347,238
107,私立,一般大學,1015,世新大學,碩士班(日間),19,38,38,15
107,私立,一般大學,1015,世新大學,碩士在職專班,1,13,13,0
107,私立,一般大學,1015,世新大學,博士班,0,48,50,5
107,私立,一般大學,1016,銘傳大學,學士班(日間),1573,187,615,1415
107,私立,一般大學,1016,銘傳大學,碩士班(日間),30,176,186,221
107,私立,一般大學,1016,銘傳大學,碩士在職專班,1,93,96,115
107,私立,一般大學,1016,銘傳大學,博士班,0,8,8,0
107,私立,一般大學,1017,實踐大學,學士班(日間),434,33,255,539
107,私立,一般大學,1017,實踐大學,學士班(進修),8,2,5,0
107,私立,一般大學,1017,實踐大學,碩士班(日間),26,15,36,32
107,私立,一般大學,1017,實踐大學,碩士在職專班,2,2,5,6
107,私立,技專校院,1018,朝陽科技大學,學士班(日間),491,35,171,2
107,私立,技專校院,1018,朝陽科技大學,學士班(進修),3,0,0,0
107,私立,技專校院,1018,朝陽科技大學,碩士班(日間),42,109,160,76
107,私立,技專校院,1018,朝陽科技大學,碩士在職專班,1,4,4,0
107,私立,技專校院,1018,朝陽科技大學,博士班,2,13,16,12
107,私立,一般大學,1019,高雄醫學大學,學士班(日間),432,8,14,11
107,私立,一般大學,1019,高雄醫學大學,碩士班(日間),43,21,25,33
107,私立,一般大學,1019,高雄醫學大學,碩士在職專班,2,1,9,0
107,私立,一般大學,1019,高雄醫學大學,博士班,25,39,38,20
107,私立,一般大學,1020,南華大學,學士班(日間),179,122,623,150
107,私立,一般大學,1020,南華大學,學士班(進修),1,5,15,0
107,私立,一般大學,1020,南華大學,碩士班(日間),8,1,2,26
107,私立,一般大學,1020,南華大學,碩士在職專班,0,0,0,9
107,私立,一般大學,1021,真理大學,學士班(日間),46,47,604,7
107,私立,一般大學,1021,真理大學,碩士班(日間),0,0,0,3
107,私立,一般大學,1022,大同大學,學士班(日間),65,13,44,4
107,私立,一般大學,1022,大同大學,碩士班(日間),27,54,75,33
107,私立,一般大學,1022,大同大學,碩士在職專班,0,2,2,0
107,私立,一般大學,1022,大同大學,博士班,4,25,27,7
107,私立,技專校院,1023,南臺學校財團法人南臺科技大學,五專,21,0,0,0
107,私立,技專校院,1023,南臺學校財團法人南臺科技大學,學士班(日間),1145,0,0,0
107,私立,技專校院,1023,南臺學校財團法人南臺科技大學,學士班(進修),27,0,0,0
107,私立,技專校院,1023,南臺學校財團法人南臺科技大學,碩士班(日間),122,22,22,26
107,私立,技專校院,1023,南臺學校財團法人南臺科技大學,碩士在職專班,1,0,0,4
107,私立,技專校院,1023,南臺學校財團法人南臺科技大學,博士班,46,0,0,0
107,私立,技專校院,1024,崑山科技大學,學士班(日間),557,5,32,0
107,私立,技專校院,1024,崑山科技大學,學士班(進修),52,0,0,0
107,私立,技專校院,1024,崑山科技大學,碩士班(日間),34,54,61,2
107,私立,技專校院,1024,崑山科技大學,碩士在職專班,5,0,0,0
107,私立,技專校院,1024,崑山科技大學,博士班,2,1,1,0
107,私立,技專校院,1025,嘉藥學校財團法人嘉南藥理大學,學士班(日間),352,26,63,0
107,私立,技專校院,1025,嘉藥學校財團法人嘉南藥理大學,學士班(進修),93,0,0,0
107,私立,技專校院,1025,嘉藥學校財團法人嘉南藥理大學,碩士班(日間),0,3,3,5
107,私立,技專校院,1025,嘉藥學校財團法人嘉南藥理大學,碩士在職專班,1,0,0,2
107,私立,技專校院,1026,樹德科技大學,學士班(日間),1021,54,153,51
107,私立,技專校院,1026,樹德科技大學,學士班(進修),41,1,1,0
107,私立,技專校院,1026,樹德科技大學,碩士班(日間),21,39,55,10
107,私立,技專校院,1026,樹德科技大學,碩士在職專班,18,91,92,10
107,私立,技專校院,1026,樹德科技大學,博士班,0,6,6,6
107,私立,一般大學,1027,慈濟學校財團法人慈濟大學,學士班(日間),102,11,19,22
107,私立,一般大學,1027,慈濟學校財團法人慈濟大學,碩士班(日間),13,26,28,19
107,私立,一般大學,1027,慈濟學校財團法人慈濟大學,博士班,0,28,15,30
107,私立,一般大學,1028,臺北醫學大學,學士班(日間),330,45,45,36
107,私立,一般大學,1028,臺北醫學大學,學士班(進修),1,0,0,0
107,私立,一般大學,1028,臺北醫學大學,碩士班(日間),42,87,87,191
107,私立,一般大學,1028,臺北醫學大學,碩士在職專班,0,7,7,8
107,私立,一般大學,1028,臺北醫學大學,博士班,26,126,126,143
107,私立,一般大學,1029,中山醫學大學,學士班(日間),387,16,55,5
107,私立,一般大學,1029,中山醫學大學,碩士班(日間),43,84,109,22
107,私立,一般大學,1029,中山醫學大學,碩士在職專班,3,6,6,0
107,私立,一般大學,1029,中山醫學大學,博士班,1,32,36,6
107,私立,技專校院,1030,龍華科技大學,五專,38,0,0,0
107,私立,技專校院,1030,龍華科技大學,學士班(日間),356,0,0,0
107,私立,技專校院,1030,龍華科技大學,學士班(進修),48,0,0,0
107,私立,技專校院,1030,龍華科技大學,碩士班(日間),0,29,22,15
107,私立,技專校院,1030,龍華科技大學,碩士在職專班,1,0,0,0
107,私立,技專校院,1031,輔英科技大學,五專,6,0,0,0
107,私立,技專校院,1031,輔英科技大學,學士班(日間),26,3,3,0
107,私立,技專校院,1031,輔英科技大學,碩士班(日間),0,4,4,0
107,私立,技專校院,1032,明新學校財團法人明新科技大學,學士班(日間),68,16,38,29
107,私立,技專校院,1032,明新學校財團法人明新科技大學,學士班(進修),0,1,4,1
107,私立,技專校院,1032,明新學校財團法人明新科技大學,碩士班(日間),0,9,17,23
107,私立,一般大學,1033,長榮大學,學士班(日間),334,26,55,131
107,私立,一般大學,1033,長榮大學,學士班(進修),2,0,0,0
107,私立,一般大學,1033,長榮大學,碩士班(日間),8,16,17,28
107,私立,一般大學,1033,長榮大學,碩士在職專班,1,1,1,9
107,私立,一般大學,1033,長榮大學,博士班,0,7,7,10
107,私立,技專校院,1034,弘光科技大學,五專,1,0,0,0
107,私立,技專校院,1034,弘光科技大學,學士班(日間),292,16,43,11
107,私立,技專校院,1034,弘光科技大學,學士班(進修),13,0,0,0
107,私立,技專校院,1034,弘光科技大學,碩士班(日間),20,47,53,18
107,私立,技專校院,1034,弘光科技大學,碩士在職專班,3,4,4,4
107,私立,技專校院,1034,弘光科技大學,博士班,0,7,7,6
107,私立,一般大學,1035,中國醫藥大學,學士班(日間),290,81,162,86
107,私立,一般大學,1035,中國醫藥大學,碩士班(日間),7,112,142,70
107,私立,一般大學,1035,中國醫藥大學,碩士在職專班,0,14,15,12
107,私立,一般大學,1035,中國醫藥大學,博士班,2,178,197,67
107,私立,技專校院,1036,健行學校財團法人健行科技大學,學士班(日間),331,11,33,0
107,私立,技專校院,1036,健行學校財團法人健行科技大學,學士班(進修),13,0,0,0
107,私立,技專校院,1036,健行學校財團法人健行科技大學,碩士班(日間),8,98,99,0
107,私立,技專校院,1036,健行學校財團法人健行科技大學,碩士在職專班,0,11,12,0
107,私立,技專校院,1037,正修學校財團法人正修科技大學,學士班(日間),279,0,0,0
107,私立,技專校院,1037,正修學校財團法人正修科技大學,學士班(進修),4,0,0,0
107,私立,技專校院,1037,正修學校財團法人正修科技大學,碩士班(日間),27,1,1,0
107,私立,技專校院,1037,正修學校財團法人正修科技大學,碩士在職專班,0,0,0,5
107,私立,技專校院,1038,萬能學校財團法人萬能科技大學,學士班(日間),265,0,0,0
107,私立,技專校院,1038,萬能學校財團法人萬能科技大學,學士班(進修),11,0,0,0
107,私立,技專校院,1038,萬能學校財團法人萬能科技大學,碩士班(日間),19,0,0,0
107,私立,一般大學,1039,玄奘大學,學士班(日間),93,61,355,344
107,私立,一般大學,1039,玄奘大學,學士班(進修),1,0,0,0
107,私立,一般大學,1039,玄奘大學,碩士班(日間),8,10,22,26
107,私立,一般大學,1039,玄奘大學,碩士在職專班,0,0,0,8
107,私立,技專校院,1040,建國科技大學,學士班(日間),234,2,2,0
107,私立,技專校院,1040,建國科技大學,碩士班(日間),5,0,0,0
107,私立,技專校院,1041,明志科技大學,學士班(日間),76,128,248,0
107,私立,技專校院,1041,明志科技大學,學士班(進修),0,1,3,0
107,私立,技專校院,1041,明志科技大學,碩士班(日間),29,507,727,97
107,私立,技專校院,1041,明志科技大學,碩士在職專班,0,17,18,0
107,私立,技專校院,1041,明志科技大學,博士班,2,5,5,1
107,私立,技專校院,1042,高苑科技大學,學士班(日間),441,0,0,0
107,私立,技專校院,1042,高苑科技大學,學士班(進修),7,0,0,0
107,私立,技專校院,1042,高苑科技大學,碩士班(日間),21,0,0,0
107,私立,技專校院,1043,大仁科技大學,學士班(日間),64,0,0,0
107,私立,技專校院,1043,大仁科技大學,學士班(進修),6,0,0,0
107,私立,技專校院,1044,聖約翰科技大學,學士班(日間),54,2,31,9
107,私立,技專校院,1044,聖約翰科技大學,碩士班(日間),0,1,1,1
107,私立,技專校院,1045,嶺東科技大學,學士班(日間),321,2,7,0
107,私立,技專校院,1045,嶺東科技大學,學士班(進修),23,0,0,0
107,私立,技專校院,1045,嶺東科技大學,碩士班(日間),21,1,1,0
107,私立,技專校院,1046,中國科技大學,學士班(日間),754,26,676,0
107,私立,技專校院,1046,中國科技大學,學士班(進修),2,1,3,0
107,私立,技專校院,1046,中國科技大學,碩士班(日間),3,24,30,1
107,私立,技專校院,1046,中國科技大學,碩士在職專班,2,14,14,0
107,私立,技專校院,1047,中臺科技大學,學士班(日間),207,22,111,17
107,私立,技專校院,1047,中臺科技大學,學士班(進修),9,0,0,0
107,私立,技專校院,1047,中臺科技大學,碩士班(日間),8,16,16,10
107,私立,技專校院,1047,中臺科技大學,碩士在職專班,6,39,39,21
107,私立,一般大學,1048,亞洲大學,學士班(日間),275,40,47,109
107,私立,一般大學,1048,亞洲大學,碩士班(日間),16,9,14,21
107,私立,一般大學,1048,亞洲大學,碩士在職專班,5,21,21,0
107,私立,一般大學,1048,亞洲大學,博士班,2,1,1,1
107,私立,一般大學,1049,開南大學,學士班(日間),35,0,0,0
107,私立,一般大學,1049,開南大學,碩士班(日間),0,7,7,3
107,私立,一般大學,1050,佛光大學,學士班(日間),280,14,15,22
107,私立,一般大學,1050,佛光大學,碩士班(日間),2,11,11,40
107,私立,一般大學,1050,佛光大學,碩士在職專班,0,3,3,0
107,私立,一般大學,1050,佛光大學,博士班,0,1,1,20
107,私立,技專校院,1051,台南家專學校財團法人台南應用科技大學,五專,179,8,217,0
107,私立,技專校院,1051,台南家專學校財團法人台南應用科技大學,學士班(日間),997,74,374,3
107,私立,技專校院,1051,台南家專學校財團法人台南應用科技大學,學士班(進修),57,3,6,0
107,私立,技專校院,1051,台南家專學校財團法人台南應用科技大學,碩士班(日間),4,14,15,0
107,私立,技專校院,1051,台南家專學校財團法人台南應用科技大學,碩士在職專班,1,4,4,0
107,私立,技專校院,1052,遠東科技大學,學士班(日間),388,18,24,1
107,私立,技專校院,1052,遠東科技大學,學士班(進修),5,0,0,0
107,私立,技專校院,1052,遠東科技大學,碩士班(日間),9,14,16,5
107,私立,技專校院,1053,光宇學校財團法人元培醫事科技大學,學士班(日間),78,2,2,1
107,私立,技專校院,1053,光宇學校財團法人元培醫事科技大學,學士班(進修),4,0,0,0
107,私立,技專校院,1054,景文科技大學,學士班(日間),217,0,0,0
107,私立,技專校院,1055,中華醫事科技大學,五專,45,0,0,0
107,私立,技專校院,1055,中華醫事科技大學,學士班(日間),110,2,5,0
107,私立,技專校院,1055,中華醫事科技大學,碩士班(日間),0,1,1,0
107,私立,技專校院,1056,東南科技大學,學士班(日間),323,18,141,0
107,私立,技專校院,1056,東南科技大學,碩士班(日間),0,10,12,2
107,私立,技專校院,1057,德明財經科技大學,學士班(日間),519,0,0,0
107,私立,技專校院,1057,德明財經科技大學,碩士班(日間),0,1,1,1
107,私立,技專校院,1057,德明財經科技大學,碩士在職專班,0,1,1,0
107,私立,一般大學,1058,明道學校財團法人明道大學,學士班(日間),39,0,0,2
107,私立,一般大學,1058,明道學校財團法人明道大學,學士班(進修),1,0,0,1
107,私立,一般大學,1058,明道學校財團法人明道大學,碩士班(日間),2,2,2,2
107,私立,一般大學,1058,明道學校財團法人明道大學,碩士在職專班,0,0,0,2
107,私立,技專校院,1060,南開科技大學,五專,35,0,0,0
107,私立,技專校院,1060,南開科技大學,學士班(日間),125,0,0,0
107,私立,技專校院,1060,南開科技大學,學士班(進修),7,0,0,0
107,私立,技專校院,1060,南開科技大學,碩士在職專班,1,0,0,0
107,私立,技專校院,1061,中華學校財團法人中華科技大學,學士班(日間),12,2,6,0
107,私立,技專校院,1061,中華學校財團法人中華科技大學,學士班(進修),4,0,0,0
107,私立,技專校院,1062,僑光科技大學,學士班(日間),284,6,31,0
107,私立,技專校院,1062,僑光科技大學,學士班(進修),44,0,0,0
107,私立,技專校院,1062,僑光科技大學,碩士班(日間),4,11,11,0
107,私立,技專校院,1062,僑光科技大學,碩士在職專班,0,18,18,0
107,私立,技專校院,1063,廣亞學校財團法人育達科技大學,學士班(日間),192,0,0,0
107,私立,技專校院,1063,廣亞學校財團法人育達科技大學,學士班(進修),11,0,0,0
107,私立,技專校院,1063,廣亞學校財團法人育達科技大學,碩士班(日間),9,0,0,0
107,私立,技專校院,1064,美和學校財團法人美和科技大學,五專,38,0,0,0
107,私立,技專校院,1064,美和學校財團法人美和科技大學,學士班(日間),127,0,0,1
107,私立,技專校院,1064,美和學校財團法人美和科技大學,學士班(進修),47,0,0,0
107,私立,技專校院,1064,美和學校財團法人美和科技大學,碩士班(日間),2,0,0,0
107,私立,技專校院,1065,吳鳳科技大學,學士班(日間),73,0,0,0
107,私立,技專校院,1065,吳鳳科技大學,學士班(進修),1,0,0,0
107,私立,技專校院,1066,環球學校財團法人環球科技大學,學士班(日間),205,3,3,0
107,私立,技專校院,1066,環球學校財團法人環球科技大學,碩士班(日間),3,26,36,27
107,私立,技專校院,1066,環球學校財團法人環球科技大學,碩士在職專班,1,0,0,0
107,私立,一般大學,1067,台灣首府學校財團法人台灣首府大學,學士班(日間),11,0,0,0
107,私立,一般大學,1067,台灣首府學校財團法人台灣首府大學,學士班(進修),28,0,0,0
107,私立,一般大學,1067,台灣首府學校財團法人台灣首府大學,碩士班(日間),7,0,0,0
107,私立,技專校院,1068,中州學校財團法人中州科技大學,學士班(日間),61,0,0,0
107,私立,技專校院,1068,中州學校財團法人中州科技大學,學士班(進修),12,0,0,0
107,私立,技專校院,1069,修平學校財團法人修平科技大學,學士班(日間),105,4,5,0
107,私立,技專校院,1070,長庚學校財團法人長庚科技大學,五專,5,0,0,0
107,私立,技專校院,1070,長庚學校財團法人長庚科技大學,學士班(日間),232,0,0,0
107,私立,技專校院,1070,長庚學校財團法人長庚科技大學,學士班(進修),34,0,0,0
107,私立,技專校院,1070,長庚學校財團法人長庚科技大學,碩士班(日間),0,1,1,0
107,私立,技專校院,1070,長庚學校財團法人長庚科技大學,碩士在職專班,2,8,9,2
107,私立,技專校院,1071,城市學校財團法人臺北城市科技大學,五專,98,2,1,0
107,私立,技專校院,1071,城市學校財團法人臺北城市科技大學,學士班(日間),801,12,87,0
107,私立,技專校院,1071,城市學校財團法人臺北城市科技大學,學士班(進修),8,2,5,0
107,私立,技專校院,1071,城市學校財團法人臺北城市科技大學,碩士班(日間),32,0,0,0
107,私立,技專校院,1072,大華學校財團法人敏實科技大學,五專,8,0,0,0
107,私立,技專校院,1072,大華學校財團法人敏實科技大學,學士班(日間),23,0,0,0
107,私立,技專校院,1072,大華學校財團法人敏實科技大學,學士班(進修),2,0,0,0
107,私立,技專校院,1073,醒吾學校財團法人醒吾科技大學,五專,26,0,0,0
107,私立,技專校院,1073,醒吾學校財團法人醒吾科技大學,學士班(日間),148,2,125,0
107,私立,技專校院,1075,文藻學校財團法人文藻外語大學,五專,228,0,0,0
107,私立,技專校院,1075,文藻學校財團法人文藻外語大學,學士班(日間),272,0,0,17
107,私立,技專校院,1075,文藻學校財團法人文藻外語大學,學士班(進修),1,0,0,0
107,私立,技專校院,1075,文藻學校財團法人文藻外語大學,碩士班(日間),0,0,0,21
107,私立,技專校院,1075,文藻學校財團法人文藻外語大學,碩士在職專班,1,0,0,0
107,私立,技專校院,1076,華夏學校財團法人華夏科技大學,二專(進修),2,0,0,0
107,私立,技專校院,1076,華夏學校財團法人華夏科技大學,五專,22,0,0,0
107,私立,技專校院,1076,華夏學校財團法人華夏科技大學,學士班(日間),166,0,0,0
107,私立,技專校院,1076,華夏學校財團法人華夏科技大學,學士班(進修),9,0,0,0
107,私立,技專校院,1076,華夏學校財團法人華夏科技大學,碩士在職專班,0,6,6,6
107,私立,技專校院,1077,慈濟學校財團法人慈濟科技大學,五專,11,0,0,0
107,私立,技專校院,1077,慈濟學校財團法人慈濟科技大學,學士班(日間),37,2,4,0
107,私立,技專校院,1077,慈濟學校財團法人慈濟科技大學,碩士班(日間),1,9,9,1
107,私立,技專校院,1078,致理學校財團法人致理科技大學,五專,151,1,5,0
107,私立,技專校院,1078,致理學校財團法人致理科技大學,學士班(日間),1232,91,229,0
107,私立,技專校院,1078,致理學校財團法人致理科技大學,學士班(進修),25,0,0,0
107,私立,技專校院,1078,致理學校財團法人致理科技大學,碩士班(日間),5,10,11,0
107,私立,技專校院,1078,致理學校財團法人致理科技大學,碩士在職專班,0,9,9,0
107,私立,一般大學,1079,康寧學校財團法人康寧大學,五專,117,0,0,0
107,私立,一般大學,1079,康寧學校財團法人康寧大學,碩士班(日間),0,1,1,0
107,私立,技專校院,1080,宏國學校財團法人宏國德霖科技大學,五專,110,0,0,0
107,私立,技專校院,1080,宏國學校財團法人宏國德霖科技大學,學士班(日間),612,0,0,0
107,私立,技專校院,1080,宏國學校財團法人宏國德霖科技大學,學士班(進修),52,0,0,0
107,私立,技專校院,1081,東方學校財團法人東方設計大學,五專,7,0,0,0
107,私立,技專校院,1081,東方學校財團法人東方設計大學,學士班(日間),2,0,0,0
107,私立,技專校院,1081,東方學校財團法人東方設計大學,學士班(進修),14,0,0,0
107,私立,技專校院,1081,東方學校財團法人東方設計大學,博士班,8,2,2,2
107,私立,技專校院,1082,崇右學校財團法人崇右影藝科技大學,學士班(日間),127,35,587,0
107,私立,技專校院,1082,崇右學校財團法人崇右影藝科技大學,碩士班(日間),0,8,8,0
107,私立,技專校院,1083,台北海洋學校財團法人台北海洋科技大學,五專,79,0,0,0
107,私立,技專校院,1083,台北海洋學校財團法人台北海洋科技大學,學士班(日間),192,0,0,0
107,私立,技專校院,1083,台北海洋學校財團法人台北海洋科技大學,碩士班(日間),4,0,0,0
107,私立,一般大學,1125,中信學校財團法人中信金融管理學院,學士班(日間),46,0,0,0
107,私立,技專校院,1148,大漢技術學院,學士班(日間),2,0,0,0
107,私立,技專校院,1148,大漢技術學院,學士班(進修),1,0,0,0
107,私立,技專校院,1159,和春技術學院,學士班(日間),58,0,5,0
107,私立,技專校院,1166,亞東技術學院,學士班(日間),183,6,16,0
107,私立,技專校院,1166,亞東技術學院,碩士班(日間),5,1,1,0
107,私立,技專校院,1168,南亞科技學校財團法人南亞技術學院,學士班(日間),72,1,1,0
107,私立,一般大學,1176,稻江科技暨管理學院,學士班(日間),28,0,0,0
107,私立,一般大學,1176,稻江科技暨管理學院,碩士班(日間),1,0,0,0
107,私立,技專校院,1182,蘭陽技術學院,五專,20,0,0,0
107,私立,技專校院,1183,黎明技術學院,五專,38,0,0,0
107,私立,技專校院,1183,黎明技術學院,學士班(日間),446,0,0,0
107,私立,技專校院,1183,黎明技術學院,學士班(進修),12,0,0,0
107,私立,技專校院,1185,經國管理暨健康學院,五專,8,0,0,0
107,私立,技專校院,1185,經國管理暨健康學院,學士班(日間),48,0,0,0
107,私立,技專校院,1188,大同技術學院,學士班(日間),57,0,0,0
107,私立,技專校院,1188,大同技術學院,學士班(進修),2,0,0,0
107,私立,技專校院,1192,臺灣觀光學院,學士班(日間),5,0,0,0
107,私立,一般大學,1195,馬偕學校財團法人馬偕醫學院,學士班(日間),0,0,0,2
107,私立,一般大學,1195,馬偕學校財團法人馬偕醫學院,碩士班(日間),0,5,7,15
107,私立,一般大學,1196,法鼓學校財團法人法鼓文理學院,碩士班(日間),1,5,5,8
107,私立,一般大學,1196,法鼓學校財團法人法鼓文理學院,博士班,0,6,6,4
107,私立,技專校院,1282,馬偕學校財團法人馬偕醫護管理專科學校,五專,121,8,23,21
107,私立,技專校院,1283,仁德醫護管理專科學校,五專,42,0,0,0
107,私立,技專校院,1284,樹人醫護管理專科學校,五專,137,37,132,0
107,私立,技專校院,1285,慈惠醫護管理專科學校,二專(日間),3,0,0,0
107,私立,技專校院,1285,慈惠醫護管理專科學校,五專,182,0,0,0
107,私立,技專校院,1286,耕莘健康管理專科學校,五專,105,7,27,0
107,私立,技專校院,1287,敏惠醫護管理專科學校,五專,196,0,0,0
107,私立,技專校院,1289,育英醫護管理專科學校,五專,145,0,0,0
107,私立,技專校院,1291,聖母醫護管理專科學校,五專,173,0,0,0
107,私立,技專校院,1292,新生醫護管理專科學校,五專,8,0,0,0
107,私立,技專校院,1293,崇仁醫護管理專科學校,五專,290,9,26,0
107,私立,宗教研修學院,1R06,一貫道崇德學院,碩士班(日間),0,5,5,94
107,公立,一般大學,3002,臺北市立大學,學士班(日間),505,506,506,0
107,公立,一般大學,3002,臺北市立大學,碩士班(日間),44,8,8,5
107,公立,一般大學,3002,臺北市立大學,碩士在職專班,2,2,2,2
107,公立,一般大學,3002,臺北市立大學,博士班,8,8,8,8
108,公立,一般大學,0001,國立政治大學,學士班(日間),169,0,0,30
108,公立,一般大學,0001,國立政治大學,碩士班(日間),22,17,14,0
108,公立,一般大學,0001,國立政治大學,碩士在職專班,1,0,0,0
108,公立,一般大學,0001,國立政治大學,博士班,0,35,27,1
108,公立,一般大學,0002,國立清華大學,學士班(日間),236,4,109,6
108,公立,一般大學,0002,國立清華大學,碩士班(日間),163,163,320,290
108,公立,一般大學,0002,國立清華大學,碩士在職專班,1,7,7,2
108,公立,一般大學,0002,國立清華大學,博士班,76,164,350,229
108,公立,一般大學,0003,國立臺灣大學,學士班(日間),161,29,37,22
108,公立,一般大學,0003,國立臺灣大學,碩士班(日間),145,217,281,630
108,公立,一般大學,0003,國立臺灣大學,碩士在職專班,0,4,4,1
108,公立,一般大學,0003,國立臺灣大學,博士班,58,469,554,359
108,公立,一般大學,0004,國立臺灣師範大學,學士班(日間),0,14,18,9
108,公立,一般大學,0004,國立臺灣師範大學,碩士班(日間),0,167,182,226
108,公立,一般大學,0004,國立臺灣師範大學,碩士在職專班,0,18,15,65
108,公立,一般大學,0004,國立臺灣師範大學,博士班,0,57,59,81
108,公立,一般大學,0005,國立成功大學,學士班(日間),228,32,54,190
108,公立,一般大學,0005,國立成功大學,碩士班(日間),198,348,388,385
108,公立,一般大學,0005,國立成功大學,碩士在職專班,11,2,2,29
108,公立,一般大學,0005,國立成功大學,博士班,69,408,454,309
108,公立,一般大學,0006,國立中興大學,學士班(日間),91,14,14,34
108,公立,一般大學,0006,國立中興大學,學士班(進修),14,0,0,6
108,公立,一般大學,0006,國立中興大學,碩士班(日間),13,91,97,175
108,公立,一般大學,0006,國立中興大學,碩士在職專班,0,2,2,5
108,公立,一般大學,0006,國立中興大學,博士班,14,112,120,55
108,公立,一般大學,0007,國立陽明交通大學,學士班(日間),102,0,0,2
108,公立,一般大學,0007,國立陽明交通大學,碩士班(日間),153,149,203,142
108,公立,一般大學,0007,國立陽明交通大學,碩士在職專班,0,0,0,8
108,公立,一般大學,0007,國立陽明交通大學,博士班,56,214,244,132
108,公立,一般大學,0008,國立中央大學,學士班(日間),174,21,21,8
108,公立,一般大學,0008,國立中央大學,碩士班(日間),86,150,150,77
108,公立,一般大學,0008,國立中央大學,碩士在職專班,1,0,0,0
108,公立,一般大學,0008,國立中央大學,博士班,90,145,145,84
108,公立,一般大學,0009,國立中山大學,學士班(日間),15,16,308,2
108,公立,一般大學,0009,國立中山大學,碩士班(日間),24,28,58,41
108,公立,一般大學,0009,國立中山大學,碩士在職專班,5,0,0,0
108,公立,一般大學,0009,國立中山大學,博士班,14,66,119,30
108,公立,一般大學,0012,國立臺灣海洋大學,學士班(日間),56,1,7,8
108,公立,一般大學,0012,國立臺灣海洋大學,碩士班(日間),13,97,114,102
108,公立,一般大學,0012,國立臺灣海洋大學,碩士在職專班,0,0,0,3
108,公立,一般大學,0012,國立臺灣海洋大學,博士班,10,43,27,23
108,公立,一般大學,0013,國立中正大學,學士班(日間),257,7,15,79
108,公立,一般大學,0013,國立中正大學,碩士班(日間),56,113,142,153
108,公立,一般大學,0013,國立中正大學,碩士在職專班,14,0,0,40
108,公立,一般大學,0013,國立中正大學,博士班,18,94,89,58
108,公立,一般大學,0014,國立高雄師範大學,學士班(日間),92,9,154,23
108,公立,一般大學,0014,國立高雄師範大學,碩士班(日間),16,53,65,42
108,公立,一般大學,0014,國立高雄師範大學,碩士在職專班,7,19,11,2
108,公立,一般大學,0014,國立高雄師範大學,博士班,0,51,38,15
108,公立,一般大學,0015,國立彰化師範大學,學士班(日間),269,7,36,0
108,公立,一般大學,0015,國立彰化師範大學,碩士班(日間),65,136,184,63
108,公立,一般大學,0015,國立彰化師範大學,博士班,0,26,73,35
108,公立,一般大學,0016,國立陽明大學,學士班(日間),6,0,0,6
108,公立,一般大學,0016,國立陽明大學,碩士班(日間),1,0,0,20
108,公立,一般大學,0016,國立陽明大學,博士班,0,6,6,35
108,公立,一般大學,0017,國立臺北大學,學士班(日間),220,23,63,15
108,公立,一般大學,0017,國立臺北大學,學士班(進修),1,0,0,0
108,公立,一般大學,0017,國立臺北大學,碩士班(日間),59,0,0,15
108,公立,一般大學,0017,國立臺北大學,博士班,0,0,0,8
108,公立,一般大學,0018,國立嘉義大學,學士班(日間),255,42,56,24
108,公立,一般大學,0018,國立嘉義大學,學士班(進修),61,2,3,0
108,公立,一般大學,0018,國立嘉義大學,碩士班(日間),59,81,84,50
108,公立,一般大學,0018,國立嘉義大學,碩士在職專班,2,13,13,21
108,公立,一般大學,0018,國立嘉義大學,博士班,1,34,40,28
108,公立,一般大學,0019,國立高雄大學,學士班(日間),91,0,1,115
108,公立,一般大學,0019,國立高雄大學,學士班(進修),0,0,0,9
108,公立,一般大學,0019,國立高雄大學,碩士班(日間),3,10,13,59
108,公立,一般大學,0019,國立高雄大學,碩士在職專班,0,7,7,4
108,公立,一般大學,0019,國立高雄大學,博士班,0,0,0,4
108,公立,一般大學,0020,國立東華大學,學士班(日間),35,15,411,79
108,公立,一般大學,0020,國立東華大學,碩士班(日間),24,74,82,38
108,公立,一般大學,0020,國立東華大學,博士班,3,26,25,18
108,公立,一般大學,0021,國立暨南國際大學,學士班(日間),37,0,0,0
108,公立,一般大學,0021,國立暨南國際大學,碩士班(日間),4,25,29,19
108,公立,一般大學,0021,國立暨南國際大學,博士班,0,21,24,10
108,公立,技專校院,0022,國立臺灣科技大學,學士班(日間),108,0,0,4
108,公立,技專校院,0022,國立臺灣科技大學,碩士班(日間),96,10,22,54
108,公立,技專校院,0022,國立臺灣科技大學,博士班,16,10,9,13
108,公立,技專校院,0023,國立雲林科技大學,學士班(日間),243,15,113,0
108,公立,技專校院,0023,國立雲林科技大學,碩士班(日間),106,271,363,21
108,公立,技專校院,0023,國立雲林科技大學,碩士在職專班,3,5,5,0
108,公立,技專校院,0023,國立雲林科技大學,博士班,3,114,85,16
108,公立,技專校院,0024,國立屏東科技大學,學士班(日間),337,18,45,18
108,公立,技專校院,0024,國立屏東科技大學,學士班(進修),90,0,0,0
108,公立,技專校院,0024,國立屏東科技大學,碩士班(日間),60,161,165,35
108,公立,技專校院,0024,國立屏東科技大學,碩士在職專班,2,16,16,0
108,公立,技專校院,0024,國立屏東科技大學,博士班,6,34,33,12
108,公立,技專校院,0025,國立臺北科技大學,五專,0,0,0,3
108,公立,技專校院,0025,國立臺北科技大學,學士班(日間),98,44,68,53
108,公立,技專校院,0025,國立臺北科技大學,學士班(進修),3,0,0,0
108,公立,技專校院,0025,國立臺北科技大學,碩士班(日間),92,181,217,159
108,公立,技專校院,0025,國立臺北科技大學,碩士在職專班,1,6,6,0
108,公立,技專校院,0025,國立臺北科技大學,博士班,7,42,25,33
108,公立,一般大學,0028,國立臺北藝術大學,學士班(日間),38,204,908,4
108,公立,一般大學,0028,國立臺北藝術大學,碩士班(日間),27,99,302,157
108,公立,一般大學,0028,國立臺北藝術大學,碩士在職專班,0,15,20,0
108,公立,一般大學,0028,國立臺北藝術大學,博士班,0,31,26,47
108,公立,一般大學,0029,國立臺灣藝術大學,學士班(日間),131,29,308,0
108,公立,一般大學,0029,國立臺灣藝術大學,學士班(進修),36,2,6,0
108,公立,一般大學,0029,國立臺灣藝術大學,碩士班(日間),42,98,103,33
108,公立,一般大學,0029,國立臺灣藝術大學,碩士在職專班,10,40,42,3
108,公立,一般大學,0029,國立臺灣藝術大學,博士班,3,59,59,29
108,公立,一般大學,0030,國立臺東大學,學士班(日間),246,12,42,7
108,公立,一般大學,0030,國立臺東大學,學士班(進修),0,1,1,0
108,公立,一般大學,0030,國立臺東大學,碩士班(日間),2,16,18,1
108,公立,一般大學,0030,國立臺東大學,碩士在職專班,0,20,20,0
108,公立,一般大學,0031,國立宜蘭大學,學士班(日間),47,43,60,1
108,公立,一般大學,0031,國立宜蘭大學,學士班(進修),0,2,2,0
108,公立,一般大學,0031,國立宜蘭大學,碩士班(日間),7,81,96,15
108,公立,一般大學,0031,國立宜蘭大學,博士班,0,2,2,0
108,公立,一般大學,0032,國立聯合大學,學士班(日間),128,66,229,29
108,公立,一般大學,0032,國立聯合大學,碩士班(日間),15,45,66,24
108,公立,一般大學,0032,國立聯合大學,博士班,0,0,0,1
108,公立,技專校院,0033,國立虎尾科技大學,學士班(日間),166,1,5,4
108,公立,技專校院,0033,國立虎尾科技大學,碩士班(日間),10,34,43,30
108,公立,技專校院,0033,國立虎尾科技大學,博士班,0,1,1,1
108,公立,一般大學,0035,國立臺南藝術大學,學士班(日間),41,1,66,0
108,公立,一般大學,0035,國立臺南藝術大學,碩士班(日間),48,14,106,2
108,公立,一般大學,0035,國立臺南藝術大學,博士班,20,9,9,0
108,公立,一般大學,0036,國立臺南大學,學士班(日間),48,16,261,8
108,公立,一般大學,0036,國立臺南大學,碩士班(日間),31,55,88,59
108,公立,一般大學,0036,國立臺南大學,碩士在職專班,0,6,6,0
108,公立,一般大學,0036,國立臺南大學,博士班,0,28,28,50
108,公立,一般大學,0037,國立臺北教育大學,學士班(日間),178,5,83,0
108,公立,一般大學,0037,國立臺北教育大學,碩士班(日間),40,20,30,26
108,公立,一般大學,0037,國立臺北教育大學,碩士在職專班,4,18,18,20
108,公立,一般大學,0037,國立臺北教育大學,博士班,0,19,58,43
108,公立,一般大學,0039,國立臺中教育大學,學士班(日間),139,0,0,14
108,公立,一般大學,0039,國立臺中教育大學,碩士班(日間),14,64,81,49
108,公立,一般大學,0039,國立臺中教育大學,碩士在職專班,3,27,29,49
108,公立,一般大學,0039,國立臺中教育大學,博士班,0,7,8,15
108,公立,技專校院,0042,國立澎湖科技大學,學士班(日間),0,5,5,0
108,公立,技專校院,0043,國立勤益科技大學,學士班(日間),153,28,29,4
108,公立,技專校院,0043,國立勤益科技大學,學士班(進修),2,0,0,0
108,公立,技專校院,0043,國立勤益科技大學,碩士班(日間),26,15,15,10
108,公立,一般大學,0044,國立體育大學,學士班(日間),507,4,4,4
108,公立,一般大學,0044,國立體育大學,碩士班(日間),28,17,17,21
108,公立,一般大學,0044,國立體育大學,博士班,0,8,8,6
108,公立,技專校院,0046,國立臺北護理健康大學,學士班(日間),105,0,0,21
108,公立,技專校院,0046,國立臺北護理健康大學,碩士班(日間),3,22,26,15
108,公立,技專校院,0046,國立臺北護理健康大學,博士班,1,8,3,4
108,公立,技專校院,0047,國立高雄餐旅大學,學士班(日間),91,0,0,0
108,公立,技專校院,0047,國立高雄餐旅大學,學士班(進修),24,0,0,0
108,公立,技專校院,0047,國立高雄餐旅大學,碩士班(日間),13,16,16,17
108,公立,技專校院,0047,國立高雄餐旅大學,碩士在職專班,3,0,0,0
108,公立,技專校院,0047,國立高雄餐旅大學,博士班,0,2,2,2
108,公立,一般大學,0048,國立金門大學,學士班(日間),28,1,1,0
108,公立,一般大學,0048,國立金門大學,碩士班(日間),4,10,10,10
108,公立,一般大學,0048,國立金門大學,碩士在職專班,0,9,9,0
108,公立,一般大學,0049,國立臺灣體育運動大學,學士班(日間),384,2,4,0
108,公立,一般大學,0049,國立臺灣體育運動大學,學士班(進修),5,0,0,0
108,公立,一般大學,0049,國立臺灣體育運動大學,碩士班(日間),19,14,14,5
108,公立,一般大學,0049,國立臺灣體育運動大學,碩士在職專班,0,11,11,2
108,公立,技專校院,0050,國立臺中科技大學,五專,16,0,0,0
108,公立,技專校院,0050,國立臺中科技大學,學士班(日間),64,13,42,0
108,公立,技專校院,0050,國立臺中科技大學,學士班(進修),5,0,0,0
108,公立,技專校院,0050,國立臺中科技大學,碩士班(日間),2,12,22,0
108,公立,技專校院,0050,國立臺中科技大學,碩士在職專班,2,9,15,0
108,公立,技專校院,0051,國立臺北商業大學,五專,21,0,0,0
108,公立,技專校院,0051,國立臺北商業大學,學士班(日間),113,0,0,0
108,公立,技專校院,0051,國立臺北商業大學,碩士班(日間),3,13,13,35
108,公立,一般大學,0052,國立屏東大學,學士班(日間),385,18,101,182
108,公立,一般大學,0052,國立屏東大學,碩士班(日間),39,36,43,93
108,公立,一般大學,0052,國立屏東大學,碩士在職專班,0,23,25,45
108,公立,一般大學,0052,國立屏東大學,博士班,0,20,29,0
108,公立,技專校院,0053,國立高雄科技大學,五專,4,0,0,0
108,公立,技專校院,0053,國立高雄科技大學,學士班(日間),657,27,89,48
108,公立,技專校院,0053,國立高雄科技大學,學士班(進修),19,0,3,1
108,公立,技專校院,0053,國立高雄科技大學,碩士班(日間),86,113,138,84
108,公立,技專校院,0053,國立高雄科技大學,碩士在職專班,0,28,30,4
108,公立,技專校院,0053,國立高雄科技大學,博士班,3,16,16,16
108,公立,技專校院,0221,國立臺南護理專科學校,二專(日間),1,0,0,0
108,公立,技專校院,0221,國立臺南護理專科學校,五專,95,7,15,0
108,公立,技專校院,0222,國立臺東專科學校,二專(日間),16,0,0,0
108,私立,一般大學,1001,東海大學,學士班(日間),323,44,401,1
108,私立,一般大學,1001,東海大學,學士班(進修),15,3,16,0
108,私立,一般大學,1001,東海大學,碩士班(日間),79,101,240,38
108,私立,一般大學,1001,東海大學,碩士在職專班,17,10,24,1
108,私立,一般大學,1001,東海大學,博士班,3,32,35,7
108,私立,一般大學,1002,輔仁大學,學士班(日間),1085,168,626,47
108,私立,一般大學,1002,輔仁大學,學士班(進修),4,0,0,0
108,私立,一般大學,1002,輔仁大學,碩士班(日間),11,13,14,5
108,私立,一般大學,1002,輔仁大學,博士班,0,11,11,0
108,私立,一般大學,1003,東吳大學,學士班(日間),407,31,46,39
108,私立,一般大學,1003,東吳大學,學士班(進修),1,0,0,0
108,私立,一般大學,1003,東吳大學,碩士班(日間),24,79,80,82
108,私立,一般大學,1003,東吳大學,碩士在職專班,0,5,5,14
108,私立,一般大學,1003,東吳大學,博士班,1,36,36,12
108,私立,一般大學,1004,中原大學,學士班(日間),438,3,12,12
108,私立,一般大學,1004,中原大學,碩士班(日間),51,64,67,80
108,私立,一般大學,1004,中原大學,碩士在職專班,2,0,0,0
108,私立,一般大學,1004,中原大學,博士班,5,11,11,27
108,私立,一般大學,1005,淡江大學學校財團法人淡江大學,學士班(日間),305,12,12,43
108,私立,一般大學,1005,淡江大學學校財團法人淡江大學,碩士班(日間),106,87,89,62
108,私立,一般大學,1005,淡江大學學校財團法人淡江大學,碩士在職專班,0,28,28,6
108,私立,一般大學,1005,淡江大學學校財團法人淡江大學,博士班,21,78,78,43
108,私立,一般大學,1006,中國文化大學,學士班(日間),253,35,49,3
108,私立,一般大學,1006,中國文化大學,學士班(進修),2,0,0,0
108,私立,一般大學,1006,中國文化大學,碩士班(日間),0,131,131,19
108,私立,一般大學,1006,中國文化大學,碩士在職專班,2,37,60,17
108,私立,一般大學,1006,中國文化大學,博士班,2,34,33,2
108,私立,一般大學,1007,逢甲大學,學士班(日間),253,48,106,0
108,私立,一般大學,1007,逢甲大學,學士班(進修),2,0,0,0
108,私立,一般大學,1007,逢甲大學,碩士班(日間),25,235,330,26
108,私立,一般大學,1007,逢甲大學,碩士在職專班,0,2,3,0
108,私立,一般大學,1007,逢甲大學,博士班,3,130,157,9
108,私立,一般大學,1008,靜宜大學,學士班(日間),492,58,112,0
108,私立,一般大學,1008,靜宜大學,碩士班(日間),54,77,92,5
108,私立,一般大學,1008,靜宜大學,碩士在職專班,1,5,6,0
108,私立,一般大學,1008,靜宜大學,博士班,3,11,14,0
108,私立,一般大學,1009,長庚大學,學士班(日間),265,5,5,10
108,私立,一般大學,1009,長庚大學,碩士班(日間),22,57,60,43
108,私立,一般大學,1009,長庚大學,博士班,3,123,128,46
108,私立,一般大學,1010,元智大學,學士班(日間),113,58,100,91
108,私立,一般大學,1010,元智大學,碩士班(日間),20,128,169,154
108,私立,一般大學,1010,元智大學,碩士在職專班,0,0,1,1
108,私立,一般大學,1010,元智大學,博士班,7,137,174,129
108,私立,一般大學,1011,中華大學學校財團法人中華大學,學士班(日間),59,19,48,5
108,私立,一般大學,1011,中華大學學校財團法人中華大學,碩士班(日間),4,57,69,4
108,私立,一般大學,1011,中華大學學校財團法人中華大學,碩士在職專班,0,9,9,0
108,私立,一般大學,1011,中華大學學校財團法人中華大學,博士班,5,34,41,3
108,私立,一般大學,1012,大葉大學,學士班(日間),372,110,280,21
108,私立,一般大學,1012,大葉大學,學士班(進修),13,8,32,0
108,私立,一般大學,1012,大葉大學,碩士班(日間),26,89,229,22
108,私立,一般大學,1012,大葉大學,碩士在職專班,9,14,22,3
108,私立,一般大學,1012,大葉大學,博士班,4,67,169,9
108,私立,一般大學,1013,華梵大學,學士班(日間),10,17,179,0
108,私立,一般大學,1013,華梵大學,碩士班(日間),0,7,13,2
108,私立,一般大學,1013,華梵大學,博士班,0,2,2,0
108,私立,一般大學,1014,義守大學,學士班(日間),117,77,483,110
108,私立,一般大學,1014,義守大學,學士班(進修),3,3,3,2
108,私立,一般大學,1014,義守大學,碩士班(日間),13,39,68,57
108,私立,一般大學,1014,義守大學,碩士在職專班,1,3,3,2
108,私立,一般大學,1014,義守大學,博士班,3,21,25,23
108,私立,一般大學,1015,世新大學,學士班(日間),645,24,278,1
108,私立,一般大學,1015,世新大學,學士班(進修),9,0,0,0
108,私立,一般大學,1015,世新大學,碩士班(日間),35,28,41,16
108,私立,一般大學,1015,世新大學,碩士在職專班,0,2,2,0
108,私立,一般大學,1015,世新大學,博士班,0,26,28,7
108,私立,一般大學,1016,銘傳大學,學士班(日間),1128,188,546,994
108,私立,一般大學,1016,銘傳大學,碩士班(日間),34,191,197,328
108,私立,一般大學,1016,銘傳大學,碩士在職專班,0,72,73,114
108,私立,一般大學,1016,銘傳大學,博士班,0,0,0,12
108,私立,一般大學,1017,實踐大學,學士班(日間),250,16,303,307
108,私立,一般大學,1017,實踐大學,學士班(進修),10,1,1,9
108,私立,一般大學,1017,實踐大學,碩士班(日間),14,8,28,22
108,私立,一般大學,1017,實踐大學,碩士在職專班,0,6,7,12
108,私立,技專校院,1018,朝陽科技大學,學士班(日間),748,11,6,3
108,私立,技專校院,1018,朝陽科技大學,學士班(進修),22,0,0,0
108,私立,技專校院,1018,朝陽科技大學,碩士班(日間),32,110,87,41
108,私立,技專校院,1018,朝陽科技大學,碩士在職專班,0,1,1,0
108,私立,技專校院,1018,朝陽科技大學,博士班,2,39,27,7
108,私立,一般大學,1019,高雄醫學大學,學士班(日間),181,15,22,3
108,私立,一般大學,1019,高雄醫學大學,碩士班(日間),14,27,24,24
108,私立,一般大學,1019,高雄醫學大學,碩士在職專班,0,2,2,3
108,私立,一般大學,1019,高雄醫學大學,博士班,26,61,56,13
108,私立,一般大學,1020,南華大學,學士班(日間),144,0,0,93
108,私立,一般大學,1020,南華大學,碩士班(日間),3,9,9,0
108,私立,一般大學,1020,南華大學,碩士在職專班,0,1,1,0
108,私立,一般大學,1020,南華大學,博士班,0,4,4,0
108,私立,一般大學,1021,真理大學,學士班(日間),39,17,599,0
108,私立,一般大學,1022,大同大學,學士班(日間),48,11,23,0
108,私立,一般大學,1022,大同大學,碩士班(日間),29,40,58,7
108,私立,一般大學,1022,大同大學,博士班,0,9,11,4
108,私立,技專校院,1023,南臺學校財團法人南臺科技大學,五專,1,0,0,0
108,私立,技專校院,1023,南臺學校財團法人南臺科技大學,學士班(日間),2010,9,0,15
108,私立,技專校院,1023,南臺學校財團法人南臺科技大學,學士班(進修),9,0,0,0
108,私立,技專校院,1023,南臺學校財團法人南臺科技大學,碩士班(日間),145,7,6,19
108,私立,技專校院,1023,南臺學校財團法人南臺科技大學,碩士在職專班,1,5,0,0
108,私立,技專校院,1023,南臺學校財團法人南臺科技大學,博士班,22,0,0,0
108,私立,技專校院,1024,崑山科技大學,學士班(日間),418,28,116,0
108,私立,技專校院,1024,崑山科技大學,學士班(進修),12,0,0,0
108,私立,技專校院,1024,崑山科技大學,碩士班(日間),51,8,10,0
108,私立,技專校院,1024,崑山科技大學,博士班,14,20,47,5
108,私立,技專校院,1025,嘉藥學校財團法人嘉南藥理大學,學士班(日間),312,63,99,0
108,私立,技專校院,1025,嘉藥學校財團法人嘉南藥理大學,學士班(進修),117,0,0,0
108,私立,技專校院,1025,嘉藥學校財團法人嘉南藥理大學,碩士班(日間),7,6,6,0
108,私立,技專校院,1026,樹德科技大學,學士班(日間),643,48,200,184
108,私立,技專校院,1026,樹德科技大學,學士班(進修),84,2,11,0
108,私立,技專校院,1026,樹德科技大學,碩士班(日間),7,8,8,1
108,私立,技專校院,1026,樹德科技大學,碩士在職專班,4,46,46,0
108,私立,技專校院,1026,樹德科技大學,博士班,0,6,4,4
108,私立,一般大學,1027,慈濟學校財團法人慈濟大學,學士班(日間),44,10,11,13
108,私立,一般大學,1027,慈濟學校財團法人慈濟大學,碩士班(日間),4,25,27,13
108,私立,一般大學,1027,慈濟學校財團法人慈濟大學,碩士在職專班,8,1,1,0
108,私立,一般大學,1027,慈濟學校財團法人慈濟大學,博士班,0,58,58,30
108,私立,一般大學,1028,臺北醫學大學,學士班(日間),167,3,3,6
108,私立,一般大學,1028,臺北醫學大學,碩士班(日間),17,4,6,85
108,私立,一般大學,1028,臺北醫學大學,碩士在職專班,1,7,7,45
108,私立,一般大學,1028,臺北醫學大學,博士班,12,57,57,97
108,私立,一般大學,1029,中山醫學大學,學士班(日間),153,9,23,8
108,私立,一般大學,1029,中山醫學大學,碩士班(日間),19,50,58,11
108,私立,一般大學,1029,中山醫學大學,碩士在職專班,1,15,19,0
108,私立,一般大學,1029,中山醫學大學,博士班,7,78,81,6
108,私立,技專校院,1030,龍華科技大學,五專,34,0,0,0
108,私立,技專校院,1030,龍華科技大學,學士班(日間),447,10,11,0
108,私立,技專校院,1030,龍華科技大學,學士班(進修),4,0,0,0
108,私立,技專校院,1030,龍華科技大學,碩士班(日間),0,18,11,0
108,私立,技專校院,1031,輔英科技大學,五專,9,0,0,0
108,私立,技專校院,1031,輔英科技大學,學士班(日間),7,4,4,0
108,私立,技專校院,1031,輔英科技大學,碩士班(日間),0,2,2,0
108,私立,技專校院,1032,明新學校財團法人明新科技大學,學士班(日間),39,24,45,19
108,私立,技專校院,1032,明新學校財團法人明新科技大學,碩士班(日間),5,25,26,10
108,私立,技專校院,1032,明新學校財團法人明新科技大學,碩士在職專班,18,2,2,2
108,私立,一般大學,1033,長榮大學,學士班(日間),166,23,140,17
108,私立,一般大學,1033,長榮大學,學士班(進修),4,0,0,0
108,私立,一般大學,1033,長榮大學,碩士班(日間),16,15,15,0
108,私立,一般大學,1033,長榮大學,博士班,0,7,7,2
108,私立,技專校院,1034,弘光科技大學,五專,1,0,0,0
108,私立,技專校院,1034,弘光科技大學,學士班(日間),304,15,46,90
108,私立,技專校院,1034,弘光科技大學,學士班(進修),24,2,2,1
108,私立,技專校院,1034,弘光科技大學,碩士班(日間),3,24,25,22
108,私立,技專校院,1034,弘光科技大學,碩士在職專班,1,4,4,4
108,私立,技專校院,1034,弘光科技大學,博士班,0,5,5,2
108,私立,一般大學,1035,中國醫藥大學,學士班(日間),136,50,81,43
108,私立,一般大學,1035,中國醫藥大學,碩士班(日間),7,63,91,63
108,私立,一般大學,1035,中國醫藥大學,博士班,1,166,189,49
108,私立,技專校院,1036,健行學校財團法人健行科技大學,學士班(日間),266,0,5,0
108,私立,技專校院,1036,健行學校財團法人健行科技大學,學士班(進修),13,0,0,0
108,私立,技專校院,1036,健行學校財團法人健行科技大學,碩士班(日間),7,82,84,0
108,私立,技專校院,1036,健行學校財團法人健行科技大學,碩士在職專班,0,2,2,0
108,私立,技專校院,1037,正修學校財團法人正修科技大學,五專,3,0,0,0
108,私立,技專校院,1037,正修學校財團法人正修科技大學,學士班(日間),83,1,3,7
108,私立,技專校院,1037,正修學校財團法人正修科技大學,學士班(進修),7,0,0,0
108,私立,技專校院,1037,正修學校財團法人正修科技大學,碩士班(日間),7,0,0,0
108,私立,技專校院,1037,正修學校財團法人正修科技大學,博士班,0,0,0,1
108,私立,技專校院,1038,萬能學校財團法人萬能科技大學,學士班(日間),137,0,0,0
108,私立,技專校院,1038,萬能學校財團法人萬能科技大學,學士班(進修),2,0,0,0
108,私立,技專校院,1038,萬能學校財團法人萬能科技大學,碩士班(日間),5,0,0,0
108,私立,一般大學,1039,玄奘大學,學士班(日間),183,33,137,308
108,私立,一般大學,1039,玄奘大學,碩士班(日間),5,27,27,9
108,私立,技專校院,1040,建國科技大學,學士班(日間),284,1,37,0
108,私立,技專校院,1040,建國科技大學,學士班(進修),34,0,0,0
108,私立,技專校院,1040,建國科技大學,碩士班(日間),26,0,0,0
108,私立,技專校院,1041,明志科技大學,學士班(日間),131,147,308,0
108,私立,技專校院,1041,明志科技大學,學士班(進修),0,3,4,0
108,私立,技專校院,1041,明志科技大學,碩士班(日間),26,494,718,44
108,私立,技專校院,1041,明志科技大學,碩士在職專班,0,15,15,0
108,私立,技專校院,1041,明志科技大學,博士班,0,8,8,0
108,私立,技專校院,1042,高苑科技大學,學士班(日間),49,0,0,0
108,私立,技專校院,1042,高苑科技大學,碩士班(日間),7,0,0,0
108,私立,技專校院,1042,高苑科技大學,碩士在職專班,1,11,11,0
108,私立,技專校院,1043,大仁科技大學,學士班(日間),218,0,0,0
108,私立,技專校院,1043,大仁科技大學,學士班(進修),2,0,0,0
108,私立,技專校院,1044,聖約翰科技大學,學士班(日間),15,13,20,0
108,私立,技專校院,1045,嶺東科技大學,學士班(日間),378,75,184,0
108,私立,技專校院,1045,嶺東科技大學,學士班(進修),46,2,2,0
108,私立,技專校院,1045,嶺東科技大學,碩士班(日間),3,8,8,0
108,私立,技專校院,1046,中國科技大學,學士班(日間),552,11,34,0
108,私立,技專校院,1046,中國科技大學,學士班(進修),7,0,0,0
108,私立,技專校院,1046,中國科技大學,碩士班(日間),0,14,35,2
108,私立,技專校院,1047,中臺科技大學,學士班(日間),202,6,29,0
108,私立,技專校院,1047,中臺科技大學,學士班(進修),57,0,0,0
108,私立,技專校院,1047,中臺科技大學,碩士班(日間),0,2,2,0
108,私立,技專校院,1047,中臺科技大學,碩士在職專班,1,20,20,1
108,私立,一般大學,1048,亞洲大學,學士班(日間),196,4,8,5
108,私立,一般大學,1048,亞洲大學,碩士班(日間),5,12,12,3
108,私立,一般大學,1048,亞洲大學,博士班,1,21,21,1
108,私立,一般大學,1049,開南大學,學士班(日間),12,0,0,0
108,私立,一般大學,1049,開南大學,碩士班(日間),0,2,2,3
108,私立,一般大學,1050,佛光大學,學士班(日間),122,9,9,15
108,私立,一般大學,1050,佛光大學,碩士班(日間),3,5,5,33
108,私立,一般大學,1050,佛光大學,碩士在職專班,0,7,7,0
108,私立,一般大學,1050,佛光大學,博士班,0,2,2,25
108,私立,技專校院,1051,台南家專學校財團法人台南應用科技大學,五專,146,2,50,0
108,私立,技專校院,1051,台南家專學校財團法人台南應用科技大學,學士班(日間),554,30,270,13
108,私立,技專校院,1051,台南家專學校財團法人台南應用科技大學,學士班(進修),6,4,4,0
108,私立,技專校院,1051,台南家專學校財團法人台南應用科技大學,碩士班(日間),4,5,14,0
108,私立,技專校院,1051,台南家專學校財團法人台南應用科技大學,碩士在職專班,4,3,3,0
108,私立,技專校院,1052,遠東科技大學,學士班(日間),249,7,14,0
108,私立,技專校院,1052,遠東科技大學,學士班(進修),6,0,0,0
108,私立,技專校院,1052,遠東科技大學,碩士班(日間),22,8,11,0
108,私立,技專校院,1053,光宇學校財團法人元培醫事科技大學,學士班(日間),31,6,22,1
108,私立,技專校院,1053,光宇學校財團法人元培醫事科技大學,碩士班(日間),5,3,3,0
108,私立,技專校院,1053,光宇學校財團法人元培醫事科技大學,碩士在職專班,3,0,0,0
108,私立,技專校院,1054,景文科技大學,學士班(日間),199,0,0,0
108,私立,技專校院,1055,中華醫事科技大學,五專,27,0,0,0
108,私立,技專校院,1055,中華醫事科技大學,學士班(日間),97,3,8,0
108,私立,技專校院,1055,中華醫事科技大學,學士班(進修),8,0,0,0
108,私立,技專校院,1056,東南科技大學,學士班(日間),340,6,6,0
108,私立,技專校院,1056,東南科技大學,碩士班(日間),0,7,7,0
108,私立,技專校院,1057,德明財經科技大學,學士班(日間),290,3,10,0
108,私立,技專校院,1057,德明財經科技大學,學士班(進修),5,0,0,0
108,私立,技專校院,1057,德明財經科技大學,碩士班(日間),0,3,3,0
108,私立,一般大學,1058,明道學校財團法人明道大學,學士班(日間),21,0,0,0
108,私立,一般大學,1058,明道學校財團法人明道大學,碩士班(日間),2,6,6,11
108,私立,一般大學,1058,明道學校財團法人明道大學,碩士在職專班,0,8,8,17
108,私立,技專校院,1060,南開科技大學,五專,56,0,0,0
108,私立,技專校院,1060,南開科技大學,學士班(日間),143,0,0,0
108,私立,技專校院,1061,中華學校財團法人中華科技大學,學士班(日間),24,1,4,0
108,私立,技專校院,1062,僑光科技大學,學士班(日間),161,0,0,0
108,私立,技專校院,1062,僑光科技大學,學士班(進修),58,0,0,0
108,私立,技專校院,1062,僑光科技大學,碩士班(日間),1,10,10,0
108,私立,技專校院,1062,僑光科技大學,碩士在職專班,0,18,18,0
108,私立,技專校院,1063,廣亞學校財團法人育達科技大學,學士班(日間),147,0,0,0
108,私立,技專校院,1063,廣亞學校財團法人育達科技大學,學士班(進修),42,0,0,0
108,私立,技專校院,1063,廣亞學校財團法人育達科技大學,碩士班(日間),7,0,0,0
108,私立,技專校院,1064,美和學校財團法人美和科技大學,五專,26,0,0,0
108,私立,技專校院,1064,美和學校財團法人美和科技大學,學士班(日間),55,5,5,0
108,私立,技專校院,1064,美和學校財團法人美和科技大學,學士班(進修),71,0,0,0
108,私立,技專校院,1064,美和學校財團法人美和科技大學,碩士班(日間),1,9,9,0
108,私立,技專校院,1065,吳鳳科技大學,學士班(日間),96,0,0,0
108,私立,技專校院,1066,環球學校財團法人環球科技大學,學士班(日間),139,0,0,0
108,私立,技專校院,1066,環球學校財團法人環球科技大學,碩士班(日間),0,1,7,0
108,私立,一般大學,1067,台灣首府學校財團法人台灣首府大學,學士班(日間),25,0,0,0
108,私立,技專校院,1068,中州學校財團法人中州科技大學,學士班(日間),29,0,0,0
108,私立,技專校院,1068,中州學校財團法人中州科技大學,學士班(進修),7,0,0,0
108,私立,技專校院,1069,修平學校財團法人修平科技大學,學士班(日間),258,0,0,0
108,私立,技專校院,1069,修平學校財團法人修平科技大學,學士班(進修),1,0,0,0
108,私立,技專校院,1069,修平學校財團法人修平科技大學,碩士班(日間),10,24,27,0
108,私立,技專校院,1070,長庚學校財團法人長庚科技大學,五專,1,0,0,0
108,私立,技專校院,1070,長庚學校財團法人長庚科技大學,學士班(日間),99,0,0,0
108,私立,技專校院,1070,長庚學校財團法人長庚科技大學,學士班(進修),2,0,0,0
108,私立,技專校院,1070,長庚學校財團法人長庚科技大學,碩士班(日間),0,2,2,0
108,私立,技專校院,1070,長庚學校財團法人長庚科技大學,碩士在職專班,0,11,12,9
108,私立,技專校院,1071,城市學校財團法人臺北城市科技大學,五專,105,0,0,0
108,私立,技專校院,1071,城市學校財團法人臺北城市科技大學,學士班(日間),645,42,56,0
108,私立,技專校院,1071,城市學校財團法人臺北城市科技大學,學士班(進修),25,0,0,0
108,私立,技專校院,1072,大華學校財團法人敏實科技大學,五專,6,0,0,0
108,私立,技專校院,1072,大華學校財團法人敏實科技大學,學士班(日間),8,0,0,0
108,私立,技專校院,1073,醒吾學校財團法人醒吾科技大學,五專,12,0,0,0
108,私立,技專校院,1073,醒吾學校財團法人醒吾科技大學,學士班(日間),170,0,0,0
108,私立,技專校院,1073,醒吾學校財團法人醒吾科技大學,學士班(進修),5,0,0,0
108,私立,技專校院,1075,文藻學校財團法人文藻外語大學,五專,112,0,0,0
108,私立,技專校院,1075,文藻學校財團法人文藻外語大學,學士班(日間),100,0,0,10
108,私立,技專校院,1075,文藻學校財團法人文藻外語大學,學士班(進修),3,0,0,0
108,私立,技專校院,1075,文藻學校財團法人文藻外語大學,碩士班(日間),1,4,4,9
108,私立,技專校院,1075,文藻學校財團法人文藻外語大學,碩士在職專班,2,0,0,0
108,私立,技專校院,1077,慈濟學校財團法人慈濟科技大學,五專,3,0,0,0
108,私立,技專校院,1077,慈濟學校財團法人慈濟科技大學,學士班(日間),20,0,0,0
108,私立,技專校院,1077,慈濟學校財團法人慈濟科技大學,碩士班(日間),0,12,18,1
108,私立,技專校院,1078,致理學校財團法人致理科技大學,五專,160,0,1,0
108,私立,技專校院,1078,致理學校財團法人致理科技大學,學士班(日間),1150,82,250,958
108,私立,技專校院,1078,致理學校財團法人致理科技大學,學士班(進修),16,0,0,0
108,私立,技專校院,1078,致理學校財團法人致理科技大學,碩士班(日間),9,18,18,0
108,私立,技專校院,1078,致理學校財團法人致理科技大學,碩士在職專班,1,20,20,0
108,私立,一般大學,1079,康寧學校財團法人康寧大學,五專,89,2,5,0
108,私立,一般大學,1079,康寧學校財團法人康寧大學,學士班(日間),1,0,0,0
108,私立,一般大學,1079,康寧學校財團法人康寧大學,碩士班(日間),0,2,2,0
108,私立,技專校院,1080,宏國學校財團法人宏國德霖科技大學,五專,103,0,0,0
108,私立,技專校院,1080,宏國學校財團法人宏國德霖科技大學,學士班(日間),414,0,0,0
108,私立,技專校院,1080,宏國學校財團法人宏國德霖科技大學,學士班(進修),84,0,0,0
108,私立,技專校院,1081,東方學校財團法人東方設計大學,五專,3,0,0,0
108,私立,技專校院,1081,東方學校財團法人東方設計大學,學士班(日間),3,0,0,0
108,私立,技專校院,1081,東方學校財團法人東方設計大學,碩士班(日間),2,0,0,0
108,私立,技專校院,1082,崇右學校財團法人崇右影藝科技大學,學士班(日間),47,0,0,0
108,私立,技專校院,1082,崇右學校財團法人崇右影藝科技大學,碩士班(日間),0,0,0,2
108,私立,技專校院,1083,台北海洋學校財團法人台北海洋科技大學,二專(日間),1,0,0,0
108,私立,技專校院,1083,台北海洋學校財團法人台北海洋科技大學,五專,178,0,0,0
108,私立,技專校院,1083,台北海洋學校財團法人台北海洋科技大學,學士班(日間),205,0,0,0
108,私立,技專校院,1083,台北海洋學校財團法人台北海洋科技大學,學士班(進修),22,0,0,0
108,私立,技專校院,1083,台北海洋學校財團法人台北海洋科技大學,碩士班(日間),9,0,0,0
108,私立,一般大學,1125,中信學校財團法人中信金融管理學院,學士班(日間),9,0,0,0
108,私立,技專校院,1148,大漢技術學院,二專(進修),2,0,0,0
108,私立,技專校院,1148,大漢技術學院,學士班(日間),10,0,0,0
108,私立,技專校院,1148,大漢技術學院,學士班(進修),18,0,0,0
108,私立,技專校院,1159,和春技術學院,學士班(日間),13,0,0,0
108,私立,技專校院,1166,亞東技術學院,學士班(日間),134,8,15,0
108,私立,技專校院,1166,亞東技術學院,碩士班(日間),0,1,2,0
108,私立,技專校院,1168,南亞科技學校財團法人南亞技術學院,學士班(日間),93,0,0,0
108,私立,一般大學,1176,稻江科技暨管理學院,學士班(日間),24,0,0,0
108,私立,技專校院,1182,蘭陽技術學院,五專,8,0,0,0
108,私立,技專校院,1182,蘭陽技術學院,學士班(日間),2,0,0,0
108,私立,技專校院,1183,黎明技術學院,五專,42,0,0,0
108,私立,技專校院,1183,黎明技術學院,學士班(日間),206,0,0,0
108,私立,技專校院,1183,黎明技術學院,學士班(進修),13,0,0,0
108,私立,技專校院,1185,經國管理暨健康學院,五專,4,0,0,0
108,私立,技專校院,1185,經國管理暨健康學院,學士班(日間),20,0,0,0
108,私立,一般大學,1195,馬偕學校財團法人馬偕醫學院,學士班(日間),0,4,4,0
108,私立,一般大學,1195,馬偕學校財團法人馬偕醫學院,碩士班(日間),0,1,1,0
108,私立,一般大學,1195,馬偕學校財團法人馬偕醫學院,博士班,0,0,0,1
108,私立,一般大學,1196,法鼓學校財團法人法鼓文理學院,碩士班(日間),0,4,2,0
108,私立,一般大學,1196,法鼓學校財團法人法鼓文理學院,博士班,0,5,3,0
108,私立,技專校院,1282,馬偕學校財團法人馬偕醫護管理專科學校,五專,188,9,23,2
108,私立,技專校院,1283,仁德醫護管理專科學校,五專,54,0,0,0
108,私立,技專校院,1284,樹人醫護管理專科學校,五專,93,10,31,0
108,私立,技專校院,1285,慈惠醫護管理專科學校,五專,27,0,0,0
108,私立,技專校院,1286,耕莘健康管理專科學校,五專,75,0,0,0
108,私立,技專校院,1287,敏惠醫護管理專科學校,五專,171,0,0,0
108,私立,技專校院,1289,育英醫護管理專科學校,五專,80,0,0,0
108,私立,技專校院,1291,聖母醫護管理專科學校,五專,47,0,0,0
108,私立,技專校院,1292,新生醫護管理專科學校,五專,16,0,0,0
108,私立,技專校院,1293,崇仁醫護管理專科學校,五專,217,0,0,0
108,私立,宗教研修學院,1R03,臺北基督學院,學士班(日間),1,0,0,0
108,公立,一般大學,3002,臺北市立大學,學士班(日間),327,286,410,22
108,公立,一般大學,3002,臺北市立大學,碩士班(日間),27,41,41,17
108,公立,一般大學,3002,臺北市立大學,碩士在職專班,12,68,68,34
108,公立,一般大學,3002,臺北市立大學,博士班,6,37,37,4
109,公立,一般大學,0001,國立政治大學,學士班(日間),325,0,0,12
109,公立,一般大學,0001,國立政治大學,碩士班(日間),42,7,7,4
109,公立,一般大學,0001,國立政治大學,博士班,2,54,28,0
109,公立,一般大學,0002,國立清華大學,學士班(日間),251,10,15,6
109,公立,一般大學,0002,國立清華大學,碩士班(日間),181,139,310,93
109,公立,一般大學,0002,國立清華大學,博士班,94,206,415,63
109,公立,一般大學,0003,國立臺灣大學,學士班(日間),634,13,30,25
109,公立,一般大學,0003,國立臺灣大學,碩士班(日間),243,199,254,318
109,公立,一般大學,0003,國立臺灣大學,碩士在職專班,0,3,3,2
109,公立,一般大學,0003,國立臺灣大學,博士班,96,389,512,204
109,公立,一般大學,0004,國立臺灣師範大學,學士班(日間),0,10,10,29
109,公立,一般大學,0004,國立臺灣師範大學,碩士班(日間),0,237,297,278
109,公立,一般大學,0004,國立臺灣師範大學,碩士在職專班,0,45,66,69
109,公立,一般大學,0004,國立臺灣師範大學,博士班,0,118,114,100
109,公立,一般大學,0005,國立成功大學,學士班(日間),156,8,9,35
109,公立,一般大學,0005,國立成功大學,碩士班(日間),181,243,276,283
109,公立,一般大學,0005,國立成功大學,碩士在職專班,0,2,2,28
109,公立,一般大學,0005,國立成功大學,博士班,70,395,386,164
109,公立,一般大學,0006,國立中興大學,學士班(日間),183,9,9,7
109,公立,一般大學,0006,國立中興大學,學士班(進修),26,0,0,0
109,公立,一般大學,0006,國立中興大學,碩士班(日間),60,110,129,63
109,公立,一般大學,0006,國立中興大學,碩士在職專班,3,4,4,0
109,公立,一般大學,0006,國立中興大學,博士班,34,140,142,19
109,公立,一般大學,0007,國立陽明交通大學,學士班(日間),53,4,7,5
109,公立,一般大學,0007,國立陽明交通大學,碩士班(日間),124,180,248,101
109,公立,一般大學,0007,國立陽明交通大學,碩士在職專班,0,0,0,9
109,公立,一般大學,0007,國立陽明交通大學,博士班,35,272,294,76
109,公立,一般大學,0008,國立中央大學,學士班(日間),84,22,31,0
109,公立,一般大學,0008,國立中央大學,碩士班(日間),23,606,813,176
109,公立,一般大學,0008,國立中央大學,碩士在職專班,2,0,0,0
109,公立,一般大學,0008,國立中央大學,博士班,20,303,379,4
109,公立,一般大學,0009,國立中山大學,學士班(日間),12,31,286,1
109,公立,一般大學,0009,國立中山大學,碩士班(日間),24,141,147,233
109,公立,一般大學,0009,國立中山大學,碩士在職專班,0,4,4,0
109,公立,一般大學,0009,國立中山大學,博士班,18,173,173,35
109,公立,一般大學,0012,國立臺灣海洋大學,學士班(日間),56,11,126,1
109,公立,一般大學,0012,國立臺灣海洋大學,碩士班(日間),37,108,129,51
109,公立,一般大學,0012,國立臺灣海洋大學,碩士在職專班,1,1,2,7
109,公立,一般大學,0012,國立臺灣海洋大學,博士班,5,64,67,5
109,公立,一般大學,0013,國立中正大學,學士班(日間),315,5,9,28
109,公立,一般大學,0013,國立中正大學,碩士班(日間),74,91,124,90
109,公立,一般大學,0013,國立中正大學,碩士在職專班,2,0,0,0
109,公立,一般大學,0013,國立中正大學,博士班,11,87,73,69
109,公立,一般大學,0014,國立高雄師範大學,學士班(日間),74,16,103,4
109,公立,一般大學,0014,國立高雄師範大學,碩士班(日間),20,126,120,40
109,公立,一般大學,0014,國立高雄師範大學,碩士在職專班,0,10,10,2
109,公立,一般大學,0014,國立高雄師範大學,博士班,5,47,35,10
109,公立,一般大學,0015,國立彰化師範大學,學士班(日間),258,4,43,15
109,公立,一般大學,0015,國立彰化師範大學,碩士班(日間),67,123,158,66
109,公立,一般大學,0015,國立彰化師範大學,碩士在職專班,0,18,18,25
109,公立,一般大學,0015,國立彰化師範大學,博士班,2,48,53,47
109,公立,一般大學,0017,國立臺北大學,學士班(日間),110,1,10,2
109,公立,一般大學,0017,國立臺北大學,碩士班(日間),8,0,0,9
109,公立,一般大學,0017,國立臺北大學,博士班,0,0,0,2
109,公立,一般大學,0018,國立嘉義大學,學士班(日間),66,13,14,24
109,公立,一般大學,0018,國立嘉義大學,學士班(進修),22,1,1,0
109,公立,一般大學,0018,國立嘉義大學,碩士班(日間),62,92,108,37
109,公立,一般大學,0018,國立嘉義大學,碩士在職專班,1,31,42,1
109,公立,一般大學,0018,國立嘉義大學,博士班,4,10,11,6
109,公立,一般大學,0019,國立高雄大學,學士班(日間),112,0,0,81
109,公立,一般大學,0019,國立高雄大學,碩士班(日間),3,12,13,34
109,公立,一般大學,0019,國立高雄大學,碩士在職專班,1,0,0,0
109,公立,一般大學,0020,國立東華大學,學士班(日間),71,10,221,129
109,公立,一般大學,0020,國立東華大學,碩士班(日間),26,44,76,66
109,公立,一般大學,0020,國立東華大學,碩士在職專班,1,0,0,0
109,公立,一般大學,0020,國立東華大學,博士班,4,15,13,9
109,公立,一般大學,0021,國立暨南國際大學,學士班(日間),193,15,25,166
109,公立,一般大學,0021,國立暨南國際大學,碩士班(日間),9,53,50,31
109,公立,一般大學,0021,國立暨南國際大學,博士班,1,23,24,6
109,公立,技專校院,0022,國立臺灣科技大學,學士班(日間),94,0,0,0
109,公立,技專校院,0022,國立臺灣科技大學,碩士班(日間),119,205,74,50
109,公立,技專校院,0022,國立臺灣科技大學,博士班,18,90,41,1
109,公立,技專校院,0023,國立雲林科技大學,學士班(日間),256,30,30,0
109,公立,技專校院,0023,國立雲林科技大學,碩士班(日間),103,237,244,0
109,公立,技專校院,0023,國立雲林科技大學,碩士在職專班,1,14,25,0
109,公立,技專校院,0023,國立雲林科技大學,博士班,12,109,70,6
109,公立,技專校院,0024,國立屏東科技大學,學士班(日間),734,31,99,158
109,公立,技專校院,0024,國立屏東科技大學,學士班(進修),159,2,4,86
109,公立,技專校院,0024,國立屏東科技大學,碩士班(日間),111,131,144,81
109,公立,技專校院,0024,國立屏東科技大學,碩士在職專班,2,9,9,0
109,公立,技專校院,0024,國立屏東科技大學,博士班,6,37,38,27
109,公立,技專校院,0025,國立臺北科技大學,五專,3,0,0,0
109,公立,技專校院,0025,國立臺北科技大學,學士班(日間),100,118,114,165
109,公立,技專校院,0025,國立臺北科技大學,學士班(進修),11,2,9,0
109,公立,技專校院,0025,國立臺北科技大學,碩士班(日間),99,175,194,92
109,公立,技專校院,0025,國立臺北科技大學,碩士在職專班,2,1,1,0
109,公立,技專校院,0025,國立臺北科技大學,博士班,5,15,14,18
109,公立,一般大學,0028,國立臺北藝術大學,學士班(日間),45,133,575,10
109,公立,一般大學,0028,國立臺北藝術大學,碩士班(日間),55,59,176,138
109,公立,一般大學,0028,國立臺北藝術大學,碩士在職專班,0,15,40,0
109,公立,一般大學,0028,國立臺北藝術大學,博士班,4,55,24,72
109,公立,一般大學,0029,國立臺灣藝術大學,學士班(日間),91,22,432,0
109,公立,一般大學,0029,國立臺灣藝術大學,學士班(進修),45,17,194,0
109,公立,一般大學,0029,國立臺灣藝術大學,碩士班(日間),54,43,58,0
109,公立,一般大學,0029,國立臺灣藝術大學,碩士在職專班,5,17,19,4
109,公立,一般大學,0029,國立臺灣藝術大學,博士班,1,38,53,14
109,公立,一般大學,0030,國立臺東大學,學士班(日間),375,38,191,46
109,公立,一般大學,0030,國立臺東大學,學士班(進修),1,3,11,0
109,公立,一般大學,0030,國立臺東大學,碩士班(日間),29,19,20,9
109,公立,一般大學,0030,國立臺東大學,碩士在職專班,1,25,25,2
109,公立,一般大學,0030,國立臺東大學,博士班,2,0,0,0
109,公立,一般大學,0031,國立宜蘭大學,學士班(日間),105,12,37,4
109,公立,一般大學,0031,國立宜蘭大學,碩士班(日間),13,63,71,12
109,公立,一般大學,0031,國立宜蘭大學,博士班,0,1,1,0
109,公立,一般大學,0032,國立聯合大學,學士班(日間),184,58,234,72
109,公立,一般大學,0032,國立聯合大學,碩士班(日間),17,72,129,47
109,公立,一般大學,0032,國立聯合大學,博士班,2,0,0,0
109,公立,技專校院,0033,國立虎尾科技大學,五專,6,0,0,0
109,公立,技專校院,0033,國立虎尾科技大學,學士班(日間),139,6,7,0
109,公立,技專校院,0033,國立虎尾科技大學,學士班(進修),1,0,0,0
109,公立,技專校院,0033,國立虎尾科技大學,碩士班(日間),11,21,21,33
109,公立,技專校院,0033,國立虎尾科技大學,碩士在職專班,1,7,7,21
109,公立,一般大學,0035,國立臺南藝術大學,學士班(日間),48,0,78,0
109,公立,一般大學,0035,國立臺南藝術大學,碩士班(日間),25,16,92,10
109,公立,一般大學,0035,國立臺南藝術大學,碩士在職專班,2,0,0,0
109,公立,一般大學,0035,國立臺南藝術大學,博士班,10,8,13,1
109,公立,一般大學,0036,國立臺南大學,學士班(日間),158,104,398,85
109,公立,一般大學,0036,國立臺南大學,碩士班(日間),36,33,62,15
109,公立,一般大學,0036,國立臺南大學,碩士在職專班,5,0,0,2
109,公立,一般大學,0036,國立臺南大學,博士班,9,20,20,5
109,公立,一般大學,0037,國立臺北教育大學,學士班(日間),70,1,1,0
109,公立,一般大學,0037,國立臺北教育大學,碩士班(日間),25,50,56,77
109,公立,一般大學,0037,國立臺北教育大學,碩士在職專班,7,22,26,18
109,公立,一般大學,0037,國立臺北教育大學,博士班,0,3,3,2
109,公立,一般大學,0039,國立臺中教育大學,學士班(日間),80,1,5,0
109,公立,一般大學,0039,國立臺中教育大學,碩士班(日間),7,137,139,39
109,公立,一般大學,0039,國立臺中教育大學,碩士在職專班,3,47,52,76
109,公立,一般大學,0039,國立臺中教育大學,博士班,0,24,24,24
109,公立,技專校院,0042,國立澎湖科技大學,學士班(日間),30,5,5,0
109,公立,技專校院,0042,國立澎湖科技大學,碩士班(日間),0,1,1,0
109,公立,技專校院,0043,國立勤益科技大學,學士班(日間),142,14,15,0
109,公立,技專校院,0043,國立勤益科技大學,學士班(進修),1,0,0,0
109,公立,技專校院,0043,國立勤益科技大學,碩士班(日間),44,71,82,2
109,公立,技專校院,0043,國立勤益科技大學,碩士在職專班,0,9,9,0
109,公立,一般大學,0044,國立體育大學,學士班(日間),619,1,1,1
109,公立,一般大學,0044,國立體育大學,學士班(進修),1,0,0,0
109,公立,一般大學,0044,國立體育大學,碩士班(日間),46,38,40,16
109,公立,一般大學,0044,國立體育大學,碩士在職專班,0,3,3,0
109,公立,一般大學,0044,國立體育大學,博士班,4,24,28,3
109,公立,技專校院,0046,國立臺北護理健康大學,學士班(日間),61,0,0,0
109,公立,技專校院,0046,國立臺北護理健康大學,碩士班(日間),6,19,11,47
109,公立,技專校院,0047,國立高雄餐旅大學,五專,10,0,0,0
109,公立,技專校院,0047,國立高雄餐旅大學,學士班(日間),160,0,0,0
109,公立,技專校院,0047,國立高雄餐旅大學,學士班(進修),12,0,0,0
109,公立,技專校院,0047,國立高雄餐旅大學,碩士班(日間),5,21,21,9
109,公立,技專校院,0047,國立高雄餐旅大學,碩士在職專班,0,3,3,0
109,公立,技專校院,0047,國立高雄餐旅大學,博士班,0,2,1,1
109,公立,一般大學,0048,國立金門大學,學士班(日間),51,1,1,0
109,公立,一般大學,0048,國立金門大學,碩士班(日間),0,1,1,0
109,公立,一般大學,0049,國立臺灣體育運動大學,學士班(日間),478,0,0,0
109,公立,一般大學,0049,國立臺灣體育運動大學,碩士班(日間),84,12,10,3
109,公立,一般大學,0049,國立臺灣體育運動大學,碩士在職專班,1,1,1,3
109,公立,技專校院,0050,國立臺中科技大學,五專,97,0,0,0
109,公立,技專校院,0050,國立臺中科技大學,學士班(日間),223,28,80,110
109,公立,技專校院,0050,國立臺中科技大學,學士班(進修),6,0,0,0
109,公立,技專校院,0050,國立臺中科技大學,碩士班(日間),11,8,22,0
109,公立,技專校院,0050,國立臺中科技大學,碩士在職專班,0,6,7,0
109,公立,技專校院,0051,國立臺北商業大學,五專,8,0,0,0
109,公立,技專校院,0051,國立臺北商業大學,學士班(日間),119,3,3,0
109,公立,技專校院,0051,國立臺北商業大學,學士班(進修),0,3,9,0
109,公立,技專校院,0051,國立臺北商業大學,碩士班(日間),25,21,21,16
109,公立,技專校院,0051,國立臺北商業大學,碩士在職專班,0,5,5,0
109,公立,一般大學,0052,國立屏東大學,學士班(日間),380,20,84,224
109,公立,一般大學,0052,國立屏東大學,學士班(進修),1,0,0,0
109,公立,一般大學,0052,國立屏東大學,碩士班(日間),10,14,18,14
109,公立,一般大學,0052,國立屏東大學,碩士在職專班,0,37,39,30
109,公立,一般大學,0052,國立屏東大學,博士班,0,15,22,0
109,公立,技專校院,0053,國立高雄科技大學,五專,28,0,0,0
109,公立,技專校院,0053,國立高雄科技大學,學士班(日間),524,34,72,8
109,公立,技專校院,0053,國立高雄科技大學,學士班(進修),44,23,23,39
109,公立,技專校院,0053,國立高雄科技大學,碩士班(日間),144,76,82,24
109,公立,技專校院,0053,國立高雄科技大學,碩士在職專班,19,66,70,18
109,公立,技專校院,0053,國立高雄科技大學,博士班,5,37,43,8
109,公立,技專校院,0144,國立臺灣戲曲學院,學士班(日間),1,0,0,0
109,公立,技專校院,0221,國立臺南護理專科學校,二專(日間),68,0,0,0
109,公立,技專校院,0221,國立臺南護理專科學校,五專,224,5,11,0
109,公立,技專校院,0222,國立臺東專科學校,二專(日間),19,0,0,0
109,公立,技專校院,0222,國立臺東專科學校,五專,4,0,0,0
109,私立,一般大學,1001,東海大學,學士班(日間),303,27,222,43
109,私立,一般大學,1001,東海大學,學士班(進修),2,0,0,0
109,私立,一般大學,1001,東海大學,碩士班(日間),35,70,134,10
109,私立,一般大學,1001,東海大學,碩士在職專班,0,7,10,4
109,私立,一般大學,1001,東海大學,博士班,1,18,21,9
109,私立,一般大學,1002,輔仁大學,學士班(日間),40,47,814,14
109,私立,一般大學,1002,輔仁大學,學士班(進修),0,2,56,0
109,私立,一般大學,1002,輔仁大學,碩士班(日間),6,228,315,86
109,私立,一般大學,1002,輔仁大學,博士班,0,12,12,0
109,私立,一般大學,1003,東吳大學,學士班(日間),431,29,32,4
109,私立,一般大學,1003,東吳大學,碩士班(日間),15,54,54,29
109,私立,一般大學,1003,東吳大學,碩士在職專班,6,13,13,5
109,私立,一般大學,1003,東吳大學,博士班,0,60,61,6
109,私立,一般大學,1004,中原大學,學士班(日間),301,5,7,1
109,私立,一般大學,1004,中原大學,碩士班(日間),62,57,65,29
109,私立,一般大學,1004,中原大學,碩士在職專班,2,0,0,1
109,私立,一般大學,1004,中原大學,博士班,9,48,51,23
109,私立,一般大學,1005,淡江大學學校財團法人淡江大學,學士班(日間),369,2,4,65
109,私立,一般大學,1005,淡江大學學校財團法人淡江大學,學士班(進修),3,0,0,0
109,私立,一般大學,1005,淡江大學學校財團法人淡江大學,碩士班(日間),28,97,97,134
109,私立,一般大學,1005,淡江大學學校財團法人淡江大學,碩士在職專班,3,18,18,24
109,私立,一般大學,1005,淡江大學學校財團法人淡江大學,博士班,13,57,58,57
109,私立,一般大學,1006,中國文化大學,學士班(日間),150,76,884,216
109,私立,一般大學,1006,中國文化大學,學士班(進修),3,0,7,0
109,私立,一般大學,1006,中國文化大學,碩士班(日間),6,97,123,37
109,私立,一般大學,1006,中國文化大學,碩士在職專班,0,47,47,28
109,私立,一般大學,1006,中國文化大學,博士班,7,30,24,17
109,私立,一般大學,1007,逢甲大學,學士班(日間),311,29,94,8
109,私立,一般大學,1007,逢甲大學,學士班(進修),16,0,0,0
109,私立,一般大學,1007,逢甲大學,碩士班(日間),33,239,309,67
109,私立,一般大學,1007,逢甲大學,碩士在職專班,1,2,5,0
109,私立,一般大學,1007,逢甲大學,博士班,5,140,147,52
109,私立,一般大學,1008,靜宜大學,學士班(日間),330,37,96,0
109,私立,一般大學,1008,靜宜大學,碩士班(日間),37,84,94,0
109,私立,一般大學,1008,靜宜大學,碩士在職專班,2,6,6,0
109,私立,一般大學,1008,靜宜大學,博士班,0,15,16,0
109,私立,一般大學,1009,長庚大學,學士班(日間),274,15,21,9
109,私立,一般大學,1009,長庚大學,碩士班(日間),4,56,70,41
109,私立,一般大學,1009,長庚大學,博士班,6,74,80,22
109,私立,一般大學,1010,元智大學,學士班(日間),447,45,184,121
109,私立,一般大學,1010,元智大學,碩士班(日間),55,128,205,162
109,私立,一般大學,1010,元智大學,碩士在職專班,2,1,6,5
109,私立,一般大學,1010,元智大學,博士班,11,159,186,105
109,私立,一般大學,1011,中華大學學校財團法人中華大學,學士班(日間),141,20,57,20
109,私立,一般大學,1011,中華大學學校財團法人中華大學,學士班(進修),0,0,2,1
109,私立,一般大學,1011,中華大學學校財團法人中華大學,碩士班(日間),19,62,65,7
109,私立,一般大學,1011,中華大學學校財團法人中華大學,碩士在職專班,1,22,22,3
109,私立,一般大學,1011,中華大學學校財團法人中華大學,博士班,2,22,22,8
109,私立,一般大學,1012,大葉大學,學士班(日間),368,9,18,14
109,私立,一般大學,1012,大葉大學,學士班(進修),37,0,0,0
109,私立,一般大學,1012,大葉大學,碩士班(日間),43,12,25,29
109,私立,一般大學,1012,大葉大學,碩士在職專班,0,1,2,6
109,私立,一般大學,1012,大葉大學,博士班,11,53,121,16
109,私立,一般大學,1013,華梵大學,學士班(日間),1,0,0,0
109,私立,一般大學,1013,華梵大學,碩士班(日間),1,1,4,0
109,私立,一般大學,1013,華梵大學,碩士在職專班,0,1,1,0
109,私立,一般大學,1013,華梵大學,博士班,1,0,4,0
109,私立,一般大學,1014,義守大學,學士班(日間),74,89,350,95
109,私立,一般大學,1014,義守大學,學士班(進修),0,8,14,8
109,私立,一般大學,1014,義守大學,碩士班(日間),0,49,80,53
109,私立,一般大學,1014,義守大學,博士班,2,41,45,29
109,私立,一般大學,1015,世新大學,學士班(日間),520,7,50,192
109,私立,一般大學,1015,世新大學,學士班(進修),8,1,26,1
109,私立,一般大學,1015,世新大學,碩士班(日間),7,29,29,50
109,私立,一般大學,1015,世新大學,碩士在職專班,1,3,3,17
109,私立,一般大學,1015,世新大學,博士班,0,37,37,12
109,私立,一般大學,1016,銘傳大學,學士班(日間),1073,209,640,1615
109,私立,一般大學,1016,銘傳大學,碩士班(日間),29,176,179,204
109,私立,一般大學,1016,銘傳大學,碩士在職專班,4,58,58,173
109,私立,一般大學,1016,銘傳大學,博士班,3,18,19,12
109,私立,一般大學,1017,實踐大學,學士班(日間),201,22,223,50
109,私立,一般大學,1017,實踐大學,學士班(進修),6,7,36,0
109,私立,一般大學,1017,實踐大學,碩士班(日間),3,5,36,0
109,私立,一般大學,1017,實踐大學,碩士在職專班,1,5,4,0
109,私立,技專校院,1018,朝陽科技大學,學士班(日間),289,3,12,0
109,私立,技專校院,1018,朝陽科技大學,碩士班(日間),8,78,96,18
109,私立,技專校院,1018,朝陽科技大學,碩士在職專班,0,4,5,0
109,私立,技專校院,1018,朝陽科技大學,博士班,2,17,17,6
109,私立,一般大學,1019,高雄醫學大學,學士班(日間),165,23,33,4
109,私立,一般大學,1019,高雄醫學大學,碩士班(日間),17,77,78,14
109,私立,一般大學,1019,高雄醫學大學,碩士在職專班,1,3,3,1
109,私立,一般大學,1019,高雄醫學大學,博士班,34,65,65,18
109,私立,一般大學,1020,南華大學,學士班(日間),124,0,0,97
109,私立,一般大學,1020,南華大學,碩士班(日間),16,2,2,29
109,私立,一般大學,1020,南華大學,碩士在職專班,0,0,0,2
109,私立,一般大學,1020,南華大學,博士班,0,4,4,0
109,私立,一般大學,1021,真理大學,學士班(日間),27,15,467,1
109,私立,一般大學,1021,真理大學,碩士班(日間),2,0,0,5
109,私立,一般大學,1022,大同大學,學士班(日間),80,51,89,2
109,私立,一般大學,1022,大同大學,碩士班(日間),5,43,63,24
109,私立,一般大學,1022,大同大學,博士班,2,47,55,11
109,私立,技專校院,1023,南臺學校財團法人南臺科技大學,五專,11,0,0,0
109,私立,技專校院,1023,南臺學校財團法人南臺科技大學,學士班(日間),973,0,5,0
109,私立,技專校院,1023,南臺學校財團法人南臺科技大學,學士班(進修),2,0,0,0
109,私立,技專校院,1023,南臺學校財團法人南臺科技大學,碩士班(日間),36,0,26,0
109,私立,技專校院,1023,南臺學校財團法人南臺科技大學,博士班,16,0,0,0
109,私立,技專校院,1024,崑山科技大學,學士班(日間),209,8,8,0
109,私立,技專校院,1024,崑山科技大學,學士班(進修),15,0,0,0
109,私立,技專校院,1024,崑山科技大學,碩士班(日間),4,8,19,8
109,私立,技專校院,1024,崑山科技大學,博士班,0,5,9,0
109,私立,技專校院,1025,嘉藥學校財團法人嘉南藥理大學,學士班(日間),130,1,1,111
109,私立,技專校院,1025,嘉藥學校財團法人嘉南藥理大學,學士班(進修),33,0,0,0
109,私立,技專校院,1025,嘉藥學校財團法人嘉南藥理大學,碩士班(日間),6,7,7,0
109,私立,技專校院,1025,嘉藥學校財團法人嘉南藥理大學,碩士在職專班,2,2,2,0
109,私立,技專校院,1026,樹德科技大學,學士班(日間),925,144,436,0
109,私立,技專校院,1026,樹德科技大學,學士班(進修),100,1,1,0
109,私立,技專校院,1026,樹德科技大學,碩士班(日間),26,40,46,2
109,私立,技專校院,1026,樹德科技大學,碩士在職專班,0,64,68,0
109,私立,一般大學,1027,慈濟學校財團法人慈濟大學,學士班(日間),33,4,5,6
109,私立,一般大學,1027,慈濟學校財團法人慈濟大學,碩士班(日間),23,29,29,5
109,私立,一般大學,1027,慈濟學校財團法人慈濟大學,博士班,3,27,27,4
109,私立,一般大學,1028,臺北醫學大學,學士班(日間),148,85,128,0
109,私立,一般大學,1028,臺北醫學大學,碩士班(日間),16,81,124,63
109,私立,一般大學,1028,臺北醫學大學,碩士在職專班,1,11,14,76
109,私立,一般大學,1028,臺北醫學大學,博士班,11,193,234,87
109,私立,一般大學,1029,中山醫學大學,學士班(日間),202,17,48,8
109,私立,一般大學,1029,中山醫學大學,碩士班(日間),8,47,56,0
109,私立,一般大學,1029,中山醫學大學,碩士在職專班,0,19,47,0
109,私立,一般大學,1029,中山醫學大學,博士班,2,85,91,1
109,私立,技專校院,1030,龍華科技大學,五專,52,0,0,0
109,私立,技專校院,1030,龍華科技大學,學士班(日間),283,0,0,0
109,私立,技專校院,1030,龍華科技大學,學士班(進修),3,0,0,0
109,私立,技專校院,1030,龍華科技大學,碩士班(日間),36,9,0,0
109,私立,技專校院,1030,龍華科技大學,碩士在職專班,5,0,0,0
109,私立,技專校院,1031,輔英科技大學,五專,9,0,0,0
109,私立,技專校院,1031,輔英科技大學,學士班(日間),45,1,8,8
109,私立,技專校院,1031,輔英科技大學,碩士班(日間),3,2,9,9
109,私立,技專校院,1032,明新學校財團法人明新科技大學,學士班(日間),319,41,114,74
109,私立,技專校院,1032,明新學校財團法人明新科技大學,學士班(進修),4,0,0,0
109,私立,技專校院,1032,明新學校財團法人明新科技大學,碩士班(日間),26,29,41,21
109,私立,技專校院,1032,明新學校財團法人明新科技大學,碩士在職專班,4,0,0,0
109,私立,一般大學,1033,長榮大學,學士班(日間),149,17,25,75
109,私立,一般大學,1033,長榮大學,學士班(進修),8,0,0,0
109,私立,一般大學,1033,長榮大學,碩士班(日間),8,13,13,0
109,私立,一般大學,1033,長榮大學,博士班,0,6,3,4
109,私立,技專校院,1034,弘光科技大學,五專,1,0,0,0
109,私立,技專校院,1034,弘光科技大學,學士班(日間),65,19,128,248
109,私立,技專校院,1034,弘光科技大學,學士班(進修),12,0,0,0
109,私立,技專校院,1034,弘光科技大學,碩士班(日間),6,36,41,13
109,私立,技專校院,1034,弘光科技大學,碩士在職專班,0,6,6,4
109,私立,技專校院,1034,弘光科技大學,博士班,0,2,2,1
109,私立,一般大學,1035,中國醫藥大學,學士班(日間),0,50,102,43
109,私立,一般大學,1035,中國醫藥大學,碩士班(日間),0,75,104,34
109,私立,一般大學,1035,中國醫藥大學,碩士在職專班,0,9,10,1
109,私立,一般大學,1035,中國醫藥大學,博士班,0,204,258,39
109,私立,技專校院,1036,健行學校財團法人健行科技大學,學士班(日間),236,3,5,0
109,私立,技專校院,1036,健行學校財團法人健行科技大學,學士班(進修),23,0,0,0
109,私立,技專校院,1036,健行學校財團法人健行科技大學,碩士班(日間),18,85,90,0
109,私立,技專校院,1037,正修學校財團法人正修科技大學,學士班(日間),210,3,0,6
109,私立,技專校院,1037,正修學校財團法人正修科技大學,學士班(進修),8,0,0,0
109,私立,技專校院,1037,正修學校財團法人正修科技大學,碩士班(日間),8,2,0,2
109,私立,技專校院,1037,正修學校財團法人正修科技大學,碩士在職專班,0,1,0,1
109,私立,技專校院,1038,萬能學校財團法人萬能科技大學,學士班(日間),219,0,0,0
109,私立,技專校院,1038,萬能學校財團法人萬能科技大學,學士班(進修),12,0,0,0
109,私立,技專校院,1038,萬能學校財團法人萬能科技大學,碩士班(日間),9,0,0,0
109,私立,一般大學,1039,玄奘大學,學士班(日間),57,5,5,28
109,私立,一般大學,1039,玄奘大學,碩士班(日間),2,3,12,18
109,私立,技專校院,1040,建國科技大學,學士班(日間),242,0,0,0
109,私立,技專校院,1040,建國科技大學,學士班(進修),4,0,0,0
109,私立,技專校院,1040,建國科技大學,碩士班(日間),0,8,8,0
109,私立,技專校院,1041,明志科技大學,學士班(日間),84,90,232,0
109,私立,技專校院,1041,明志科技大學,碩士班(日間),21,427,638,5
109,私立,技專校院,1041,明志科技大學,碩士在職專班,0,12,12,0
109,私立,技專校院,1041,明志科技大學,博士班,0,5,8,0
109,私立,技專校院,1042,高苑科技大學,二專(進修),3,0,0,0
109,私立,技專校院,1042,高苑科技大學,學士班(日間),58,0,0,0
109,私立,技專校院,1042,高苑科技大學,學士班(進修),2,0,0,0
109,私立,技專校院,1042,高苑科技大學,碩士班(日間),1,3,3,3
109,私立,技專校院,1043,大仁科技大學,學士班(日間),60,0,0,0
109,私立,技專校院,1043,大仁科技大學,學士班(進修),4,0,0,0
109,私立,技專校院,1043,大仁科技大學,碩士班(日間),1,0,0,0
109,私立,技專校院,1044,聖約翰科技大學,學士班(日間),2,0,0,0
109,私立,技專校院,1045,嶺東科技大學,學士班(日間),403,54,117,0
109,私立,技專校院,1045,嶺東科技大學,學士班(進修),26,0,0,0
109,私立,技專校院,1045,嶺東科技大學,碩士班(日間),5,14,18,0
109,私立,技專校院,1046,中國科技大學,學士班(日間),378,21,152,0
109,私立,技專校院,1046,中國科技大學,學士班(進修),13,0,0,0
109,私立,技專校院,1046,中國科技大學,碩士班(日間),0,30,60,0
109,私立,技專校院,1047,中臺科技大學,學士班(日間),134,2,9,0
109,私立,技專校院,1047,中臺科技大學,學士班(進修),4,1,0,0
109,私立,技專校院,1047,中臺科技大學,碩士班(日間),1,24,24,4
109,私立,一般大學,1048,亞洲大學,學士班(日間),114,23,23,1
109,私立,一般大學,1048,亞洲大學,碩士班(日間),3,5,7,9
109,私立,一般大學,1048,亞洲大學,碩士在職專班,0,11,11,0
109,私立,一般大學,1048,亞洲大學,博士班,0,6,6,3
109,私立,一般大學,1049,開南大學,學士班(日間),23,0,0,0
109,私立,一般大學,1049,開南大學,學士班(進修),2,0,0,0
109,私立,一般大學,1050,佛光大學,學士班(日間),104,9,12,0
109,私立,一般大學,1050,佛光大學,碩士班(日間),2,7,8,1
109,私立,一般大學,1050,佛光大學,碩士在職專班,4,0,0,0
109,私立,一般大學,1050,佛光大學,博士班,0,2,2,3
109,私立,技專校院,1051,台南家專學校財團法人台南應用科技大學,五專,234,2,340,0
109,私立,技專校院,1051,台南家專學校財團法人台南應用科技大學,學士班(日間),515,6,523,0
109,私立,技專校院,1051,台南家專學校財團法人台南應用科技大學,學士班(進修),22,0,0,0
109,私立,技專校院,1051,台南家專學校財團法人台南應用科技大學,碩士班(日間),3,3,15,0
109,私立,技專校院,1051,台南家專學校財團法人台南應用科技大學,碩士在職專班,7,0,0,0
109,私立,技專校院,1052,遠東科技大學,二專(進修),3,0,0,0
109,私立,技專校院,1052,遠東科技大學,學士班(日間),153,6,11,0
109,私立,技專校院,1052,遠東科技大學,學士班(進修),5,0,0,0
109,私立,技專校院,1052,遠東科技大學,碩士班(日間),19,30,38,1
109,私立,技專校院,1053,光宇學校財團法人元培醫事科技大學,學士班(日間),23,11,29,0
109,私立,技專校院,1053,光宇學校財團法人元培醫事科技大學,學士班(進修),24,0,0,0
109,私立,技專校院,1053,光宇學校財團法人元培醫事科技大學,碩士班(日間),2,3,3,0
109,私立,技專校院,1054,景文科技大學,學士班(日間),185,0,0,0
109,私立,技專校院,1054,景文科技大學,碩士班(日間),3,0,0,1
109,私立,技專校院,1055,中華醫事科技大學,五專,27,0,0,0
109,私立,技專校院,1055,中華醫事科技大學,學士班(日間),116,4,13,2
109,私立,技專校院,1055,中華醫事科技大學,學士班(進修),29,0,0,0
109,私立,技專校院,1055,中華醫事科技大學,碩士班(日間),1,0,0,0
109,私立,技專校院,1056,東南科技大學,學士班(日間),371,5,5,5
109,私立,技專校院,1057,德明財經科技大學,學士班(日間),365,2,6,0
109,私立,技專校院,1057,德明財經科技大學,碩士班(日間),0,3,3,0
109,私立,一般大學,1058,明道學校財團法人明道大學,學士班(日間),9,0,0,0
109,私立,一般大學,1058,明道學校財團法人明道大學,學士班(進修),2,0,0,0
109,私立,一般大學,1058,明道學校財團法人明道大學,碩士班(日間),0,1,1,7
109,私立,一般大學,1058,明道學校財團法人明道大學,碩士在職專班,0,0,0,3
109,私立,一般大學,1058,明道學校財團法人明道大學,博士班,2,0,0,2
109,私立,技專校院,1060,南開科技大學,五專,27,0,0,0
109,私立,技專校院,1060,南開科技大學,學士班(日間),93,1,1,0
109,私立,技專校院,1060,南開科技大學,碩士班(日間),0,4,4,0
109,私立,技專校院,1061,中華學校財團法人中華科技大學,學士班(日間),18,4,13,0
109,私立,技專校院,1062,僑光科技大學,學士班(日間),174,9,33,0
109,私立,技專校院,1062,僑光科技大學,學士班(進修),116,0,0,0
109,私立,技專校院,1062,僑光科技大學,碩士班(日間),0,5,5,0
109,私立,技專校院,1062,僑光科技大學,碩士在職專班,0,9,9,0
109,私立,技專校院,1063,廣亞學校財團法人育達科技大學,學士班(日間),158,0,0,0
109,私立,技專校院,1063,廣亞學校財團法人育達科技大學,學士班(進修),47,0,0,0
109,私立,技專校院,1063,廣亞學校財團法人育達科技大學,碩士班(日間),3,0,0,0
109,私立,技專校院,1063,廣亞學校財團法人育達科技大學,碩士在職專班,4,0,0,0
109,私立,技專校院,1064,美和學校財團法人美和科技大學,五專,65,0,0,0
109,私立,技專校院,1064,美和學校財團法人美和科技大學,學士班(日間),78,0,0,0
109,私立,技專校院,1064,美和學校財團法人美和科技大學,學士班(進修),38,0,0,0
109,私立,技專校院,1064,美和學校財團法人美和科技大學,碩士班(日間),0,2,2,0
109,私立,技專校院,1065,吳鳳科技大學,學士班(日間),24,0,0,0
109,私立,技專校院,1066,環球學校財團法人環球科技大學,學士班(日間),228,0,0,0
109,私立,技專校院,1066,環球學校財團法人環球科技大學,碩士班(日間),0,12,15,20
109,私立,一般大學,1067,台灣首府學校財團法人台灣首府大學,學士班(日間),26,1,2,0
109,私立,一般大學,1067,台灣首府學校財團法人台灣首府大學,碩士班(日間),0,1,1,0
109,私立,技專校院,1068,中州學校財團法人中州科技大學,學士班(日間),109,0,0,0
109,私立,技專校院,1069,修平學校財團法人修平科技大學,學士班(日間),289,0,0,0
109,私立,技專校院,1069,修平學校財團法人修平科技大學,學士班(進修),1,0,0,0
109,私立,技專校院,1069,修平學校財團法人修平科技大學,碩士班(日間),0,6,9,0
109,私立,技專校院,1070,長庚學校財團法人長庚科技大學,學士班(日間),134,0,0,0
109,私立,技專校院,1070,長庚學校財團法人長庚科技大學,學士班(進修),10,0,0,0
109,私立,技專校院,1070,長庚學校財團法人長庚科技大學,碩士班(日間),4,3,5,0
109,私立,技專校院,1070,長庚學校財團法人長庚科技大學,碩士在職專班,16,1,0,7
109,私立,技專校院,1071,城市學校財團法人臺北城市科技大學,五專,58,0,0,0
109,私立,技專校院,1071,城市學校財團法人臺北城市科技大學,學士班(日間),303,61,43,0
109,私立,技專校院,1071,城市學校財團法人臺北城市科技大學,學士班(進修),38,0,0,0
109,私立,技專校院,1071,城市學校財團法人臺北城市科技大學,碩士班(日間),5,0,0,0
109,私立,技專校院,1072,大華學校財團法人敏實科技大學,五專,3,0,0,0
109,私立,技專校院,1072,大華學校財團法人敏實科技大學,學士班(日間),4,0,0,0
109,私立,技專校院,1073,醒吾學校財團法人醒吾科技大學,二專(進修),2,0,0,0
109,私立,技專校院,1073,醒吾學校財團法人醒吾科技大學,五專,6,0,0,0
109,私立,技專校院,1073,醒吾學校財團法人醒吾科技大學,學士班(日間),126,0,0,0
109,私立,技專校院,1073,醒吾學校財團法人醒吾科技大學,學士班(進修),19,0,0,0
109,私立,技專校院,1075,文藻學校財團法人文藻外語大學,五專,149,0,0,0
109,私立,技專校院,1075,文藻學校財團法人文藻外語大學,學士班(日間),181,0,0,0
109,私立,技專校院,1075,文藻學校財團法人文藻外語大學,學士班(進修),1,0,0,0
109,私立,技專校院,1075,文藻學校財團法人文藻外語大學,碩士班(日間),1,3,3,7
109,私立,技專校院,1076,華夏學校財團法人華夏科技大學,二專(進修),1,0,0,0
109,私立,技專校院,1076,華夏學校財團法人華夏科技大學,學士班(日間),22,0,0,0
109,私立,技專校院,1076,華夏學校財團法人華夏科技大學,學士班(進修),9,0,0,0
109,私立,技專校院,1076,華夏學校財團法人華夏科技大學,碩士班(日間),1,0,0,0
109,私立,技專校院,1077,慈濟學校財團法人慈濟科技大學,五專,4,0,0,0
109,私立,技專校院,1077,慈濟學校財團法人慈濟科技大學,學士班(日間),53,2,4,0
109,私立,技專校院,1077,慈濟學校財團法人慈濟科技大學,碩士班(日間),2,21,20,0
109,私立,技專校院,1078,致理學校財團法人致理科技大學,五專,204,0,0,41
109,私立,技專校院,1078,致理學校財團法人致理科技大學,學士班(日間),1574,79,300,281
109,私立,技專校院,1078,致理學校財團法人致理科技大學,學士班(進修),39,2,13,0
109,私立,技專校院,1078,致理學校財團法人致理科技大學,碩士班(日間),15,17,17,10
109,私立,技專校院,1078,致理學校財團法人致理科技大學,碩士在職專班,0,7,7,0
109,私立,一般大學,1079,康寧學校財團法人康寧大學,五專,59,0,0,0
109,私立,一般大學,1079,康寧學校財團法人康寧大學,學士班(日間),4,0,0,0
109,私立,一般大學,1079,康寧學校財團法人康寧大學,碩士在職專班,0,1,1,0
109,私立,技專校院,1080,宏國學校財團法人宏國德霖科技大學,五專,77,0,0,0
109,私立,技專校院,1080,宏國學校財團法人宏國德霖科技大學,學士班(日間),385,4,12,0
109,私立,技專校院,1080,宏國學校財團法人宏國德霖科技大學,學士班(進修),75,0,0,0
109,私立,技專校院,1081,東方學校財團法人東方設計大學,五專,10,0,0,0
109,私立,技專校院,1081,東方學校財團法人東方設計大學,學士班(日間),4,0,0,0
109,私立,技專校院,1081,東方學校財團法人東方設計大學,碩士班(日間),6,7,7,0
109,私立,技專校院,1081,東方學校財團法人東方設計大學,博士班,5,0,0,0
109,私立,技專校院,1082,崇右學校財團法人崇右影藝科技大學,二專(進修),37,0,0,0
109,私立,技專校院,1082,崇右學校財團法人崇右影藝科技大學,學士班(日間),38,0,0,0
109,私立,技專校院,1083,台北海洋學校財團法人台北海洋科技大學,二專(進修),3,0,0,0
109,私立,技專校院,1083,台北海洋學校財團法人台北海洋科技大學,五專,134,0,0,0
109,私立,技專校院,1083,台北海洋學校財團法人台北海洋科技大學,學士班(日間),261,0,0,0
109,私立,技專校院,1083,台北海洋學校財團法人台北海洋科技大學,學士班(進修),37,0,0,0
109,私立,技專校院,1083,台北海洋學校財團法人台北海洋科技大學,碩士班(日間),21,0,0,0
109,私立,一般大學,1125,中信學校財團法人中信金融管理學院,學士班(日間),14,0,0,0
109,私立,技專校院,1148,大漢技術學院,學士班(日間),18,0,0,0
109,私立,技專校院,1148,大漢技術學院,學士班(進修),6,0,0,0
109,私立,技專校院,1159,和春技術學院,學士班(進修),3,0,0,0
109,私立,技專校院,1166,亞東技術學院,學士班(日間),186,32,57,1
109,私立,技專校院,1168,南亞科技學校財團法人南亞技術學院,五專,40,1,50,0
109,私立,技專校院,1168,南亞科技學校財團法人南亞技術學院,學士班(日間),10,0,0,0
109,私立,技專校院,1183,黎明技術學院,五專,51,0,0,0
109,私立,技專校院,1183,黎明技術學院,學士班(日間),190,0,0,0
109,私立,技專校院,1183,黎明技術學院,學士班(進修),28,0,0,0
109,私立,技專校院,1185,經國管理暨健康學院,二專(進修),1,0,0,0
109,私立,技專校院,1185,經國管理暨健康學院,五專,4,0,0,0
109,私立,技專校院,1185,經國管理暨健康學院,學士班(日間),28,1,1,0
109,私立,技專校院,1185,經國管理暨健康學院,學士班(進修),6,0,0,0
109,私立,技專校院,1188,大同技術學院,學士班(日間),1,0,0,0
109,私立,一般大學,1195,馬偕學校財團法人馬偕醫學院,碩士班(日間),2,7,10,0
109,私立,一般大學,1195,馬偕學校財團法人馬偕醫學院,博士班,0,3,2,0
109,私立,一般大學,1196,法鼓學校財團法人法鼓文理學院,博士班,0,4,2,0
109,私立,技專校院,1282,馬偕學校財團法人馬偕醫護管理專科學校,五專,241,10,13,0
109,私立,技專校院,1283,仁德醫護管理專科學校,五專,103,6,13,0
109,私立,技專校院,1284,樹人醫護管理專科學校,五專,100,10,38,0
109,私立,技專校院,1285,慈惠醫護管理專科學校,五專,44,0,0,0
109,私立,技專校院,1286,耕莘健康管理專科學校,五專,48,8,33,0
109,私立,技專校院,1287,敏惠醫護管理專科學校,五專,146,0,0,0
109,私立,技專校院,1289,育英醫護管理專科學校,五專,33,1,3,3
109,私立,技專校院,1291,聖母醫護管理專科學校,二專(日間),0,1,3,0
109,私立,技專校院,1291,聖母醫護管理專科學校,五專,8,0,0,2
109,私立,技專校院,1292,新生醫護管理專科學校,五專,13,0,0,0
109,私立,技專校院,1293,崇仁醫護管理專科學校,五專,300,0,0,0
109,私立,宗教研修學院,1R03,臺北基督學院,學士班(日間),0,1,1,0
109,私立,宗教研修學院,1R04,財團法人一貫道天皇基金會一貫道天皇學院,學士班(日間),0,1,23,15
109,私立,宗教研修學院,1R04,財團法人一貫道天皇基金會一貫道天皇學院,碩士班(日間),0,0,0,3
109,私立,宗教研修學院,1R04,財團法人一貫道天皇基金會一貫道天皇學院,碩士在職專班,0,0,0,10
109,公立,一般大學,3002,臺北市立大學,學士班(日間),305,308,364,26
109,公立,一般大學,3002,臺北市立大學,碩士班(日間),63,72,89,29
109,公立,一般大學,3002,臺北市立大學,碩士在職專班,6,28,50,11
109,公立,一般大學,3002,臺北市立大學,博士班,5,6,8,15
