學年度,設立別,學校類別,學校統計處代碼,學校名稱,身分類別,學術主管不符合聘任資格且未改善之單位名稱,備註
107,公立,一般大學,0030,國立臺東大學,學術(系、所、學位學程)主管,高齡健康與照護管理原住民專班,
107,公立,一般大學,0035,國立臺南藝術大學,學術(系、所、學位學程)主管,民族音樂學研究所,
107,公立,一般大學,0035,國立臺南藝術大學,學術(系、所、學位學程)主管,鋼琴合作藝術研究所,
107,公立,一般大學,0037,國立臺北教育大學,學術(系、所、學位學程)主管,當代藝術評論與策展研究全英語碩士學位學程,
107,公立,一般大學,0037,國立臺北教育大學,學術(系、所、學位學程)主管,學習與教學國際碩士學位學程,
107,公立,技專校院,0047,國立高雄餐旅大學,學術(系、所、學位學程)主管,國際觀光學士學位學程,
107,公立,技專校院,0144,國立臺灣戲曲學院,學術(系、所、學位學程)主管,京劇學系,
107,私立,一般大學,1002,輔仁大學,學術(系、所、學位學程)主管,教育領導與科技發展學士學位學程,
107,私立,一般大學,1002,輔仁大學,學術(系、所、學位學程)主管,軟體工程與數位創意學士學位學程,
107,私立,一般大學,1002,輔仁大學,學術(系、所、學位學程)主管,義大利語文學系,
107,私立,一般大學,1002,輔仁大學,學術(系、所、學位學程)主管,學士後法律學系,
107,私立,一般大學,1004,中原大學,學術(系、所、學位學程)主管,化學工程與材料科學國際碩士學位學程,
107,私立,一般大學,1004,中原大學,學術(系、所、學位學程)主管,巨量資料商業應用碩士學位學程,
107,私立,一般大學,1004,中原大學,學術(系、所、學位學程)主管,設計學院社會設計學士學位學程,
107,私立,一般大學,1007,逢甲大學,學術(系、所、學位學程)主管,室內設計進修學士班,
107,私立,一般大學,1007,逢甲大學,學術(系、所、學位學程)主管,室內設計學士學位學程,
107,私立,一般大學,1007,逢甲大學,學術(系、所、學位學程)主管,建築專業學院學士班,
107,私立,一般大學,1007,逢甲大學,學術(系、所、學位學程)主管,建築學士學位學程,
107,私立,一般大學,1007,逢甲大學,學術(系、所、學位學程)主管,澳洲墨爾本皇家理工大學商學與創新雙學士學位學程,
107,私立,一般大學,1012,大葉大學,學術(系、所、學位學程)主管,中等學校教師在職進修設計暨藝術碩士學位班,
107,私立,一般大學,1012,大葉大學,學術(系、所、學位學程)主管,文創產業國際人才學士學位學程,
107,私立,一般大學,1012,大葉大學,學術(系、所、學位學程)主管,休閒事業管理學系,
107,私立,一般大學,1012,大葉大學,學術(系、所、學位學程)主管,多媒體數位內容學位學程,
107,私立,一般大學,1012,大葉大學,學術(系、所、學位學程)主管,空間設計學系,
107,私立,一般大學,1012,大葉大學,學術(系、所、學位學程)主管,建築研究所,
107,私立,一般大學,1012,大葉大學,學術(系、所、學位學程)主管,英語學系,
107,私立,一般大學,1012,大葉大學,學術(系、所、學位學程)主管,婚禮企劃暨節慶管理學士學位學程,
107,私立,一般大學,1012,大葉大學,學術(系、所、學位學程)主管,設計暨藝術學院碩士在職專班,
107,私立,一般大學,1012,大葉大學,學術(系、所、學位學程)主管,設計暨藝術學院碩士班,
107,私立,一般大學,1012,大葉大學,學術(系、所、學位學程)主管,會計資訊學系,
107,私立,一般大學,1012,大葉大學,學術(系、所、學位學程)主管,歐洲文化與旅遊學士學位學程,
107,私立,一般大學,1012,大葉大學,學術(系、所、學位學程)主管,觀光旅遊學系,
107,私立,一般大學,1016,銘傳大學,學術(系、所、學位學程)主管,公共事務學系,
107,私立,一般大學,1016,銘傳大學,學術(系、所、學位學程)主管,旅遊與觀光學士學位學程,
107,私立,一般大學,1016,銘傳大學,學術(系、所、學位學程)主管,時尚創意管理學士學位學程,
107,私立,一般大學,1016,銘傳大學,學術(系、所、學位學程)主管,動漫文創設計學士學位學程,
107,私立,一般大學,1016,銘傳大學,學術(系、所、學位學程)主管,教育研究所,
107,私立,一般大學,1016,銘傳大學,學術(系、所、學位學程)主管,教育暨應用語文學院教育研究所菲律賓境外碩士在職專班,
107,私立,一般大學,1016,銘傳大學,學術(系、所、學位學程)主管,華語文教學碩士學位學程(外國生專班),
107,私立,一般大學,1016,銘傳大學,學術(系、所、學位學程)主管,華語文教學學系,
107,私立,一般大學,1016,銘傳大學,學術(系、所、學位學程)主管,資訊科技應用學士學位學程,
107,私立,一般大學,1016,銘傳大學,學術(系、所、學位學程)主管,廣播電視學系,
107,私立,一般大學,1016,銘傳大學,學術(系、所、學位學程)主管,數位媒體設計學系,
107,私立,一般大學,1016,銘傳大學,學術(系、所、學位學程)主管,諮商與工商心理學系,
107,私立,一般大學,1016,銘傳大學,學術(系、所、學位學程)主管,應用英語學系,
107,私立,一般大學,1016,銘傳大學,學術(學院)主管,國際學院,
107,私立,一般大學,1017,實踐大學,學術(系、所、學位學程)主管,社會工作學系,
107,私立,一般大學,1017,實踐大學,學術(系、所、學位學程)主管,建築設計學系,
107,私立,一般大學,1017,實踐大學,學術(系、所、學位學程)主管,媒體傳達設計學系,
107,私立,一般大學,1017,實踐大學,學術(系、所、學位學程)主管,會計暨稅務學系,
107,私立,一般大學,1017,實踐大學,學術(系、所、學位學程)主管,應用中文學系,
107,私立,一般大學,1017,實踐大學,學術(系、所、學位學程)主管,應用日文學系,
107,私立,一般大學,1017,實踐大學,學術(系、所、學位學程)主管,應用英語學系,
107,私立,一般大學,1017,實踐大學,學術(系、所、學位學程)主管,觀光管理學系,
107,私立,一般大學,1017,實踐大學,學術(學院)主管,設計學院,
107,私立,技專校院,1023,南臺學校財團法人南臺科技大學,學術(系、所、學位學程)主管,應用英語系,
107,私立,技專校院,1024,崑山科技大學,學術(系、所、學位學程)主管,公共關係暨廣告系,
107,私立,技專校院,1024,崑山科技大學,學術(系、所、學位學程)主管,休閒遊憩與運動管理系,
107,私立,技專校院,1024,崑山科技大學,學術(系、所、學位學程)主管,房地產開發與管理系,
107,私立,技專校院,1024,崑山科技大學,學術(系、所、學位學程)主管,視訊傳播設計系,
107,私立,技專校院,1024,崑山科技大學,學術(系、所、學位學程)主管,餐飲管理及廚藝系,
107,私立,技專校院,1024,崑山科技大學,學術(學院)主管,民生應用學院,
107,私立,技專校院,1024,崑山科技大學,學術(學院)主管,創意媒體學院,
107,私立,技專校院,1026,樹德科技大學,學術(系、所、學位學程)主管,生活產品設計系,
107,私立,技專校院,1026,樹德科技大學,學術(系、所、學位學程)主管,企業管理系,
107,私立,技專校院,1026,樹德科技大學,學術(系、所、學位學程)主管,休閒與觀光管理系,
107,私立,技專校院,1026,樹德科技大學,學術(系、所、學位學程)主管,車用電子學士學位學程,
107,私立,技專校院,1026,樹德科技大學,學術(系、所、學位學程)主管,兒童與家庭服務系,
107,私立,技專校院,1026,樹德科技大學,學術(系、所、學位學程)主管,社會工作學士學位學程,
107,私立,技專校院,1026,樹德科技大學,學術(系、所、學位學程)主管,金融管理系,
107,私立,技專校院,1026,樹德科技大學,學術(系、所、學位學程)主管,流行設計系,
107,私立,技專校院,1026,樹德科技大學,學術(系、所、學位學程)主管,視覺傳達設計系,
107,私立,技專校院,1026,樹德科技大學,學術(系、所、學位學程)主管,資訊工程系,
107,私立,技專校院,1026,樹德科技大學,學術(系、所、學位學程)主管,資訊管理系,
107,私立,技專校院,1026,樹德科技大學,學術(系、所、學位學程)主管,電腦與通訊系,
107,私立,技專校院,1026,樹德科技大學,學術(系、所、學位學程)主管,餐旅與烘焙管理系,
107,私立,技專校院,1026,樹德科技大學,學術(系、所、學位學程)主管,應用外語系,
107,私立,技專校院,1026,樹德科技大學,學術(系、所、學位學程)主管,藝術管理與藝術經紀系,
107,私立,技專校院,1026,樹德科技大學,學術(學院)主管,設計學院,
107,私立,技專校院,1026,樹德科技大學,學術(學院)主管,資訊學院,
107,私立,技專校院,1026,樹德科技大學,學術(學院)主管,管理學院,
107,私立,一般大學,1027,慈濟學校財團法人慈濟大學,學術(學院)主管,人文社會學院,
107,私立,一般大學,1027,慈濟學校財團法人慈濟大學,學術(學院)主管,國際暨跨領域學院,
107,私立,技專校院,1030,龍華科技大學,學術(系、所、學位學程)主管,文化創意與數位媒體設計系,
107,私立,技專校院,1030,龍華科技大學,學術(系、所、學位學程)主管,多媒體與遊戲發展科學系,
107,私立,技專校院,1030,龍華科技大學,學術(系、所、學位學程)主管,資訊管理(學)系,
107,私立,技專校院,1030,龍華科技大學,學術(系、所、學位學程)主管,電機工程(學)系,
107,私立,技專校院,1030,龍華科技大學,學術(學院)主管,管理學院,
107,私立,技專校院,1031,輔英科技大學,學術(系、所、學位學程)主管,助產與婦嬰健康照護系,
107,私立,技專校院,1031,輔英科技大學,學術(系、所、學位學程)主管,高齡及長期照護事業系,
107,私立,技專校院,1031,輔英科技大學,學術(系、所、學位學程)主管,健康事業管理系,
107,私立,技專校院,1031,輔英科技大學,學術(系、所、學位學程)主管,健康美容系,
107,私立,技專校院,1031,輔英科技大學,學術(系、所、學位學程)主管,應用外語系,
107,私立,技專校院,1031,輔英科技大學,學術(系、所、學位學程)主管,醫學檢驗生物技術系,
107,私立,技專校院,1031,輔英科技大學,學術(系、所、學位學程)主管,護理系,
107,私立,技專校院,1031,輔英科技大學,學術(學院)主管,人文與管理學院,
107,私立,技專校院,1031,輔英科技大學,學術(學院)主管,護理學院,
107,私立,技專校院,1032,明新學校財團法人明新科技大學,學術(系、所、學位學程)主管,(嬰)幼兒保育系,
107,私立,技專校院,1032,明新學校財團法人明新科技大學,學術(系、所、學位學程)主管,工業工程與(工程)管理系,
107,私立,技專校院,1032,明新學校財團法人明新科技大學,學術(系、所、學位學程)主管,文化觀光產業學士學位學程,
107,私立,技專校院,1032,明新學校財團法人明新科技大學,學術(系、所、學位學程)主管,休閒事業管理系,
107,私立,技專校院,1032,明新學校財團法人明新科技大學,學術(系、所、學位學程)主管,雲端科技與商務應用學士學位學程,
107,私立,技專校院,1032,明新學校財團法人明新科技大學,學術(系、所、學位學程)主管,資訊管理(學)系,
107,私立,一般大學,1033,長榮大學,學術(系、所、學位學程)主管,日語進修學士學位學程,
107,私立,一般大學,1033,長榮大學,學術(系、所、學位學程)主管,東南亞文化與產業學士學位學程,
107,私立,一般大學,1033,長榮大學,學術(系、所、學位學程)主管,保健營養學系,
107,私立,一般大學,1033,長榮大學,學術(系、所、學位學程)主管,智慧生活應用學士學位學程,
107,私立,一般大學,1033,長榮大學,學術(系、所、學位學程)主管,管理學士學位學程,
107,私立,一般大學,1033,長榮大學,學術(系、所、學位學程)主管,數位內容設計學系,
107,私立,一般大學,1033,長榮大學,學術(學院)主管,環境教育國際實驗學院,
107,私立,技專校院,1034,弘光科技大學,學術(系、所、學位學程)主管,文化創意產業系,
107,私立,技專校院,1034,弘光科技大學,學術(系、所、學位學程)主管,幼兒保育系,
107,私立,技專校院,1034,弘光科技大學,學術(系、所、學位學程)主管,餐旅管理系,
107,私立,技專校院,1034,弘光科技大學,學術(學院)主管,通識學院,
107,私立,技專校院,1036,健行學校財團法人健行科技大學,學術(系、所、學位學程)主管,工業管理系,
107,私立,技專校院,1036,健行學校財團法人健行科技大學,學術(系、所、學位學程)主管,行銷與流通管理系,
107,私立,技專校院,1036,健行學校財團法人健行科技大學,學術(系、所、學位學程)主管,財務金融系,
107,私立,技專校院,1036,健行學校財團法人健行科技大學,學術(系、所、學位學程)主管,電機工程系,
107,私立,技專校院,1036,健行學校財團法人健行科技大學,學術(系、所、學位學程)主管,數位多媒體設計系,
107,私立,技專校院,1036,健行學校財團法人健行科技大學,學術(系、所、學位學程)主管,餐旅管理系,
107,私立,技專校院,1036,健行學校財團法人健行科技大學,學術(系、所、學位學程)主管,應用空間資訊系,
107,私立,技專校院,1036,健行學校財團法人健行科技大學,學術(學院)主管,民生創意學院,
107,私立,技專校院,1036,健行學校財團法人健行科技大學,學術(學院)主管,商管學院,
107,私立,技專校院,1036,健行學校財團法人健行科技大學,學術(學院)主管,電資學院,
107,私立,技專校院,1038,萬能學校財團法人萬能科技大學,學術(系、所、學位學程)主管,企業管理系,
107,私立,技專校院,1038,萬能學校財團法人萬能科技大學,學術(系、所、學位學程)主管,旅館管理系,
107,私立,技專校院,1038,萬能學校財團法人萬能科技大學,學術(系、所、學位學程)主管,資訊工程系,
107,私立,技專校院,1038,萬能學校財團法人萬能科技大學,學術(系、所、學位學程)主管,資訊管理系,
107,私立,技專校院,1038,萬能學校財團法人萬能科技大學,學術(系、所、學位學程)主管,營建科技系,
107,私立,技專校院,1038,萬能學校財團法人萬能科技大學,學術(學院)主管,設計學院,
107,私立,技專校院,1038,萬能學校財團法人萬能科技大學,學術(學院)主管,觀光餐旅暨管理學院,
107,私立,一般大學,1039,玄奘大學,學術(系、所、學位學程)主管,大眾傳播學系,
107,私立,一般大學,1039,玄奘大學,學術(系、所、學位學程)主管,法律學系,
107,私立,一般大學,1039,玄奘大學,學術(系、所、學位學程)主管,社會工作學系,
107,私立,一般大學,1039,玄奘大學,學術(系、所、學位學程)主管,視覺傳達設計學系,
107,私立,一般大學,1039,玄奘大學,學術(系、所、學位學程)主管,資訊管理學系,
107,私立,一般大學,1039,玄奘大學,學術(系、所、學位學程)主管,廣播與電視新聞學系,
107,私立,一般大學,1039,玄奘大學,學術(系、所、學位學程)主管,影劇藝術學系,
107,私立,一般大學,1039,玄奘大學,學術(系、所、學位學程)主管,應用心理學系,
107,私立,一般大學,1039,玄奘大學,學術(系、所、學位學程)主管,藝術與創意設計學系,
107,私立,一般大學,1039,玄奘大學,學術(學院)主管,國際餐旅暨管理學院,
107,私立,一般大學,1039,玄奘大學,學術(學院)主管,設計學院,
107,私立,一般大學,1039,玄奘大學,學術(學院)主管,傳播學院,
107,私立,技專校院,1040,建國科技大學,學術(系、所、學位學程)主管,土木工程系暨土木與防災研究所,
107,私立,技專校院,1040,建國科技大學,學術(系、所、學位學程)主管,商業設計系,
107,私立,技專校院,1040,建國科技大學,學術(系、所、學位學程)主管,國際企業管理系,
107,私立,技專校院,1040,建國科技大學,學術(系、所、學位學程)主管,資訊管理系,
107,私立,技專校院,1040,建國科技大學,學術(系、所、學位學程)主管,資訊與網路通訊系,
107,私立,技專校院,1040,建國科技大學,學術(系、所、學位學程)主管,電子工程系所,
107,私立,技專校院,1040,建國科技大學,學術(系、所、學位學程)主管,數位媒體設計系暨媒體與遊戲設計碩士班,
107,私立,技專校院,1040,建國科技大學,學術(學院)主管,工程學院,
107,私立,技專校院,1040,建國科技大學,學術(學院)主管,設計學院,
107,私立,技專校院,1041,明志科技大學,學術(系、所、學位學程)主管,視覺傳達設計系,
107,私立,技專校院,1042,高苑科技大學,學術(學院)主管,規劃與設計學院,
107,私立,技專校院,1043,大仁科技大學,學術(系、所、學位學程)主管,時尚美容應用系,
107,私立,技專校院,1043,大仁科技大學,學術(系、所、學位學程)主管,寵物美容學位學程,
107,私立,技專校院,1043,大仁科技大學,學術(系、所、學位學程)主管,護理學系,
107,私立,技專校院,1043,大仁科技大學,學術(學院)主管,休閒暨餐旅學院,
107,私立,技專校院,1044,聖約翰科技大學,學術(系、所、學位學程)主管,企業管理系,
107,私立,技專校院,1044,聖約翰科技大學,學術(系、所、學位學程)主管,資訊管理系,
107,私立,技專校院,1044,聖約翰科技大學,學術(系、所、學位學程)主管,觀光與休閒管理系,
107,私立,技專校院,1044,聖約翰科技大學,學術(學院)主管,商管學院,
107,私立,技專校院,1045,嶺東科技大學,學術(系、所、學位學程)主管,流行設計系,
107,私立,技專校院,1045,嶺東科技大學,學術(系、所、學位學程)主管,視覺傳達設計系,
107,私立,技專校院,1045,嶺東科技大學,學術(系、所、學位學程)主管,資訊管理系,
107,私立,技專校院,1045,嶺東科技大學,學術(系、所、學位學程)主管,資訊網路系,
107,私立,技專校院,1045,嶺東科技大學,學術(系、所、學位學程)主管,數位媒體設計系,
107,私立,技專校院,1045,嶺東科技大學,學術(系、所、學位學程)主管,應用外語系,
107,私立,技專校院,1045,嶺東科技大學,學術(系、所、學位學程)主管,觀光與休閒管理系,
107,私立,技專校院,1046,中國科技大學,學術(系、所、學位學程)主管,視覺傳達設計系,
107,私立,技專校院,1046,中國科技大學,學術(系、所、學位學程)主管,影視設計系,
107,私立,技專校院,1046,中國科技大學,學術(學院)主管,規劃與設計學院,
107,私立,技專校院,1046,中國科技大學,學術(學院)主管,資訊學院,
107,私立,一般大學,1049,開南大學,學術(系、所、學位學程)主管,交通運輸學系,
107,私立,一般大學,1049,開南大學,學術(系、所、學位學程)主管,行銷學系,
107,私立,一般大學,1049,開南大學,學術(系、所、學位學程)主管,法律學系,
107,私立,一般大學,1049,開南大學,學術(系、所、學位學程)主管,會計學系,
107,私立,一般大學,1049,開南大學,學術(系、所、學位學程)主管,資訊傳播學系,
107,私立,一般大學,1049,開南大學,學術(系、所、學位學程)主管,電影與創意媒體學系,
107,私立,一般大學,1049,開南大學,學術(系、所、學位學程)主管,應用英語學系,
107,私立,一般大學,1049,開南大學,學術(學院)主管,人文社會學院,
107,私立,一般大學,1049,開南大學,學術(學院)主管,商學院,
107,私立,一般大學,1050,佛光大學,學術(學院)主管,樂活產業學院,
107,私立,技專校院,1051,台南家專學校財團法人台南應用科技大學,學術(系、所、學位學程)主管,幼兒保育系,
107,私立,技專校院,1051,台南家專學校財團法人台南應用科技大學,學術(系、所、學位學程)主管,企業管理系,
107,私立,技專校院,1051,台南家專學校財團法人台南應用科技大學,學術(系、所、學位學程)主管,多媒體動畫系,
107,私立,技專校院,1051,台南家專學校財團法人台南應用科技大學,學術(系、所、學位學程)主管,流行音樂學士學位學程,
107,私立,技專校院,1051,台南家專學校財團法人台南應用科技大學,學術(系、所、學位學程)主管,旅館管理系,
107,私立,技專校院,1051,台南家專學校財團法人台南應用科技大學,學術(系、所、學位學程)主管,財務金融系,
107,私立,技專校院,1051,台南家專學校財團法人台南應用科技大學,學術(系、所、學位學程)主管,國際企業經營系,
107,私立,技專校院,1051,台南家專學校財團法人台南應用科技大學,學術(系、所、學位學程)主管,連鎖加盟經營管理學士學位學程,
107,私立,技專校院,1051,台南家專學校財團法人台南應用科技大學,學術(系、所、學位學程)主管,視覺傳達設計系,
107,私立,技專校院,1051,台南家專學校財團法人台南應用科技大學,學術(系、所、學位學程)主管,運動休閒與健康管理系,
107,私立,技專校院,1051,台南家專學校財團法人台南應用科技大學,學術(系、所、學位學程)主管,餐旅管理學位學程,
107,私立,技專校院,1051,台南家專學校財團法人台南應用科技大學,學術(系、所、學位學程)主管,餐飲系,
107,私立,技專校院,1051,台南家專學校財團法人台南應用科技大學,學術(學院)主管,設計學院,
107,私立,技專校院,1052,遠東科技大學,學術(系、所、學位學程)主管,自動化控制系,
107,私立,技專校院,1052,遠東科技大學,學術(系、所、學位學程)主管,流行音樂產業管理系,
107,私立,技專校院,1052,遠東科技大學,學術(系、所、學位學程)主管,旅遊事業管理系,
107,私立,技專校院,1052,遠東科技大學,學術(系、所、學位學程)主管,電機工程系,
107,私立,技專校院,1052,遠東科技大學,學術(系、所、學位學程)主管,數位媒體設計與管理系,
107,私立,技專校院,1053,光宇學校財團法人元培醫事科技大學,學術(系、所、學位學程)主管,行動科技應用系,
107,私立,技專校院,1053,光宇學校財團法人元培醫事科技大學,學術(系、所、學位學程)主管,資訊管理系,
107,私立,技專校院,1053,光宇學校財團法人元培醫事科技大學,學術(系、所、學位學程)主管,網路與數位媒體應用學士學位學程,
107,私立,技專校院,1053,光宇學校財團法人元培醫事科技大學,學術(系、所、學位學程)主管,餐飲管理系,
107,私立,技專校院,1053,光宇學校財團法人元培醫事科技大學,學術(系、所、學位學程)主管,環境工程衛生系,
107,私立,技專校院,1053,光宇學校財團法人元培醫事科技大學,學術(系、所、學位學程)主管,醫學影像暨放射技術系,
107,私立,技專校院,1054,景文科技大學,學術(系、所、學位學程)主管,行動商務與多媒體應用系,
107,私立,技專校院,1054,景文科技大學,學術(系、所、學位學程)主管,財務金融(學)系,
107,私立,技專校院,1054,景文科技大學,學術(系、所、學位學程)主管,國際貿易(學)系,
107,私立,技專校院,1054,景文科技大學,學術(系、所、學位學程)主管,理財與稅務規劃系,
107,私立,技專校院,1054,景文科技大學,學術(系、所、學位學程)主管,會議展覽管理學士學位學程,
107,私立,技專校院,1054,景文科技大學,學術(系、所、學位學程)主管,資訊工程學系,
107,私立,技專校院,1054,景文科技大學,學術(系、所、學位學程)主管,餐飲管理學系,
107,私立,技專校院,1054,景文科技大學,學術(系、所、學位學程)主管,環境科技與物業管理系,
107,私立,技專校院,1055,中華醫事科技大學,學術(系、所、學位學程)主管,化妝品應用與管理系,
107,私立,技專校院,1055,中華醫事科技大學,學術(系、所、學位學程)主管,長期照顧系,
107,私立,技專校院,1055,中華醫事科技大學,學術(系、所、學位學程)主管,語言治療系,
107,私立,技專校院,1055,中華醫事科技大學,學術(系、所、學位學程)主管,調理保健技術系(科),
107,私立,技專校院,1055,中華醫事科技大學,學術(系、所、學位學程)主管,餐旅管理系,
107,私立,技專校院,1055,中華醫事科技大學,學術(系、所、學位學程)主管,醫務暨健康事業管理系,
107,私立,技專校院,1055,中華醫事科技大學,學術(系、所、學位學程)主管,醫學檢驗生物技術系,
107,私立,技專校院,1055,中華醫事科技大學,學術(系、所、學位學程)主管,寵物美容學士學位學程,
107,私立,技專校院,1056,東南科技大學,學術(系、所、學位學程)主管,企業管理(學)系,
107,私立,技專校院,1056,東南科技大學,學術(系、所、學位學程)主管,行銷與流通管理系,
107,私立,技專校院,1056,東南科技大學,學術(系、所、學位學程)主管,創意產品設計系,
107,私立,技專校院,1056,東南科技大學,學術(系、所、學位學程)主管,資訊科技系,
107,私立,技專校院,1056,東南科技大學,學術(系、所、學位學程)主管,數位媒體設計系,
107,私立,技專校院,1056,東南科技大學,學術(學院)主管,創新設計學院,
107,私立,技專校院,1057,德明財經科技大學,學術(系、所、學位學程)主管,多媒體設計系,
107,私立,技專校院,1057,德明財經科技大學,學術(系、所、學位學程)主管,國際貿易系,
107,私立,技專校院,1057,德明財經科技大學,學術(學院)主管,財金學院,
107,私立,一般大學,1058,明道學校財團法人明道大學,學術(系、所、學位學程)主管,企業管理學系,
107,私立,一般大學,1058,明道學校財團法人明道大學,學術(系、所、學位學程)主管,休閒保健學系,
107,私立,一般大學,1058,明道學校財團法人明道大學,學術(系、所、學位學程)主管,行銷與物流學系,
107,私立,一般大學,1058,明道學校財團法人明道大學,學術(系、所、學位學程)主管,時尚造形學系,
107,私立,一般大學,1058,明道學校財團法人明道大學,學術(系、所、學位學程)主管,財務金融學系,
107,私立,一般大學,1058,明道學校財團法人明道大學,學術(系、所、學位學程)主管,景觀與環境設計學系,
107,私立,一般大學,1058,明道學校財團法人明道大學,學術(系、所、學位學程)主管,資訊傳播學系,
107,私立,一般大學,1058,明道學校財團法人明道大學,學術(系、所、學位學程)主管,精緻農業學系,
107,私立,一般大學,1058,明道學校財團法人明道大學,學術(系、所、學位學程)主管,數位設計學系,
107,私立,一般大學,1058,明道學校財團法人明道大學,學術(系、所、學位學程)主管,餐旅管理學系,
107,私立,一般大學,1058,明道學校財團法人明道大學,學術(系、所、學位學程)主管,應用英語學系,
107,私立,一般大學,1058,明道學校財團法人明道大學,學術(學院)主管,人文學院,
107,私立,一般大學,1058,明道學校財團法人明道大學,學術(學院)主管,設計學院,
107,私立,一般大學,1058,明道學校財團法人明道大學,學術(學院)主管,餐旅觀光學院,
107,私立,一般大學,1058,明道學校財團法人明道大學,學術(學院)主管,應用科學院,
107,私立,技專校院,1061,中華學校財團法人中華科技大學,學術(系、所、學位學程)主管,文創與數位多媒體系,
107,私立,技專校院,1061,中華學校財團法人中華科技大學,學術(系、所、學位學程)主管,生物科技系,
107,私立,技專校院,1061,中華學校財團法人中華科技大學,學術(系、所、學位學程)主管,國際商務與行銷系,
107,私立,技專校院,1061,中華學校財團法人中華科技大學,學術(系、所、學位學程)主管,資訊管理系,
107,私立,技專校院,1061,中華學校財團法人中華科技大學,學術(系、所、學位學程)主管,觀光餐旅系,
107,私立,技專校院,1061,中華學校財團法人中華科技大學,學術(學院)主管,航空學院,
107,私立,技專校院,1061,中華學校財團法人中華科技大學,學術(學院)主管,健康科技學院,
107,私立,技專校院,1062,僑光科技大學,學術(系、所、學位學程)主管,多媒體與遊戲設計系,
107,私立,技專校院,1063,廣亞學校財團法人育達科技大學,學術(系、所、學位學程)主管,幼兒保育系,
107,私立,技專校院,1063,廣亞學校財團法人育達科技大學,學術(系、所、學位學程)主管,休閒事業管理系,
107,私立,技專校院,1063,廣亞學校財團法人育達科技大學,學術(系、所、學位學程)主管,多媒體與遊戲設計系,
107,私立,技專校院,1063,廣亞學校財團法人育達科技大學,學術(系、所、學位學程)主管,應用日語系,
107,私立,技專校院,1063,廣亞學校財團法人育達科技大學,學術(系、所、學位學程)主管,應用英語系,
107,私立,技專校院,1063,廣亞學校財團法人育達科技大學,學術(學院)主管,人文社會學院,
107,私立,技專校院,1064,美和學校財團法人美和科技大學,學術(系、所、學位學程)主管,生物科技系,
107,私立,技專校院,1064,美和學校財團法人美和科技大學,學術(系、所、學位學程)主管,企業管理系,
107,私立,技專校院,1064,美和學校財團法人美和科技大學,學術(系、所、學位學程)主管,護理系,
107,私立,技專校院,1064,美和學校財團法人美和科技大學,學術(系、所、學位學程)主管,觀光系,
107,私立,技專校院,1064,美和學校財團法人美和科技大學,學術(學院)主管,經營管理學院,
107,私立,技專校院,1065,吳鳳科技大學,學術(系、所、學位學程)主管,幼兒保育系,
107,私立,技專校院,1065,吳鳳科技大學,學術(系、所、學位學程)主管,安全科技與管理系,
107,私立,技專校院,1065,吳鳳科技大學,學術(系、所、學位學程)主管,長期照護系,
107,私立,技專校院,1065,吳鳳科技大學,學術(系、所、學位學程)主管,消防系,
107,私立,技專校院,1065,吳鳳科技大學,學術(系、所、學位學程)主管,應用日語系,
107,私立,技專校院,1065,吳鳳科技大學,學術(系、所、學位學程)主管,應用遊戲科技系,
107,私立,技專校院,1065,吳鳳科技大學,學術(系、所、學位學程)主管,應用數位媒體系,
107,私立,技專校院,1065,吳鳳科技大學,學術(學院)主管,醫學健康學院,
107,私立,技專校院,1065,吳鳳科技大學,學術(學院)主管,觀光餐旅學院,
107,私立,技專校院,1066,環球學校財團法人環球科技大學,學術(系、所、學位學程)主管,幼兒保育系,
107,私立,技專校院,1066,環球學校財團法人環球科技大學,學術(系、所、學位學程)主管,多媒體動畫設計系,
107,私立,技專校院,1066,環球學校財團法人環球科技大學,學術(系、所、學位學程)主管,視覺傳達設計系,
107,私立,技專校院,1066,環球學校財團法人環球科技大學,學術(系、所、學位學程)主管,資訊與電子商務管理系,
107,私立,技專校院,1066,環球學校財團法人環球科技大學,學術(系、所、學位學程)主管,應用外語系,
107,私立,技專校院,1066,環球學校財團法人環球科技大學,學術(系、所、學位學程)主管,觀光與生態旅遊系,
107,私立,一般大學,1067,台灣首府學校財團法人台灣首府大學,學術(學院)主管,旅館管理學院,
107,私立,一般大學,1067,台灣首府學校財團法人台灣首府大學,學術(學院)主管,教育與設計學院,
107,私立,技專校院,1068,中州學校財團法人中州科技大學,學術(學院)主管,健康學院,
107,私立,技專校院,1069,修平學校財團法人修平科技大學,學術(系、所、學位學程)主管,人力資源管理與發展系(含碩士班),
107,私立,技專校院,1069,修平學校財團法人修平科技大學,學術(系、所、學位學程)主管,行銷與流通管理系,
107,私立,技專校院,1069,修平學校財團法人修平科技大學,學術(系、所、學位學程)主管,國際企業經營系,
107,私立,技專校院,1069,修平學校財團法人修平科技大學,學術(系、所、學位學程)主管,資訊網路技術系,
107,私立,技專校院,1069,修平學校財團法人修平科技大學,學術(系、所、學位學程)主管,數位媒體設計系,
107,私立,技專校院,1069,修平學校財團法人修平科技大學,學術(系、所、學位學程)主管,應用日語系,
107,私立,技專校院,1069,修平學校財團法人修平科技大學,學術(系、所、學位學程)主管,應用英語系,
107,私立,技專校院,1069,修平學校財團法人修平科技大學,學術(系、所、學位學程)主管,觀光與遊憩管理系,
107,私立,技專校院,1069,修平學校財團法人修平科技大學,學術(學院)主管,工程學院,
107,私立,技專校院,1069,修平學校財團法人修平科技大學,學術(學院)主管,管理學院,
107,私立,技專校院,1069,修平學校財團法人修平科技大學,學術(學院)主管,觀光與創意學院,
107,私立,技專校院,1071,城市學校財團法人臺北城市科技大學,學術(系、所、學位學程)主管,化妝品應用與管理系,
107,私立,技專校院,1071,城市學校財團法人臺北城市科技大學,學術(系、所、學位學程)主管,休閒事業系,
107,私立,技專校院,1071,城市學校財團法人臺北城市科技大學,學術(系、所、學位學程)主管,行銷與流通管理系,
107,私立,技專校院,1071,城市學校財團法人臺北城市科技大學,學術(系、所、學位學程)主管,流行音樂事業學士學位學程,
107,私立,技專校院,1071,城市學校財團法人臺北城市科技大學,學術(系、所、學位學程)主管,旅館事業管理學士學位學程,
107,私立,技專校院,1071,城市學校財團法人臺北城市科技大學,學術(系、所、學位學程)主管,烘焙創意與經營管理學士學位學程,
107,私立,技專校院,1071,城市學校財團法人臺北城市科技大學,學術(系、所、學位學程)主管,會議展覽服務業(專業人員)學位學程,
107,私立,技專校院,1071,城市學校財團法人臺北城市科技大學,學術(系、所、學位學程)主管,資訊管理系,
107,私立,技專校院,1071,城市學校財團法人臺北城市科技大學,學術(系、所、學位學程)主管,電腦與通訊工程系,
107,私立,技專校院,1071,城市學校財團法人臺北城市科技大學,學術(系、所、學位學程)主管,演藝事業學士學位學程,
107,私立,技專校院,1071,城市學校財團法人臺北城市科技大學,學術(系、所、學位學程)主管,數位多媒體設計系,
107,私立,技專校院,1071,城市學校財團法人臺北城市科技大學,學術(系、所、學位學程)主管,餐飲管理系,
107,私立,技專校院,1071,城市學校財團法人臺北城市科技大學,學術(系、所、學位學程)主管,觀光事業系,
107,私立,技專校院,1071,城市學校財團法人臺北城市科技大學,學術(學院)主管,工程學院,
107,私立,技專校院,1071,城市學校財團法人臺北城市科技大學,學術(學院)主管,民生學院,
107,私立,技專校院,1071,城市學校財團法人臺北城市科技大學,學術(學院)主管,商管學院,
107,私立,技專校院,1072,大華學校財團法人敏實科技大學,學術(學院)主管,商務與觀光管理學院,
107,私立,技專校院,1073,醒吾學校財團法人醒吾科技大學,學術(系、所、學位學程)主管,流行音樂創作學士學位學程,
107,私立,技專校院,1073,醒吾學校財團法人醒吾科技大學,學術(系、所、學位學程)主管,旅運管理系,
107,私立,技專校院,1073,醒吾學校財團法人醒吾科技大學,學術(系、所、學位學程)主管,商業設計系,
107,私立,技專校院,1073,醒吾學校財團法人醒吾科技大學,學術(系、所、學位學程)主管,資訊科技應用系,
107,私立,技專校院,1073,醒吾學校財團法人醒吾科技大學,學術(系、所、學位學程)主管,資訊管理系,
107,私立,技專校院,1073,醒吾學校財團法人醒吾科技大學,學術(系、所、學位學程)主管,數位設計系,
107,私立,技專校院,1073,醒吾學校財團法人醒吾科技大學,學術(系、所、學位學程)主管,餐旅管理系,
107,私立,技專校院,1073,醒吾學校財團法人醒吾科技大學,學術(系、所、學位學程)主管,觀光休閒系,
107,私立,技專校院,1073,醒吾學校財團法人醒吾科技大學,學術(學院)主管,流行藝術學院,
107,私立,技專校院,1073,醒吾學校財團法人醒吾科技大學,學術(學院)主管,商管學院,
107,私立,技專校院,1073,醒吾學校財團法人醒吾科技大學,學術(學院)主管,設計學院,
107,私立,技專校院,1073,醒吾學校財團法人醒吾科技大學,學術(學院)主管,觀餐學院,
107,私立,技專校院,1074,南榮學校財團法人南榮科技大學,學術(學院)主管,工程科技學院,
107,私立,技專校院,1074,南榮學校財團法人南榮科技大學,學術(學院)主管,生活應用學院,
107,私立,技專校院,1074,南榮學校財團法人南榮科技大學,學術(學院)主管,商業管理學院,
107,私立,技專校院,1075,文藻學校財團法人文藻外語大學,學術(系、所、學位學程)主管,外語文教事業發展研究所,
107,私立,技專校院,1075,文藻學校財團法人文藻外語大學,學術(系、所、學位學程)主管,外語教學系,
107,私立,技專校院,1075,文藻學校財團法人文藻外語大學,學術(系、所、學位學程)主管,多國語複譯研究所,
107,私立,技專校院,1075,文藻學校財團法人文藻外語大學,學術(系、所、學位學程)主管,國際事務系,
107,私立,技專校院,1075,文藻學校財團法人文藻外語大學,學術(系、所、學位學程)主管,國際事務碩士學位學程,
107,私立,技專校院,1075,文藻學校財團法人文藻外語大學,學術(系、所、學位學程)主管,國際觀光與會展學士學位學程,
107,私立,技專校院,1075,文藻學校財團法人文藻外語大學,學術(系、所、學位學程)主管,傳播藝術系,
107,私立,技專校院,1075,文藻學校財團法人文藻外語大學,學術(系、所、學位學程)主管,數位內容應用與管理系,
107,私立,技專校院,1075,文藻學校財團法人文藻外語大學,學術(系、所、學位學程)主管,歐洲研究所,
107,私立,技專校院,1075,文藻學校財團法人文藻外語大學,學術(系、所、學位學程)主管,翻譯系,
107,私立,技專校院,1075,文藻學校財團法人文藻外語大學,學術(學院)主管,人文教育學院,
107,私立,技專校院,1075,文藻學校財團法人文藻外語大學,學術(學院)主管,英語暨國際學院,
107,私立,技專校院,1076,華夏學校財團法人華夏科技大學,學術(系、所、學位學程)主管,資訊工程系,
107,私立,技專校院,1077,慈濟學校財團法人慈濟科技大學,學術(系、所、學位學程)主管,放射醫學科學研究所,
107,私立,技專校院,1077,慈濟學校財團法人慈濟科技大學,學術(系、所、學位學程)主管,資訊科技與管理系,
107,私立,技專校院,1077,慈濟學校財團法人慈濟科技大學,學術(系、所、學位學程)主管,醫學影像暨放射科學系,
107,私立,技專校院,1077,慈濟學校財團法人慈濟科技大學,學術(學院)主管,健康科技管理學院,
107,私立,技專校院,1077,慈濟學校財團法人慈濟科技大學,學術(學院)主管,護理學院,
107,私立,一般大學,1079,康寧學校財團法人康寧大學,學術(系、所、學位學程)主管,嬰幼兒保育學系,
107,私立,一般大學,1079,康寧學校財團法人康寧大學,學術(系、所、學位學程)主管,應用外語學系,
107,私立,一般大學,1079,康寧學校財團法人康寧大學,學術(學院)主管,商業資訊學院,
107,私立,技專校院,1080,宏國學校財團法人宏國德霖科技大學,學術(學院)主管,不動產學院,
107,私立,技專校院,1080,宏國學校財團法人宏國德霖科技大學,學術(學院)主管,餐旅學院,
107,私立,技專校院,1081,東方學校財團法人東方設計大學,學術(系、所、學位學程)主管,文化創意設計研究所,
107,私立,技專校院,1081,東方學校財團法人東方設計大學,學術(系、所、學位學程)主管,流行商品設計系,
107,私立,技專校院,1081,東方學校財團法人東方設計大學,學術(系、所、學位學程)主管,美術工藝系,
107,私立,技專校院,1081,東方學校財團法人東方設計大學,學術(系、所、學位學程)主管,影視藝術系,
107,私立,技專校院,1081,東方學校財團法人東方設計大學,學術(系、所、學位學程)主管,觀光與休閒事業管理系,
107,私立,技專校院,1081,東方學校財團法人東方設計大學,學術(學院)主管,民生設計學院,
107,私立,技專校院,1081,東方學校財團法人東方設計大學,學術(學院)主管,應用設計學院,
107,私立,技專校院,1082,崇右學校財團法人崇右影藝科技大學,學術(系、所、學位學程)主管,創意商品設計系,
107,私立,技專校院,1082,崇右學校財團法人崇右影藝科技大學,學術(系、所、學位學程)主管,攝影學士學位學程,
107,私立,技專校院,1082,崇右學校財團法人崇右影藝科技大學,學術(學院)主管,表演藝術學院,
107,私立,技專校院,1082,崇右學校財團法人崇右影藝科技大學,學術(學院)主管,影視設計學院,
107,私立,技專校院,1082,崇右學校財團法人崇右影藝科技大學,學術(學院)主管,觀光產業學院,
107,私立,技專校院,1083,台北海洋學校財團法人台北海洋科技大學,學術(系、所、學位學程)主管,表演藝術系,
107,私立,技專校院,1083,台北海洋學校財團法人台北海洋科技大學,學術(系、所、學位學程)主管,旅遊管理系,
107,私立,技專校院,1083,台北海洋學校財團法人台北海洋科技大學,學術(系、所、學位學程)主管,時尚造型設計管理系,
107,私立,技專校院,1083,台北海洋學校財團法人台北海洋科技大學,學術(系、所、學位學程)主管,健康促進與銀髮保健系,
107,私立,技專校院,1083,台北海洋學校財團法人台北海洋科技大學,學術(系、所、學位學程)主管,健康照顧社會工作系,
107,私立,技專校院,1083,台北海洋學校財團法人台北海洋科技大學,學術(系、所、學位學程)主管,數位遊戲與動畫設計系,
107,私立,技專校院,1083,台北海洋學校財團法人台北海洋科技大學,學術(系、所、學位學程)主管,輪機工程系,
107,私立,技專校院,1083,台北海洋學校財團法人台北海洋科技大學,學術(學院)主管,海洋事業學院,
107,私立,技專校院,1083,台北海洋學校財團法人台北海洋科技大學,學術(學院)主管,創新設計學院,
107,私立,技專校院,1083,台北海洋學校財團法人台北海洋科技大學,學術(學院)主管,樂活民生學院,
107,私立,技專校院,1159,和春技術學院,學術(學院)主管,工學群,
107,私立,技專校院,1159,和春技術學院,學術(學院)主管,文創與設計學群,
107,私立,技專校院,1159,和春技術學院,學術(學院)主管,商管學群,
107,私立,技專校院,1166,亞東技術學院,學術(系、所、學位學程)主管,護理系,
107,私立,技專校院,1166,亞東技術學院,學術(學院)主管,工程學群,
107,私立,技專校院,1166,亞東技術學院,學術(學院)主管,管理暨健康學群,
107,私立,技專校院,1168,南亞科技學校財團法人南亞技術學院,學術(系、所、學位學程)主管,幼兒保育系,
107,私立,一般大學,1176,稻江科技暨管理學院,學術(系、所、學位學程)主管,幼兒教育學系,
107,私立,一般大學,1176,稻江科技暨管理學院,學術(系、所、學位學程)主管,休閒遊憩管理學系,
107,私立,一般大學,1176,稻江科技暨管理學院,學術(系、所、學位學程)主管,行動科技學系,
107,私立,一般大學,1176,稻江科技暨管理學院,學術(系、所、學位學程)主管,法律學士學位學程,
107,私立,一般大學,1176,稻江科技暨管理學院,學術(系、所、學位學程)主管,社會工作學系,
107,私立,一般大學,1176,稻江科技暨管理學院,學術(系、所、學位學程)主管,表演藝術學士學位學程,
107,私立,一般大學,1176,稻江科技暨管理學院,學術(系、所、學位學程)主管,時尚美容藝術管理學系,
107,私立,一般大學,1176,稻江科技暨管理學院,學術(系、所、學位學程)主管,動畫遊戲設計學系,
107,私立,一般大學,1176,稻江科技暨管理學院,學術(系、所、學位學程)主管,經營管理進修學士學位學程,
107,私立,一般大學,1176,稻江科技暨管理學院,學術(系、所、學位學程)主管,經營管理學士學位學程,
107,私立,一般大學,1176,稻江科技暨管理學院,學術(系、所、學位學程)主管,觀光規劃進修學士學位學程,
107,私立,一般大學,1176,稻江科技暨管理學院,學術(系、所、學位學程)主管,觀光規劃學士學位學程,
107,私立,技專校院,1182,蘭陽技術學院,學術(系、所、學位學程)主管,健康休閒管理系,
107,私立,技專校院,1182,蘭陽技術學院,學術(系、所、學位學程)主管,數位生活創意系,
107,私立,技專校院,1182,蘭陽技術學院,學術(系、所、學位學程)主管,數位行銷系,
107,私立,技專校院,1182,蘭陽技術學院,學術(系、所、學位學程)主管,觀光旅遊系,
107,私立,技專校院,1183,黎明技術學院,學術(系、所、學位學程)主管,企業管理系,
107,私立,技專校院,1183,黎明技術學院,學術(系、所、學位學程)主管,流行設計系,
107,私立,技專校院,1183,黎明技術學院,學術(系、所、學位學程)主管,時尚造型設計系,
107,私立,技專校院,1183,黎明技術學院,學術(系、所、學位學程)主管,創意產品設計系,
107,私立,技專校院,1183,黎明技術學院,學術(系、所、學位學程)主管,資訊管理(學)系,
107,私立,技專校院,1183,黎明技術學院,學術(系、所、學位學程)主管,影視傳播系,
107,私立,技專校院,1183,黎明技術學院,學術(系、所、學位學程)主管,數位多媒體系,
107,私立,技專校院,1183,黎明技術學院,學術(系、所、學位學程)主管,餐飲管理系,
107,私立,技專校院,1183,黎明技術學院,學術(系、所、學位學程)主管,觀光休閒系,
107,私立,一般大學,1196,法鼓學校財團法人法鼓文理學院,學術(系、所、學位學程)主管,生命教育碩士學位學程,
107,私立,一般大學,1196,法鼓學校財團法人法鼓文理學院,學術(系、所、學位學程)主管,社區再造碩士學位學程,
107,私立,一般大學,1196,法鼓學校財團法人法鼓文理學院,學術(系、所、學位學程)主管,社會企業與創新碩士學位學程,
107,私立,技專校院,1282,馬偕學校財團法人馬偕醫護管理專科學校,學術(科)主管,化妝品應用與管理科,
107,私立,技專校院,1282,馬偕學校財團法人馬偕醫護管理專科學校,學術(科)主管,應用外語科,
107,私立,技專校院,1283,仁德醫護管理專科學校,學術(科)主管,行動數位商務科,
107,私立,技專校院,1283,仁德醫護管理專科學校,學術(科)主管,高齡健康促進科,
107,私立,技專校院,1283,仁德醫護管理專科學校,學術(科)主管,護理科,
107,私立,技專校院,1284,樹人醫護管理專科學校,學術(科)主管,幼兒保育科,
107,私立,技專校院,1284,樹人醫護管理專科學校,學術(科)主管,物理治療科,
107,私立,技專校院,1284,樹人醫護管理專科學校,學術(科)主管,視光學科,
107,私立,技專校院,1284,樹人醫護管理專科學校,學術(科)主管,應用日語科,
107,私立,技專校院,1284,樹人醫護管理專科學校,學術(科)主管,應用英語科,
107,私立,技專校院,1284,樹人醫護管理專科學校,學術(科)主管,護理科,
107,私立,技專校院,1286,耕莘健康管理專科學校,學術(科)主管,護理科,
107,私立,技專校院,1287,敏惠醫護管理專科學校,學術(科)主管,牙體技術科,
107,私立,技專校院,1287,敏惠醫護管理專科學校,學術(科)主管,美容保健科,
107,私立,技專校院,1287,敏惠醫護管理專科學校,學術(科)主管,護理科,
107,私立,技專校院,1289,育英醫護管理專科學校,學術(科)主管,老人服務事業管理科,
107,私立,技專校院,1291,聖母醫護管理專科學校,學術(科)主管,幼兒保育科,
107,私立,技專校院,1291,聖母醫護管理專科學校,學術(科)主管,健康與休閒管理科,
107,私立,技專校院,1292,新生醫護管理專科學校,學術(科)主管,幼兒保育科,
107,私立,技專校院,1293,崇仁醫護管理專科學校,學術(科)主管,美容保健科,
107,私立,宗教研修學院,1R04,財團法人一貫道天皇基金會一貫道天皇學院,學術(系、所、學位學程)主管,一貫道學系,
107,私立,宗教研修學院,1R05,台神學校財團法人台灣神學研究學院,學術(系、所、學位學程)主管,神學研究所,
107,私立,宗教研修學院,1R05,台神學校財團法人台灣神學研究學院,學術(系、所、學位學程)主管,基督教研究所,
107,私立,宗教研修學院,1R07,台灣基督長老教會南神神學院,學術(系、所、學位學程)主管,神學研究所,
108,公立,技專校院,0047,國立高雄餐旅大學,學術(系、所、學位學程)主管,國際觀光餐旅全英文碩士學位學程,該校因特殊情形(如無合格人選、具法定資格者均無意願或無法依規定兼任等)，已函報本部延長其學術主管之代理期限
108,私立,一般大學,1017,實踐大學,學術(系、所、學位學程)主管,應用日文學系,該校因特殊情形(如無合格人選、具法定資格者均無意願或無法依規定兼任等)，已函報本部延長其學術主管之代理期限
108,私立,一般大學,1017,實踐大學,學術(系、所、學位學程)主管,應用英語學系,該校因特殊情形(如無合格人選、具法定資格者均無意願或無法依規定兼任等)，已函報本部延長其學術主管之代理期限
108,私立,一般大學,1017,實踐大學,學術(系、所、學位學程)主管,觀光管理學系,該校因特殊情形(如無合格人選、具法定資格者均無意願或無法依規定兼任等)，已函報本部延長其學術主管之代理期限
108,私立,一般大學,1017,實踐大學,學術(學院)主管,設計學院,該校因特殊情形(如無合格人選、具法定資格者均無意願或無法依規定兼任等)，已函報本部延長其學術主管之代理期限
108,私立,技專校院,1026,樹德科技大學,學術(系、所、學位學程)主管,生活產品設計系,該校因特殊情形(如無合格人選、具法定資格者均無意願或無法依規定兼任等)，已函報本部延長其學術主管之代理期限
108,私立,技專校院,1026,樹德科技大學,學術(系、所、學位學程)主管,行銷管理系,該校因特殊情形(如無合格人選、具法定資格者均無意願或無法依規定兼任等)，已函報本部延長其學術主管之代理期限
108,私立,技專校院,1026,樹德科技大學,學術(系、所、學位學程)主管,金融管理系,該校因特殊情形(如無合格人選、具法定資格者均無意願或無法依規定兼任等)，已函報本部延長其學術主管之代理期限
108,私立,技專校院,1026,樹德科技大學,學術(系、所、學位學程)主管,室內設計系,該校因特殊情形(如無合格人選、具法定資格者均無意願或無法依規定兼任等)，已函報本部延長其學術主管之代理期限
108,私立,技專校院,1026,樹德科技大學,學術(系、所、學位學程)主管,流行設計系,該校因特殊情形(如無合格人選、具法定資格者均無意願或無法依規定兼任等)，已函報本部延長其學術主管之代理期限
108,私立,技專校院,1026,樹德科技大學,學術(系、所、學位學程)主管,視覺傳達設計系,該校因特殊情形(如無合格人選、具法定資格者均無意願或無法依規定兼任等)，已函報本部延長其學術主管之代理期限
108,私立,技專校院,1026,樹德科技大學,學術(系、所、學位學程)主管,資訊工程系,該校因特殊情形(如無合格人選、具法定資格者均無意願或無法依規定兼任等)，已函報本部延長其學術主管之代理期限
108,私立,技專校院,1026,樹德科技大學,學術(系、所、學位學程)主管,資訊管理系,該校因特殊情形(如無合格人選、具法定資格者均無意願或無法依規定兼任等)，已函報本部延長其學術主管之代理期限
108,私立,技專校院,1026,樹德科技大學,學術(系、所、學位學程)主管,餐旅與烘焙管理系,該校因特殊情形(如無合格人選、具法定資格者均無意願或無法依規定兼任等)，已函報本部延長其學術主管之代理期限
108,私立,技專校院,1026,樹德科技大學,學術(系、所、學位學程)主管,應用外語系,該校因特殊情形(如無合格人選、具法定資格者均無意願或無法依規定兼任等)，已函報本部延長其學術主管之代理期限
108,私立,技專校院,1026,樹德科技大學,學術(學院)主管,設計學院,該校因特殊情形(如無合格人選、具法定資格者均無意願或無法依規定兼任等)，已函報本部延長其學術主管之代理期限
108,私立,技專校院,1026,樹德科技大學,學術(學院)主管,管理學院,該校因特殊情形(如無合格人選、具法定資格者均無意願或無法依規定兼任等)，已函報本部延長其學術主管之代理期限
108,私立,技專校院,1053,光宇學校財團法人元培醫事科技大學,學術(系、所、學位學程)主管,行動科技應用系,該校因特殊情形(如無合格人選、具法定資格者均無意願或無法依規定兼任等)，已函報本部延長其學術主管之代理期限
108,私立,技專校院,1053,光宇學校財團法人元培醫事科技大學,學術(系、所、學位學程)主管,資訊管理系,該校因特殊情形(如無合格人選、具法定資格者均無意願或無法依規定兼任等)，已函報本部延長其學術主管之代理期限
108,私立,技專校院,1053,光宇學校財團法人元培醫事科技大學,學術(系、所、學位學程)主管,餐飲管理系,該校因特殊情形(如無合格人選、具法定資格者均無意願或無法依規定兼任等)，已函報本部延長其學術主管之代理期限
108,私立,技專校院,1053,光宇學校財團法人元培醫事科技大學,學術(系、所、學位學程)主管,環境工程衛生系,該校因特殊情形(如無合格人選、具法定資格者均無意願或無法依規定兼任等)，已函報本部延長其學術主管之代理期限
108,私立,技專校院,1053,光宇學校財團法人元培醫事科技大學,學術(系、所、學位學程)主管,護理系,該校因特殊情形(如無合格人選、具法定資格者均無意願或無法依規定兼任等)，已函報本部延長其學術主管之代理期限
108,私立,技專校院,1053,光宇學校財團法人元培醫事科技大學,學術(系、所、學位學程)主管,觀光與休閒管理系,該校因特殊情形(如無合格人選、具法定資格者均無意願或無法依規定兼任等)，已函報本部延長其學術主管之代理期限
108,私立,技專校院,1055,中華醫事科技大學,學術(系、所、學位學程)主管,語言治療系,該校因特殊情形(如無合格人選、具法定資格者均無意願或無法依規定兼任等)，已函報本部延長其學術主管之代理期限
108,私立,技專校院,1066,環球學校財團法人環球科技大學,學術(系、所、學位學程)主管,多媒體動畫設計系,該校因特殊情形(如無合格人選、具法定資格者均無意願或無法依規定兼任等)，已函報本部延長其學術主管之代理期限
108,私立,技專校院,1066,環球學校財團法人環球科技大學,學術(系、所、學位學程)主管,創意商品設計系,該校因特殊情形(如無合格人選、具法定資格者均無意願或無法依規定兼任等)，已函報本部延長其學術主管之代理期限
108,私立,一般大學,1067,台灣首府學校財團法人台灣首府大學,學術(系、所、學位學程)主管,飯店管理學系,該校因特殊情形(如無合格人選、具法定資格者均無意願或無法依規定兼任等)，已函報本部延長其學術主管之代理期限
108,私立,一般大學,1067,台灣首府學校財團法人台灣首府大學,學術(學院)主管,餐旅管理學院,該校因特殊情形(如無合格人選、具法定資格者均無意願或無法依規定兼任等)，已函報本部延長其學術主管之代理期限
108,私立,技專校院,1075,文藻學校財團法人文藻外語大學,學術(系、所、學位學程)主管,多國語複譯研究所,該校因特殊情形(如無合格人選、具法定資格者均無意願或無法依規定兼任等)，已函報本部延長其學術主管之代理期限
108,私立,技專校院,1075,文藻學校財團法人文藻外語大學,學術(系、所、學位學程)主管,國際觀光與會展學士學位學程,該校因特殊情形(如無合格人選、具法定資格者均無意願或無法依規定兼任等)，已函報本部延長其學術主管之代理期限
108,私立,技專校院,1075,文藻學校財團法人文藻外語大學,學術(系、所、學位學程)主管,數位內容應用與管理系,該校因特殊情形(如無合格人選、具法定資格者均無意願或無法依規定兼任等)，已函報本部延長其學術主管之代理期限
108,私立,技專校院,1075,文藻學校財團法人文藻外語大學,學術(系、所、學位學程)主管,翻譯系,該校因特殊情形(如無合格人選、具法定資格者均無意願或無法依規定兼任等)，已函報本部延長其學術主管之代理期限
108,私立,技專校院,1075,文藻學校財團法人文藻外語大學,學術(學院)主管,人文教育學院,該校因特殊情形(如無合格人選、具法定資格者均無意願或無法依規定兼任等)，已函報本部延長其學術主管之代理期限
108,私立,技專校院,1075,文藻學校財團法人文藻外語大學,學術(學院)主管,歐亞語文學院,該校因特殊情形(如無合格人選、具法定資格者均無意願或無法依規定兼任等)，已函報本部延長其學術主管之代理期限
108,私立,技專校院,1083,台北海洋學校財團法人台北海洋科技大學,學術(系、所、學位學程)主管,表演藝術系,該校因特殊情形(如無合格人選、具法定資格者均無意願或無法依規定兼任等)，已函報本部延長其學術主管之代理期限
108,私立,技專校院,1159,和春技術學院,學術(系、所、學位學程)主管,多媒體設計系(108學年度停招),
108,私立,技專校院,1159,和春技術學院,學術(系、所、學位學程)主管,商品設計系(108學年度停招),
108,私立,技專校院,1159,和春技術學院,學術(系、所、學位學程)主管,傳播藝術系(108學年度停招),
108,私立,技專校院,1159,和春技術學院,學術(系、所、學位學程)主管,應用外語系(107學年度停招),
108,私立,一般大學,1176,稻江科技暨管理學院,學術(系、所、學位學程)主管,幼兒教育學系,
108,私立,一般大學,1176,稻江科技暨管理學院,學術(系、所、學位學程)主管,休閒遊憩管理學系,
108,私立,一般大學,1176,稻江科技暨管理學院,學術(系、所、學位學程)主管,行動科技學系,
108,私立,一般大學,1176,稻江科技暨管理學院,學術(系、所、學位學程)主管,社會工作學系,
108,私立,一般大學,1176,稻江科技暨管理學院,學術(系、所、學位學程)主管,表演藝術學士學位學程,
108,私立,一般大學,1176,稻江科技暨管理學院,學術(系、所、學位學程)主管,動畫遊戲設計學系,
108,私立,一般大學,1176,稻江科技暨管理學院,學術(系、所、學位學程)主管,經營管理進修學士學位學程,
108,私立,技專校院,1182,蘭陽技術學院,學術(系、所、學位學程)主管,健康休閒管理系(108學年度停招),
108,私立,技專校院,1182,蘭陽技術學院,學術(系、所、學位學程)主管,電腦應用工程系(103學年度停招),
108,私立,技專校院,1182,蘭陽技術學院,學術(系、所、學位學程)主管,數位行銷系(108學年度停招),
108,私立,技專校院,1182,蘭陽技術學院,學術(系、所、學位學程)主管,觀光旅遊系(108學年度停招),
109,公立,技專校院,0047,國立高雄餐旅大學,學術(系、所、學位學程)主管,國際觀光餐旅全英文碩士學位學程,
109,私立,技專校院,1026,樹德科技大學,學術(系、所、學位學程)主管,行銷管理系,
109,私立,技專校院,1026,樹德科技大學,學術(系、所、學位學程)主管,金融管理系,
109,私立,技專校院,1026,樹德科技大學,學術(系、所、學位學程)主管,室內設計系,
109,私立,技專校院,1026,樹德科技大學,學術(系、所、學位學程)主管,視覺傳達設計系,
109,私立,技專校院,1026,樹德科技大學,學術(系、所、學位學程)主管,資訊管理系,
109,私立,技專校院,1026,樹德科技大學,學術(系、所、學位學程)主管,應用外語系,
109,私立,技專校院,1030,龍華科技大學,學術(系、所、學位學程)主管,企業管理(學)系,
109,私立,技專校院,1032,明新學校財團法人明新科技大學,學術(系、所、學位學程)主管,旅館管理與廚藝創意系,
109,私立,技專校院,1032,明新學校財團法人明新科技大學,學術(系、所、學位學程)主管,財務金融(學)系,
109,私立,技專校院,1032,明新學校財團法人明新科技大學,學術(系、所、學位學程)主管,應用外語系,
109,私立,一般大學,1039,玄奘大學,學術(系、所、學位學程)主管,傳播學院碩士班,
109,私立,一般大學,1039,玄奘大學,學術(學院)主管,傳播學院,
109,私立,技專校院,1044,聖約翰科技大學,學術(系、所、學位學程)主管,時尚經營管理系,
109,私立,技專校院,1046,中國科技大學,學術(學院)主管,規劃與設計學院,
109,私立,技專校院,1055,中華醫事科技大學,學術(系、所、學位學程)主管,語言治療系,
109,私立,技專校院,1055,中華醫事科技大學,學術(系、所、學位學程)主管,醫務暨健康事業管理系,
109,私立,技專校院,1056,東南科技大學,學術(系、所、學位學程)主管,企業管理(學)系(已停招),
109,私立,技專校院,1056,東南科技大學,學術(系、所、學位學程)主管,行銷與流通管理系(已停招),
109,私立,技專校院,1056,東南科技大學,學術(系、所、學位學程)主管,表演藝術系,
109,私立,技專校院,1056,東南科技大學,學術(系、所、學位學程)主管,資訊科技系(已停招),
109,私立,技專校院,1061,中華學校財團法人中華科技大學,學術(系、所、學位學程)主管,行銷與流通管理系,
109,私立,技專校院,1061,中華學校財團法人中華科技大學,學術(系、所、學位學程)主管,食品科學系,
109,私立,技專校院,1065,吳鳳科技大學,學術(系、所、學位學程)主管,安全科技與管理系,
109,私立,技專校院,1066,環球學校財團法人環球科技大學,學術(系、所、學位學程)主管,公共事務管理研究所碩士在職專班,
109,私立,技專校院,1066,環球學校財團法人環球科技大學,學術(系、所、學位學程)主管,生物技術系,
109,私立,技專校院,1066,環球學校財團法人環球科技大學,學術(系、所、學位學程)主管,時尚造型設計系,
109,私立,技專校院,1066,環球學校財團法人環球科技大學,學術(系、所、學位學程)主管,數位媒體與產品設計系,
109,私立,技專校院,1066,環球學校財團法人環球科技大學,學術(學院)主管,觀光學院,
109,私立,技專校院,1069,修平學校財團法人修平科技大學,學術(學院)主管,博雅學院,
109,私立,技專校院,1075,文藻學校財團法人文藻外語大學,學術(系、所、學位學程)主管,多國語複譯研究所,
109,私立,技專校院,1075,文藻學校財團法人文藻外語大學,學術(系、所、學位學程)主管,國際觀光與會展學士學位學程,
109,私立,技專校院,1075,文藻學校財團法人文藻外語大學,學術(系、所、學位學程)主管,數位內容應用與管理系,
109,私立,技專校院,1075,文藻學校財團法人文藻外語大學,學術(系、所、學位學程)主管,翻譯系,
109,私立,技專校院,1075,文藻學校財團法人文藻外語大學,學術(學院)主管,人文教育學院,
109,私立,技專校院,1075,文藻學校財團法人文藻外語大學,學術(學院)主管,歐亞語文學院,
109,私立,技專校院,1083,台北海洋學校財團法人台北海洋科技大學,學術(系、所、學位學程)主管,表演藝術系,
109,私立,技專校院,1083,台北海洋學校財團法人台北海洋科技大學,學術(系、所、學位學程)主管,時尚造型設計管理系,
109,私立,技專校院,1083,台北海洋學校財團法人台北海洋科技大學,學術(系、所、學位學程)主管,視覺傳達設計系,
109,私立,技專校院,1159,和春技術學院,學術(系、所、學位學程)主管,企業管理系(已停招),
109,私立,技專校院,1159,和春技術學院,學術(系、所、學位學程)主管,多媒體設計系(已停招),
109,私立,技專校院,1159,和春技術學院,學術(系、所、學位學程)主管,商品設計系(已停招),
109,私立,技專校院,1159,和春技術學院,學術(系、所、學位學程)主管,傳播藝術系(已停招),
109,私立,技專校院,1159,和春技術學院,學術(系、所、學位學程)主管,應用外語系(已停招),
109,私立,技專校院,1159,和春技術學院,學術(系、所、學位學程)主管,觀光與休閒事業管理系(已停招),
109,私立,一般大學,1176,稻江科技暨管理學院,學術(系、所、學位學程)主管,行動科技學系,該校109學年度停招
109,私立,一般大學,1176,稻江科技暨管理學院,學術(系、所、學位學程)主管,法律學士學位學程,該校109學年度停招
109,私立,一般大學,1176,稻江科技暨管理學院,學術(系、所、學位學程)主管,表演藝術學士學位學程,該校109學年度停招
109,私立,一般大學,1176,稻江科技暨管理學院,學術(系、所、學位學程)主管,時尚美容藝術管理學系,該校109學年度停招
109,私立,一般大學,1176,稻江科技暨管理學院,學術(系、所、學位學程)主管,時尚美容藝術與保健管理學士學位學程,該校109學年度停招
109,私立,一般大學,1176,稻江科技暨管理學院,學術(系、所、學位學程)主管,動畫遊戲設計學系,該校109學年度停招
109,私立,一般大學,1176,稻江科技暨管理學院,學術(系、所、學位學程)主管,經營管理進修學士學位學程,該校109學年度停招
109,私立,一般大學,1176,稻江科技暨管理學院,學術(系、所、學位學程)主管,經營管理學士學位學程,該校109學年度停招
109,私立,一般大學,1176,稻江科技暨管理學院,學術(系、所、學位學程)主管,餐飲管理學系,該校109學年度停招
109,私立,技專校院,1182,蘭陽技術學院,學術(系、所、學位學程)主管,健康休閒管理系(已停招),
109,私立,技專校院,1182,蘭陽技術學院,學術(系、所、學位學程)主管,電腦應用工程系(已停招),
109,私立,技專校院,1182,蘭陽技術學院,學術(系、所、學位學程)主管,數位行銷系(已停招),
109,私立,技專校院,1182,蘭陽技術學院,學術(系、所、學位學程)主管,觀光旅遊系(已停招),
109,私立,技專校院,1188,大同技術學院,學術(系、所、學位學程)主管,時尚造型設計系,
109,私立,宗教研修學院,1R04,財團法人一貫道天皇基金會一貫道天皇學院,學術(系、所、學位學程)主管,一貫道學系,
109,私立,宗教研修學院,1R05,台神學校財團法人台灣神學研究學院,學術(系、所、學位學程)主管,基督教研究所,
109,私立,宗教研修學院,1R07,台灣基督長老教會南神神學院,學術(系、所、學位學程)主管,神學研究所,
110,私立,一般大學,1017,實踐大學,學術(系、所、學位學程)主管,家庭研究與兒童發展學系,
110,私立,一般大學,1017,實踐大學,學術(系、所、學位學程)主管,應用中文學系,
110,私立,技專校院,1024,崑山科技大學,學術(學院)主管,商業管理學院,
110,私立,技專校院,1024,崑山科技大學,學術(學院)主管,創意媒體學院,
110,私立,技專校院,1026,樹德科技大學,學術(系、所、學位學程)主管,企業管理系,
110,私立,技專校院,1026,樹德科技大學,學術(系、所、學位學程)主管,金融管理系,
110,私立,技專校院,1026,樹德科技大學,學術(系、所、學位學程)主管,資訊管理系,
110,私立,技專校院,1026,樹德科技大學,學術(系、所、學位學程)主管,應用外語系,
110,私立,技專校院,1030,龍華科技大學,學術(系、所、學位學程)主管,文化創意與數位媒體設計系,
110,私立,技專校院,1030,龍華科技大學,學術(系、所、學位學程)主管,企業管理(學)系,
110,私立,技專校院,1030,龍華科技大學,學術(系、所、學位學程)主管,國際企業系,
110,私立,技專校院,1030,龍華科技大學,學術(學院)主管,人文暨設計學院,
110,私立,技專校院,1038,萬能學校財團法人萬能科技大學,學術(系、所、學位學程)主管,航空暨運輸服務管理系,
110,私立,技專校院,1044,聖約翰科技大學,學術(系、所、學位學程)主管,老人服務事業系,
110,私立,一般大學,1050,佛光大學,學術(學院)主管,樂活產業學院,
110,私立,技專校院,1056,東南科技大學,學術(系、所、學位學程)主管,企業管理(學)系(已停招),
110,私立,技專校院,1056,東南科技大學,學術(系、所、學位學程)主管,行銷與流通管理系(已停招),
110,私立,技專校院,1056,東南科技大學,學術(系、所、學位學程)主管,資訊科技系(已停招),
110,私立,技專校院,1072,大華學校財團法人敏實科技大學,學術(學院)主管,智能科技學院,
110,私立,技專校院,1072,大華學校財團法人敏實科技大學,學術(學院)主管,智慧生活應用學院,
110,私立,技專校院,1075,文藻學校財團法人文藻外語大學,學術(系、所、學位學程)主管,國際觀光與會展學士學位學程(已停招),
110,私立,技專校院,1075,文藻學校財團法人文藻外語大學,學術(系、所、學位學程)主管,翻譯系(含碩士班),
110,私立,技專校院,1075,文藻學校財團法人文藻外語大學,學術(學院)主管,吳甦樂人文學院,
110,私立,技專校院,1075,文藻學校財團法人文藻外語大學,學術(學院)主管,歐亞語文學院,
110,私立,一般大學,1079,康寧學校財團法人康寧大學,學術(系、所、學位學程)主管,嬰幼兒保育學系,
110,私立,技專校院,1148,大漢技術學院,學術(系、所、學位學程)主管,土木工程與環境資源管理系,
110,私立,技專校院,1182,蘭陽技術學院,學術(系、所、學位學程)主管,健康休閒管理系(已停招),
110,私立,技專校院,1182,蘭陽技術學院,學術(系、所、學位學程)主管,數位行銷系(已停招),
110,私立,技專校院,1182,蘭陽技術學院,學術(系、所、學位學程)主管,觀光旅遊系(已停招),
110,私立,宗教研修學院,1R03,臺北基督學院,學術(系、所、學位學程)主管,基督教博雅學系,
110,私立,宗教研修學院,1R04,財團法人一貫道天皇基金會一貫道天皇學院,學術(系、所、學位學程)主管,一貫道學系,
110,私立,宗教研修學院,1R08,中華福音神學研究學院,學術(系、所、學位學程)主管,神學研究所,
110,私立,宗教研修學院,1R08,中華福音神學研究學院,學術(系、所、學位學程)主管,教牧宣教研究所,
