學年度,設立別,學校類別,學校統計處代碼,學校名稱,編制內外,學位別,總計,專任教師數-一般教師-教授,專任教師數-一般教師-副教授,專任教師數-一般教師-助理教授,專任教師數-一般教師-講師,專任教師數-專案教學人員-教授,專任教師數-專案教學人員-副教授,專任教師數-專案教學人員-助理教授,專任教師數-專案教學人員-講師,專任教師數-專業技術人員及教師-教授,專任教師數-專業技術人員及教師-副教授,專任教師數-專業技術人員及教師-助理教授,專任教師數-專業技術人員及教師-講師,專任教師數-其他教師
110,公立,一般大學,0001,國立政治大學,編制內,學士,19,0,0,1,1,0,0,0,0,0,0,0,0,17
110,公立,一般大學,0001,國立政治大學,編制內,博士,638,302,214,121,0,0,0,0,0,0,0,1,0,0
110,公立,一般大學,0001,國立政治大學,編制內,碩士,28,5,4,0,5,0,0,0,0,0,2,4,4,4
110,公立,一般大學,0001,國立政治大學,編制外,博士,21,0,0,0,0,3,0,18,0,0,0,0,0,0
110,公立,一般大學,0001,國立政治大學,編制外,碩士,20,0,0,0,0,1,0,0,19,0,0,0,0,0
110,公立,一般大學,0002,國立清華大學,編制內,學士,5,2,0,0,0,0,0,0,0,0,1,0,0,2
110,公立,一般大學,0002,國立清華大學,編制內,博士,797,440,234,122,0,0,0,0,0,0,0,1,0,0
110,公立,一般大學,0002,國立清華大學,編制內,碩士,21,5,7,3,3,0,0,0,0,1,0,0,0,2
110,公立,一般大學,0002,國立清華大學,編制外,博士,27,0,0,0,0,14,2,10,1,0,0,0,0,0
110,公立,一般大學,0002,國立清華大學,編制外,碩士,9,0,0,0,0,1,0,0,7,1,0,0,0,0
110,公立,一般大學,0003,國立臺灣大學,編制內,學士,46,21,14,6,0,0,0,0,0,0,0,0,0,5
110,公立,一般大學,0003,國立臺灣大學,編制內,博士,1918,1117,504,292,3,0,0,0,0,1,0,1,0,0
110,公立,一般大學,0003,國立臺灣大學,編制內,碩士,48,9,12,8,10,0,0,0,0,0,0,1,1,7
110,公立,一般大學,0003,國立臺灣大學,編制外,學士,2,0,0,0,0,0,0,1,1,0,0,0,0,0
110,公立,一般大學,0003,國立臺灣大學,編制外,博士,44,0,0,0,0,1,5,37,1,0,0,0,0,0
110,公立,一般大學,0003,國立臺灣大學,編制外,碩士,6,0,0,0,0,0,0,0,6,0,0,0,0,0
110,公立,一般大學,0004,國立臺灣師範大學,編制內,學士,9,0,0,0,0,0,0,0,0,2,0,0,0,7
110,公立,一般大學,0004,國立臺灣師範大學,編制內,博士,734,436,207,88,3,0,0,0,0,0,0,0,0,0
110,公立,一般大學,0004,國立臺灣師範大學,編制內,碩士,37,11,4,1,10,0,0,0,0,2,1,2,0,6
110,公立,一般大學,0004,國立臺灣師範大學,編制內,其他,4,3,1,0,0,0,0,0,0,0,0,0,0,0
110,公立,一般大學,0004,國立臺灣師範大學,編制外,博士,22,0,0,0,0,0,0,19,3,0,0,0,0,0
110,公立,一般大學,0004,國立臺灣師範大學,編制外,碩士,18,0,0,0,0,0,0,0,18,0,0,0,0,0
110,公立,一般大學,0004,國立臺灣師範大學,編制外,其他,1,0,0,0,0,0,0,0,1,0,0,0,0,0
110,公立,一般大學,0005,國立成功大學,編制內,學士,55,25,24,3,0,0,0,0,0,0,0,0,0,3
110,公立,一般大學,0005,國立成功大學,編制內,博士,1186,617,375,187,5,0,0,0,0,0,0,0,0,2
110,公立,一般大學,0005,國立成功大學,編制內,碩士,45,8,15,6,3,0,0,0,0,0,0,0,0,13
110,公立,一般大學,0005,國立成功大學,編制外,博士,25,0,0,0,0,4,2,19,0,0,0,0,0,0
110,公立,一般大學,0005,國立成功大學,編制外,碩士,17,0,0,0,0,0,0,4,13,0,0,0,0,0
110,公立,一般大學,0006,國立中興大學,編制內,學士,13,4,2,2,2,0,0,0,0,0,0,0,0,3
110,公立,一般大學,0006,國立中興大學,編制內,博士,737,405,196,134,2,0,0,0,0,0,0,0,0,0
110,公立,一般大學,0006,國立中興大學,編制內,碩士,32,1,7,4,9,0,0,0,0,0,0,0,0,11
110,公立,一般大學,0006,國立中興大學,編制外,學士,4,0,0,0,0,0,2,2,0,0,0,0,0,0
110,公立,一般大學,0006,國立中興大學,編制外,博士,46,0,0,0,0,5,10,31,0,0,0,0,0,0
110,公立,一般大學,0006,國立中興大學,編制外,碩士,8,0,0,0,0,1,1,6,0,0,0,0,0,0
110,公立,一般大學,0007,國立陽明交通大學,編制內,學士,28,14,6,2,1,0,0,0,0,0,0,0,0,5
110,公立,一般大學,0007,國立陽明交通大學,編制內,博士,1020,568,276,175,1,0,0,0,0,0,0,0,0,0
110,公立,一般大學,0007,國立陽明交通大學,編制內,碩士,42,7,9,7,9,0,0,0,0,0,0,1,0,9
110,公立,一般大學,0007,國立陽明交通大學,編制內,其他,2,0,0,0,1,0,0,0,0,0,0,0,0,1
110,公立,一般大學,0007,國立陽明交通大學,編制外,學士,5,0,0,0,0,0,2,3,0,0,0,0,0,0
110,公立,一般大學,0007,國立陽明交通大學,編制外,博士,49,0,0,0,0,17,3,29,0,0,0,0,0,0
110,公立,一般大學,0007,國立陽明交通大學,編制外,碩士,10,0,0,0,0,0,0,1,9,0,0,0,0,0
110,公立,一般大學,0008,國立中央大學,編制內,學士,5,0,2,0,0,0,0,0,0,0,0,0,0,3
110,公立,一般大學,0008,國立中央大學,編制內,博士,600,340,165,94,1,0,0,0,0,0,0,0,0,0
110,公立,一般大學,0008,國立中央大學,編制內,碩士,17,0,3,4,8,0,0,0,0,0,0,0,0,2
110,公立,一般大學,0008,國立中央大學,編制外,博士,43,0,0,0,0,20,5,17,0,1,0,0,0,0
110,公立,一般大學,0008,國立中央大學,編制外,碩士,10,0,0,0,0,2,0,0,8,0,0,0,0,0
110,公立,一般大學,0009,國立中山大學,編制內,學士,3,0,0,0,0,0,0,0,0,0,0,0,0,3
110,公立,一般大學,0009,國立中山大學,編制內,博士,524,245,135,144,0,0,0,0,0,0,0,0,0,0
110,公立,一般大學,0009,國立中山大學,編制內,碩士,8,2,1,3,1,0,0,0,0,0,0,0,0,1
110,公立,一般大學,0009,國立中山大學,編制外,博士,39,0,0,0,0,4,3,32,0,0,0,0,0,0
110,公立,一般大學,0012,國立臺灣海洋大學,編制內,學士,7,0,0,0,0,0,0,0,0,0,0,1,0,6
110,公立,一般大學,0012,國立臺灣海洋大學,編制內,博士,409,191,115,103,0,0,0,0,0,0,0,0,0,0
110,公立,一般大學,0012,國立臺灣海洋大學,編制內,碩士,13,1,0,3,2,0,0,0,0,0,0,0,0,7
110,公立,一般大學,0012,國立臺灣海洋大學,編制內,其他,1,1,0,0,0,0,0,0,0,0,0,0,0,0
110,公立,一般大學,0012,國立臺灣海洋大學,編制外,博士,8,0,0,0,0,0,0,8,0,0,0,0,0,0
110,公立,一般大學,0012,國立臺灣海洋大學,編制外,碩士,5,0,0,0,0,0,0,0,2,0,0,3,0,0
110,公立,一般大學,0013,國立中正大學,編制內,博士,503,284,155,64,0,0,0,0,0,0,0,0,0,0
110,公立,一般大學,0013,國立中正大學,編制內,碩士,8,0,0,1,1,0,0,0,0,1,1,0,0,4
110,公立,一般大學,0013,國立中正大學,編制外,博士,16,0,0,0,0,4,1,11,0,0,0,0,0,0
110,公立,一般大學,0013,國立中正大學,編制外,碩士,5,0,0,0,0,0,0,0,5,0,0,0,0,0
110,公立,一般大學,0014,國立高雄師範大學,編制內,學士,2,0,0,0,0,0,0,0,0,0,0,0,0,2
110,公立,一般大學,0014,國立高雄師範大學,編制內,博士,265,149,78,37,0,0,0,0,0,0,0,0,0,1
110,公立,一般大學,0014,國立高雄師範大學,編制內,碩士,9,3,1,0,1,0,0,0,0,0,0,0,0,4
110,公立,一般大學,0014,國立高雄師範大學,編制外,博士,8,0,0,0,0,0,0,8,0,0,0,0,0,0
110,公立,一般大學,0015,國立彰化師範大學,編制內,學士,1,0,1,0,0,0,0,0,0,0,0,0,0,0
110,公立,一般大學,0015,國立彰化師範大學,編制內,博士,334,187,98,48,1,0,0,0,0,0,0,0,0,0
110,公立,一般大學,0015,國立彰化師範大學,編制內,碩士,16,4,3,2,6,0,0,0,0,0,0,0,0,1
110,公立,一般大學,0015,國立彰化師範大學,編制外,博士,29,0,0,0,0,11,1,17,0,0,0,0,0,0
110,公立,一般大學,0015,國立彰化師範大學,編制外,碩士,2,0,0,0,0,2,0,0,0,0,0,0,0,0
110,公立,一般大學,0017,國立臺北大學,編制內,學士,5,0,0,0,0,0,0,0,0,0,0,0,0,5
110,公立,一般大學,0017,國立臺北大學,編制內,博士,344,142,113,88,0,0,0,0,0,0,0,0,0,1
110,公立,一般大學,0017,國立臺北大學,編制內,碩士,18,2,0,0,9,0,0,0,0,0,0,0,0,7
110,公立,一般大學,0017,國立臺北大學,編制外,博士,14,0,0,0,0,5,2,7,0,0,0,0,0,0
110,公立,一般大學,0017,國立臺北大學,編制外,碩士,1,0,0,0,0,0,0,0,1,0,0,0,0,0
110,公立,一般大學,0018,國立嘉義大學,編制內,學士,3,0,0,0,0,0,0,0,0,0,0,0,0,3
110,公立,一般大學,0018,國立嘉義大學,編制內,博士,433,203,141,86,3,0,0,0,0,0,0,0,0,0
110,公立,一般大學,0018,國立嘉義大學,編制內,碩士,32,4,8,4,10,0,0,0,0,0,0,0,1,5
110,公立,一般大學,0018,國立嘉義大學,編制外,博士,29,0,0,0,0,0,0,29,0,0,0,0,0,0
110,公立,一般大學,0018,國立嘉義大學,編制外,碩士,3,0,0,0,0,0,0,0,3,0,0,0,0,0
110,公立,一般大學,0019,國立高雄大學,編制內,學士,1,0,0,0,0,0,0,0,0,0,0,0,0,1
110,公立,一般大學,0019,國立高雄大學,編制內,副學士,1,0,0,0,0,0,0,0,0,0,0,0,1,0
110,公立,一般大學,0019,國立高雄大學,編制內,博士,215,114,70,31,0,0,0,0,0,0,0,0,0,0
110,公立,一般大學,0019,國立高雄大學,編制內,碩士,8,3,2,2,0,0,0,0,0,0,0,0,0,1
110,公立,一般大學,0019,國立高雄大學,編制外,博士,9,0,0,0,0,0,0,9,0,0,0,0,0,0
110,公立,一般大學,0019,國立高雄大學,編制外,碩士,4,0,0,0,0,0,0,2,2,0,0,0,0,0
110,公立,一般大學,0020,國立東華大學,編制內,博士,415,197,164,53,1,0,0,0,0,0,0,0,0,0
110,公立,一般大學,0020,國立東華大學,編制內,碩士,8,2,4,2,0,0,0,0,0,0,0,0,0,0
110,公立,一般大學,0020,國立東華大學,編制外,博士,13,0,0,0,0,0,0,10,3,0,0,0,0,0
110,公立,一般大學,0020,國立東華大學,編制外,碩士,20,0,0,0,0,0,0,0,20,0,0,0,0,0
110,公立,一般大學,0021,國立暨南國際大學,編制內,博士,251,130,102,19,0,0,0,0,0,0,0,0,0,0
110,公立,一般大學,0021,國立暨南國際大學,編制內,碩士,1,0,0,1,0,0,0,0,0,0,0,0,0,0
110,公立,一般大學,0021,國立暨南國際大學,編制外,學士,1,0,0,0,0,0,0,0,0,0,0,0,1,0
110,公立,一般大學,0021,國立暨南國際大學,編制外,博士,11,0,0,0,0,0,0,9,2,0,0,0,0,0
110,公立,一般大學,0021,國立暨南國際大學,編制外,碩士,6,0,0,0,0,0,0,0,6,0,0,0,0,0
110,公立,技專校院,0022,國立臺灣科技大學,編制內,博士,399,256,94,47,0,0,0,0,0,1,0,0,0,1
110,公立,技專校院,0022,國立臺灣科技大學,編制內,碩士,7,0,4,0,1,0,0,0,0,0,1,0,0,1
110,公立,技專校院,0022,國立臺灣科技大學,編制外,博士,86,4,0,0,0,12,5,61,0,2,2,0,0,0
110,公立,技專校院,0022,國立臺灣科技大學,編制外,碩士,30,1,0,0,0,1,0,2,22,0,0,4,0,0
110,公立,技專校院,0023,國立雲林科技大學,編制內,學士,2,0,0,0,0,0,0,0,0,0,0,1,0,1
110,公立,技專校院,0023,國立雲林科技大學,編制內,博士,313,152,104,55,0,0,0,0,0,0,0,1,0,1
110,公立,技專校院,0023,國立雲林科技大學,編制內,碩士,37,6,7,8,3,0,0,0,0,0,2,3,1,7
110,公立,技專校院,0023,國立雲林科技大學,編制外,博士,56,0,0,0,0,3,6,45,2,0,0,0,0,0
110,公立,技專校院,0023,國立雲林科技大學,編制外,碩士,10,0,0,0,0,0,0,1,8,0,0,1,0,0
110,公立,技專校院,0024,國立屏東科技大學,編制內,學士,5,1,0,0,0,0,0,0,0,1,0,0,0,3
110,公立,技專校院,0024,國立屏東科技大學,編制內,博士,340,162,122,55,0,0,0,0,0,0,1,0,0,0
110,公立,技專校院,0024,國立屏東科技大學,編制內,碩士,24,4,0,1,12,0,0,0,0,1,1,1,2,2
110,公立,技專校院,0024,國立屏東科技大學,編制外,博士,23,0,0,0,0,1,6,15,1,0,0,0,0,0
110,公立,技專校院,0024,國立屏東科技大學,編制外,碩士,11,0,0,0,0,0,0,1,10,0,0,0,0,0
110,公立,技專校院,0025,國立臺北科技大學,編制內,學士,7,0,0,0,0,0,0,0,0,0,0,0,0,7
110,公立,技專校院,0025,國立臺北科技大學,編制內,博士,421,206,141,72,1,0,0,0,0,0,0,0,0,1
110,公立,技專校院,0025,國立臺北科技大學,編制內,碩士,18,2,6,1,3,0,0,0,0,0,1,0,0,5
110,公立,技專校院,0025,國立臺北科技大學,編制外,博士,7,0,0,0,0,0,0,7,0,0,0,0,0,0
110,公立,技專校院,0025,國立臺北科技大學,編制外,碩士,10,0,0,0,0,0,0,0,10,0,0,0,0,0
110,公立,一般大學,0028,國立臺北藝術大學,編制內,學士,10,0,0,0,0,0,0,0,0,1,1,1,0,7
110,公立,一般大學,0028,國立臺北藝術大學,編制內,副學士,3,0,0,0,0,0,0,0,0,0,1,1,0,1
110,公立,一般大學,0028,國立臺北藝術大學,編制內,博士,76,22,33,20,0,0,0,0,0,0,0,0,0,1
110,公立,一般大學,0028,國立臺北藝術大學,編制內,碩士,71,17,17,15,12,0,0,0,0,0,3,4,0,3
110,公立,一般大學,0028,國立臺北藝術大學,編制內,其他,2,0,0,0,0,0,0,0,0,1,1,0,0,0
110,公立,一般大學,0028,國立臺北藝術大學,編制外,學士,1,0,0,0,0,0,0,1,0,0,0,0,0,0
110,公立,一般大學,0028,國立臺北藝術大學,編制外,副學士,2,0,0,0,0,0,2,0,0,0,0,0,0,0
110,公立,一般大學,0028,國立臺北藝術大學,編制外,碩士,3,0,0,0,0,2,0,0,1,0,0,0,0,0
110,公立,一般大學,0029,國立臺灣藝術大學,編制內,學士,1,0,1,0,0,0,0,0,0,0,0,0,0,0
110,公立,一般大學,0029,國立臺灣藝術大學,編制內,博士,83,42,30,11,0,0,0,0,0,0,0,0,0,0
110,公立,一般大學,0029,國立臺灣藝術大學,編制內,碩士,45,19,11,8,4,0,0,0,0,0,0,2,0,1
110,公立,一般大學,0029,國立臺灣藝術大學,編制內,其他,3,0,0,0,0,0,0,0,0,1,1,1,0,0
110,公立,一般大學,0029,國立臺灣藝術大學,編制外,學士,1,0,0,0,0,1,0,0,0,0,0,0,0,0
110,公立,一般大學,0029,國立臺灣藝術大學,編制外,副學士,1,0,0,0,0,0,0,1,0,0,0,0,0,0
110,公立,一般大學,0029,國立臺灣藝術大學,編制外,博士,19,0,0,0,0,1,4,14,0,0,0,0,0,0
110,公立,一般大學,0029,國立臺灣藝術大學,編制外,碩士,11,0,0,0,0,3,0,8,0,0,0,0,0,0
110,公立,一般大學,0029,國立臺灣藝術大學,編制外,其他,1,0,0,0,0,0,1,0,0,0,0,0,0,0
110,公立,一般大學,0030,國立臺東大學,編制內,學士,2,0,0,0,0,0,0,0,0,0,0,1,0,1
110,公立,一般大學,0030,國立臺東大學,編制內,博士,182,58,78,46,0,0,0,0,0,0,0,0,0,0
110,公立,一般大學,0030,國立臺東大學,編制內,碩士,18,3,3,1,8,0,0,0,0,0,0,0,0,3
110,公立,一般大學,0030,國立臺東大學,編制外,博士,2,0,0,0,0,0,0,2,0,0,0,0,0,0
110,公立,一般大學,0030,國立臺東大學,編制外,碩士,2,0,0,0,0,0,0,0,2,0,0,0,0,0
110,公立,一般大學,0031,國立宜蘭大學,編制內,學士,2,0,1,0,0,0,0,0,0,0,0,0,0,1
110,公立,一般大學,0031,國立宜蘭大學,編制內,博士,195,91,63,41,0,0,0,0,0,0,0,0,0,0
110,公立,一般大學,0031,國立宜蘭大學,編制內,碩士,35,1,12,4,17,0,0,0,0,0,0,0,0,1
110,公立,一般大學,0031,國立宜蘭大學,編制外,博士,1,0,0,0,0,0,0,1,0,0,0,0,0,0
110,公立,一般大學,0032,國立聯合大學,編制內,學士,4,0,1,2,0,0,0,0,0,0,0,0,0,1
110,公立,一般大學,0032,國立聯合大學,編制內,博士,228,81,102,44,0,0,0,0,0,0,0,0,0,1
110,公立,一般大學,0032,國立聯合大學,編制內,碩士,38,1,14,9,13,0,0,0,0,0,0,0,0,1
110,公立,一般大學,0032,國立聯合大學,編制外,博士,9,0,0,0,0,0,1,8,0,0,0,0,0,0
110,公立,一般大學,0032,國立聯合大學,編制外,碩士,4,0,0,0,0,0,0,0,4,0,0,0,0,0
110,公立,技專校院,0033,國立虎尾科技大學,編制內,學士,5,0,0,1,1,0,0,0,0,0,0,0,0,3
110,公立,技專校院,0033,國立虎尾科技大學,編制內,博士,302,142,103,56,0,0,0,0,0,0,0,1,0,0
110,公立,技專校院,0033,國立虎尾科技大學,編制內,碩士,26,3,6,10,6,0,0,0,0,0,0,1,0,0
110,公立,技專校院,0033,國立虎尾科技大學,編制外,博士,9,0,0,0,0,0,1,8,0,0,0,0,0,0
110,公立,技專校院,0033,國立虎尾科技大學,編制外,碩士,7,0,0,0,0,0,0,0,6,0,0,1,0,0
110,公立,一般大學,0035,國立臺南藝術大學,編制內,學士,3,0,0,0,0,0,0,0,0,2,0,1,0,0
110,公立,一般大學,0035,國立臺南藝術大學,編制內,博士,57,18,20,19,0,0,0,0,0,0,0,0,0,0
110,公立,一般大學,0035,國立臺南藝術大學,編制內,碩士,24,4,5,11,2,0,0,0,0,1,1,0,0,0
110,公立,一般大學,0035,國立臺南藝術大學,編制內,其他,13,4,2,5,0,0,0,0,0,0,2,0,0,0
110,公立,一般大學,0035,國立臺南藝術大學,編制外,副學士,1,0,0,0,0,0,0,0,0,0,1,0,0,0
110,公立,一般大學,0035,國立臺南藝術大學,編制外,博士,4,0,0,0,0,1,0,3,0,0,0,0,0,0
110,公立,一般大學,0035,國立臺南藝術大學,編制外,碩士,3,0,0,0,0,0,0,1,1,1,0,0,0,0
110,公立,一般大學,0035,國立臺南藝術大學,編制外,其他,2,0,0,0,0,0,0,0,0,1,0,1,0,0
110,公立,一般大學,0036,國立臺南大學,編制內,學士,2,0,0,0,0,0,0,0,0,0,0,0,0,2
110,公立,一般大學,0036,國立臺南大學,編制內,博士,213,111,73,29,0,0,0,0,0,0,0,0,0,0
110,公立,一般大學,0036,國立臺南大學,編制內,碩士,11,2,7,1,0,0,0,0,0,0,0,0,0,1
110,公立,一般大學,0036,國立臺南大學,編制內,其他,1,0,0,1,0,0,0,0,0,0,0,0,0,0
110,公立,一般大學,0037,國立臺北教育大學,編制內,博士,223,99,64,59,0,0,0,0,0,0,0,0,0,1
110,公立,一般大學,0037,國立臺北教育大學,編制內,碩士,13,4,2,2,3,0,0,0,0,0,0,0,0,2
110,公立,一般大學,0037,國立臺北教育大學,編制內,其他,3,1,0,2,0,0,0,0,0,0,0,0,0,0
110,公立,一般大學,0037,國立臺北教育大學,編制外,博士,5,0,0,0,0,0,1,2,2,0,0,0,0,0
110,公立,一般大學,0037,國立臺北教育大學,編制外,碩士,1,0,0,0,0,0,0,0,1,0,0,0,0,0
110,公立,一般大學,0039,國立臺中教育大學,編制內,博士,179,82,61,36,0,0,0,0,0,0,0,0,0,0
110,公立,一般大學,0039,國立臺中教育大學,編制內,碩士,14,3,4,0,3,0,0,0,0,0,0,0,0,4
110,公立,一般大學,0039,國立臺中教育大學,編制外,博士,10,0,0,0,0,0,0,10,0,0,0,0,0,0
110,公立,一般大學,0039,國立臺中教育大學,編制外,碩士,1,0,0,0,0,0,0,0,1,0,0,0,0,0
110,公立,技專校院,0042,國立澎湖科技大學,編制內,學士,2,0,0,0,1,0,0,0,0,0,0,0,0,1
110,公立,技專校院,0042,國立澎湖科技大學,編制內,博士,81,35,31,15,0,0,0,0,0,0,0,0,0,0
110,公立,技專校院,0042,國立澎湖科技大學,編制內,碩士,11,1,1,5,3,0,0,0,0,1,0,0,0,0
110,公立,技專校院,0042,國立澎湖科技大學,編制外,學士,1,0,0,0,0,0,0,0,0,0,1,0,0,0
110,公立,技專校院,0042,國立澎湖科技大學,編制外,博士,28,0,0,0,0,0,2,25,1,0,0,0,0,0
110,公立,技專校院,0042,國立澎湖科技大學,編制外,碩士,5,0,0,0,0,0,0,1,4,0,0,0,0,0
110,公立,技專校院,0043,國立勤益科技大學,編制內,學士,6,0,2,0,1,0,0,0,0,0,0,0,0,3
110,公立,技專校院,0043,國立勤益科技大學,編制內,副學士,1,0,0,0,0,0,0,0,0,0,0,0,0,1
110,公立,技專校院,0043,國立勤益科技大學,編制內,博士,218,109,79,30,0,0,0,0,0,0,0,0,0,0
110,公立,技專校院,0043,國立勤益科技大學,編制內,碩士,44,6,13,9,12,0,0,0,0,0,0,0,1,3
110,公立,技專校院,0043,國立勤益科技大學,編制外,博士,45,0,0,0,0,0,1,44,0,0,0,0,0,0
110,公立,一般大學,0044,國立體育大學,編制內,學士,1,0,0,0,0,0,0,0,0,0,0,0,0,1
110,公立,一般大學,0044,國立體育大學,編制內,博士,67,33,21,11,0,0,0,0,0,0,1,0,0,1
110,公立,一般大學,0044,國立體育大學,編制內,碩士,34,5,9,1,5,0,0,0,0,1,4,2,0,7
110,公立,技專校院,0046,國立臺北護理健康大學,編制內,博士,151,43,60,48,0,0,0,0,0,0,0,0,0,0
110,公立,技專校院,0046,國立臺北護理健康大學,編制內,碩士,13,0,0,2,8,0,0,0,0,0,0,0,0,3
110,公立,技專校院,0046,國立臺北護理健康大學,編制外,博士,17,0,0,0,0,0,0,17,0,0,0,0,0,0
110,公立,技專校院,0046,國立臺北護理健康大學,編制外,碩士,31,0,0,0,0,0,1,0,1,0,0,0,0,29
110,公立,技專校院,0047,國立高雄餐旅大學,編制內,學士,3,0,0,0,0,0,0,0,0,0,0,1,0,2
110,公立,技專校院,0047,國立高雄餐旅大學,編制內,博士,94,24,50,19,0,0,0,0,0,1,0,0,0,0
110,公立,技專校院,0047,國立高雄餐旅大學,編制內,碩士,33,2,6,11,3,0,0,0,0,5,1,3,0,2
110,公立,技專校院,0047,國立高雄餐旅大學,編制外,學士,6,0,0,0,0,0,0,0,0,1,1,2,2,0
110,公立,技專校院,0047,國立高雄餐旅大學,編制外,副學士,1,0,0,0,0,0,0,0,0,0,0,1,0,0
110,公立,技專校院,0047,國立高雄餐旅大學,編制外,博士,15,1,0,0,0,0,0,13,1,0,0,0,0,0
110,公立,技專校院,0047,國立高雄餐旅大學,編制外,碩士,12,0,0,0,0,0,0,2,5,3,0,1,1,0
110,公立,一般大學,0048,國立金門大學,編制內,學士,1,0,0,0,0,0,0,0,0,0,0,0,0,1
110,公立,一般大學,0048,國立金門大學,編制內,博士,125,31,72,21,1,0,0,0,0,0,0,0,0,0
110,公立,一般大學,0048,國立金門大學,編制內,碩士,6,1,4,0,1,0,0,0,0,0,0,0,0,0
110,公立,一般大學,0048,國立金門大學,編制外,學士,1,0,0,0,0,0,0,0,0,0,0,0,1,0
110,公立,一般大學,0048,國立金門大學,編制外,博士,14,0,0,0,0,0,1,13,0,0,0,0,0,0
110,公立,一般大學,0048,國立金門大學,編制外,碩士,1,0,0,0,0,0,0,1,0,0,0,0,0,0
110,公立,一般大學,0049,國立臺灣體育運動大學,編制內,學士,11,0,1,0,0,0,0,0,0,0,1,0,0,9
110,公立,一般大學,0049,國立臺灣體育運動大學,編制內,博士,63,19,32,12,0,0,0,0,0,0,0,0,0,0
110,公立,一般大學,0049,國立臺灣體育運動大學,編制內,碩士,49,6,9,6,6,0,0,0,0,1,2,3,0,16
110,公立,一般大學,0049,國立臺灣體育運動大學,編制外,博士,2,0,0,0,0,0,0,2,0,0,0,0,0,0
110,公立,一般大學,0049,國立臺灣體育運動大學,編制外,碩士,1,0,0,0,0,0,0,0,1,0,0,0,0,0
110,公立,技專校院,0050,國立臺中科技大學,編制內,學士,6,0,1,0,0,0,0,0,0,0,0,1,0,4
110,公立,技專校院,0050,國立臺中科技大學,編制內,博士,279,93,121,65,0,0,0,0,0,0,0,0,0,0
110,公立,技專校院,0050,國立臺中科技大學,編制內,碩士,81,7,24,30,14,0,0,0,0,0,0,0,0,6
110,公立,技專校院,0050,國立臺中科技大學,編制外,學士,2,0,0,0,0,0,0,0,0,0,0,0,0,2
110,公立,技專校院,0050,國立臺中科技大學,編制外,博士,26,0,0,0,0,0,1,25,0,0,0,0,0,0
110,公立,技專校院,0050,國立臺中科技大學,編制外,碩士,24,0,0,0,0,0,0,0,1,0,0,0,0,23
110,公立,技專校院,0051,國立臺北商業大學,編制內,學士,4,0,0,0,1,0,0,0,0,0,0,0,0,3
110,公立,技專校院,0051,國立臺北商業大學,編制內,博士,164,53,77,34,0,0,0,0,0,0,0,0,0,0
110,公立,技專校院,0051,國立臺北商業大學,編制內,碩士,40,2,9,4,15,0,0,0,0,0,0,0,0,10
110,公立,技專校院,0051,國立臺北商業大學,編制外,博士,10,0,0,0,0,0,0,9,1,0,0,0,0,0
110,公立,技專校院,0051,國立臺北商業大學,編制外,碩士,2,0,0,0,0,0,0,0,1,0,0,1,0,0
110,公立,一般大學,0052,國立屏東大學,編制內,學士,2,0,0,0,0,0,0,0,0,0,0,0,0,2
110,公立,一般大學,0052,國立屏東大學,編制內,博士,318,89,138,90,0,0,0,0,0,0,0,0,0,1
110,公立,一般大學,0052,國立屏東大學,編制內,碩士,29,3,4,7,10,0,0,0,0,0,1,0,0,4
110,公立,一般大學,0052,國立屏東大學,編制外,博士,4,0,0,0,0,0,0,4,0,0,0,0,0,0
110,公立,一般大學,0052,國立屏東大學,編制外,碩士,2,0,0,0,0,0,0,1,1,0,0,0,0,0
110,公立,技專校院,0053,國立高雄科技大學,編制內,學士,18,4,4,0,0,0,0,0,0,0,0,0,0,10
110,公立,技專校院,0053,國立高雄科技大學,編制內,博士,717,339,261,116,0,0,0,0,0,1,0,0,0,0
110,公立,技專校院,0053,國立高雄科技大學,編制內,碩士,78,3,17,22,22,0,0,0,0,0,2,2,1,9
110,公立,技專校院,0053,國立高雄科技大學,編制外,博士,35,0,0,0,0,1,5,27,2,0,0,0,0,0
110,公立,技專校院,0053,國立高雄科技大學,編制外,碩士,12,0,0,0,0,0,0,1,10,0,0,0,1,0
110,公立,技專校院,0144,國立臺灣戲曲學院,編制內,學士,2,1,0,0,0,0,0,0,0,0,1,0,0,0
110,公立,技專校院,0144,國立臺灣戲曲學院,編制內,博士,9,1,3,4,0,0,0,0,0,0,1,0,0,0
110,公立,技專校院,0144,國立臺灣戲曲學院,編制內,碩士,16,1,4,3,1,0,0,0,0,0,4,3,0,0
110,公立,技專校院,0144,國立臺灣戲曲學院,編制內,其他,3,0,0,1,0,0,0,0,0,0,0,1,1,0
110,公立,技專校院,0144,國立臺灣戲曲學院,編制外,學士,2,0,0,0,0,0,0,0,0,1,1,0,0,0
110,公立,技專校院,0144,國立臺灣戲曲學院,編制外,博士,1,0,0,0,0,0,0,0,0,0,1,0,0,0
110,公立,技專校院,0144,國立臺灣戲曲學院,編制外,碩士,1,0,1,0,0,0,0,0,0,0,0,0,0,0
110,公立,技專校院,0144,國立臺灣戲曲學院,編制外,其他,1,0,0,0,0,0,0,0,0,0,0,1,0,0
110,公立,技專校院,0221,國立臺南護理專科學校,編制內,博士,53,9,18,26,0,0,0,0,0,0,0,0,0,0
110,公立,技專校院,0221,國立臺南護理專科學校,編制內,碩士,7,0,3,1,3,0,0,0,0,0,0,0,0,0
110,公立,技專校院,0221,國立臺南護理專科學校,編制外,學士,9,0,0,0,0,0,0,0,0,0,0,0,0,9
110,公立,技專校院,0221,國立臺南護理專科學校,編制外,博士,1,0,0,0,0,0,0,0,1,0,0,0,0,0
110,公立,技專校院,0221,國立臺南護理專科學校,編制外,碩士,22,0,0,0,0,0,0,2,1,0,0,0,0,19
110,公立,技專校院,0222,國立臺東專科學校,編制內,博士,40,7,13,20,0,0,0,0,0,0,0,0,0,0
110,公立,技專校院,0222,國立臺東專科學校,編制內,碩士,19,0,0,6,10,0,0,0,0,0,2,1,0,0
110,公立,技專校院,0222,國立臺東專科學校,編制外,博士,4,0,0,0,0,0,0,4,0,0,0,0,0,0
110,公立,技專校院,0222,國立臺東專科學校,編制外,碩士,1,0,0,0,0,0,0,0,1,0,0,0,0,0
110,私立,一般大學,1001,東海大學,編制內,學士,3,0,0,0,0,0,0,0,0,0,0,0,0,3
110,私立,一般大學,1001,東海大學,編制內,博士,448,148,158,142,0,0,0,0,0,0,0,0,0,0
110,私立,一般大學,1001,東海大學,編制內,碩士,64,5,11,9,16,0,0,0,0,0,2,1,0,20
110,私立,一般大學,1001,東海大學,編制內,其他,1,0,0,0,0,0,0,0,0,0,1,0,0,0
110,私立,一般大學,1001,東海大學,編制外,博士,27,0,0,0,0,9,0,18,0,0,0,0,0,0
110,私立,一般大學,1001,東海大學,編制外,碩士,11,0,0,0,0,0,0,0,11,0,0,0,0,0
110,私立,一般大學,1002,輔仁大學,編制內,學士,13,2,1,1,6,0,0,0,0,0,1,0,0,2
110,私立,一般大學,1002,輔仁大學,編制內,博士,549,153,250,145,0,0,0,0,0,0,1,0,0,0
110,私立,一般大學,1002,輔仁大學,編制內,碩士,72,9,13,5,24,0,0,0,0,1,1,2,1,16
110,私立,一般大學,1002,輔仁大學,編制內,其他,1,0,0,0,0,0,0,0,0,0,0,0,0,1
110,私立,一般大學,1002,輔仁大學,編制外,副學士,1,0,0,0,0,0,0,0,0,0,0,1,0,0
110,私立,一般大學,1002,輔仁大學,編制外,博士,83,0,0,0,0,7,2,71,1,0,2,0,0,0
110,私立,一般大學,1002,輔仁大學,編制外,碩士,13,0,0,0,0,0,0,1,3,1,0,7,1,0
110,私立,一般大學,1003,東吳大學,編制內,學士,1,0,1,0,0,0,0,0,0,0,0,0,0,0
110,私立,一般大學,1003,東吳大學,編制內,博士,343,121,118,104,0,0,0,0,0,0,0,0,0,0
110,私立,一般大學,1003,東吳大學,編制內,碩士,41,5,7,1,26,0,0,0,0,0,0,0,0,2
110,私立,一般大學,1003,東吳大學,編制內,其他,1,0,1,0,0,0,0,0,0,0,0,0,0,0
110,私立,一般大學,1003,東吳大學,編制外,學士,2,0,0,0,0,0,2,0,0,0,0,0,0,0
110,私立,一般大學,1003,東吳大學,編制外,博士,36,0,0,0,0,9,3,24,0,0,0,0,0,0
110,私立,一般大學,1003,東吳大學,編制外,碩士,8,0,0,0,0,4,4,0,0,0,0,0,0,0
110,私立,一般大學,1004,中原大學,編制內,學士,2,0,0,0,0,0,0,0,0,0,0,0,0,2
110,私立,一般大學,1004,中原大學,編制內,博士,418,148,143,125,0,0,0,0,0,1,1,0,0,0
110,私立,一般大學,1004,中原大學,編制內,碩士,48,4,11,4,9,0,0,0,0,0,3,1,0,16
110,私立,一般大學,1004,中原大學,編制外,學士,1,0,0,0,0,1,0,0,0,0,0,0,0,0
110,私立,一般大學,1004,中原大學,編制外,博士,23,0,0,0,0,3,2,16,2,0,0,0,0,0
110,私立,一般大學,1004,中原大學,編制外,碩士,7,0,0,0,0,0,1,1,4,0,1,0,0,0
110,私立,一般大學,1005,淡江大學學校財團法人淡江大學,編制內,學士,6,0,2,0,0,0,0,0,0,0,0,0,0,4
110,私立,一般大學,1005,淡江大學學校財團法人淡江大學,編制內,博士,610,208,275,126,1,0,0,0,0,0,0,0,0,0
110,私立,一般大學,1005,淡江大學學校財團法人淡江大學,編制內,碩士,67,5,12,8,15,0,0,0,0,0,0,0,0,27
110,私立,一般大學,1005,淡江大學學校財團法人淡江大學,編制外,副學士,1,0,0,0,0,1,0,0,0,0,0,0,0,0
110,私立,一般大學,1005,淡江大學學校財團法人淡江大學,編制外,博士,55,0,0,0,0,13,7,35,0,0,0,0,0,0
110,私立,一般大學,1005,淡江大學學校財團法人淡江大學,編制外,碩士,3,0,0,0,0,1,1,0,1,0,0,0,0,0
110,私立,一般大學,1006,中國文化大學,編制內,學士,14,3,1,0,1,0,0,0,0,1,2,1,0,5
110,私立,一般大學,1006,中國文化大學,編制內,博士,519,180,238,97,0,0,0,0,0,2,1,0,0,1
110,私立,一般大學,1006,中國文化大學,編制內,碩士,83,15,23,8,14,0,0,0,0,1,10,6,0,6
110,私立,一般大學,1006,中國文化大學,編制外,學士,1,0,0,0,0,0,0,0,0,0,0,1,0,0
110,私立,一般大學,1006,中國文化大學,編制外,博士,70,0,0,0,0,2,3,65,0,0,0,0,0,0
110,私立,一般大學,1006,中國文化大學,編制外,碩士,6,0,0,0,0,1,0,1,2,1,0,1,0,0
110,私立,一般大學,1007,逢甲大學,編制內,學士,2,0,0,0,0,0,0,0,0,0,0,1,0,1
110,私立,一般大學,1007,逢甲大學,編制內,博士,566,195,215,152,1,0,0,0,0,1,1,1,0,0
110,私立,一般大學,1007,逢甲大學,編制內,碩士,51,2,8,10,10,0,0,0,0,1,1,4,0,15
110,私立,一般大學,1007,逢甲大學,編制外,博士,33,0,0,0,0,5,1,27,0,0,0,0,0,0
110,私立,一般大學,1007,逢甲大學,編制外,碩士,5,0,0,0,0,1,0,0,4,0,0,0,0,0
110,私立,一般大學,1008,靜宜大學,編制內,學士,5,0,1,0,1,0,0,0,0,0,0,0,0,3
110,私立,一般大學,1008,靜宜大學,編制內,博士,287,85,123,79,0,0,0,0,0,0,0,0,0,0
110,私立,一般大學,1008,靜宜大學,編制內,碩士,24,3,3,5,11,0,0,0,0,0,0,0,0,2
110,私立,一般大學,1008,靜宜大學,編制外,博士,40,0,0,0,0,0,1,39,0,0,0,0,0,0
110,私立,一般大學,1008,靜宜大學,編制外,碩士,18,0,0,0,0,0,0,0,14,0,3,0,1,0
110,私立,一般大學,1009,長庚大學,編制內,學士,70,16,24,22,7,0,0,0,0,0,0,0,0,1
110,私立,一般大學,1009,長庚大學,編制內,博士,483,200,138,142,2,0,0,0,0,0,0,1,0,0
110,私立,一般大學,1009,長庚大學,編制內,碩士,39,2,6,13,14,0,0,0,0,0,0,1,0,3
110,私立,一般大學,1010,元智大學,編制內,學士,3,0,1,1,1,0,0,0,0,0,0,0,0,0
110,私立,一般大學,1010,元智大學,編制內,博士,269,93,96,78,0,0,0,0,0,0,1,1,0,0
110,私立,一般大學,1010,元智大學,編制內,碩士,15,0,3,5,3,0,0,0,0,0,0,0,0,4
110,私立,一般大學,1010,元智大學,編制外,博士,5,0,0,0,0,1,0,3,0,0,0,1,0,0
110,私立,一般大學,1010,元智大學,編制外,碩士,4,0,0,0,0,0,0,0,4,0,0,0,0,0
110,私立,一般大學,1011,中華大學學校財團法人中華大學,編制內,學士,3,1,0,0,0,0,0,0,0,0,0,1,0,1
110,私立,一般大學,1011,中華大學學校財團法人中華大學,編制內,博士,157,52,68,36,0,0,0,0,0,1,0,0,0,0
110,私立,一般大學,1011,中華大學學校財團法人中華大學,編制內,碩士,34,2,5,4,16,0,0,0,0,0,1,3,0,3
110,私立,一般大學,1011,中華大學學校財團法人中華大學,編制外,博士,9,0,0,0,0,2,0,7,0,0,0,0,0,0
110,私立,一般大學,1011,中華大學學校財團法人中華大學,編制外,碩士,4,0,0,0,0,0,0,0,1,0,1,2,0,0
110,私立,一般大學,1012,大葉大學,編制內,學士,4,0,0,0,0,0,0,0,0,1,1,1,0,1
110,私立,一般大學,1012,大葉大學,編制內,博士,173,46,71,56,0,0,0,0,0,0,0,0,0,0
110,私立,一般大學,1012,大葉大學,編制內,碩士,38,0,14,17,1,0,0,0,0,0,2,1,0,3
110,私立,一般大學,1012,大葉大學,編制內,其他,1,0,0,0,0,0,0,0,0,0,1,0,0,0
110,私立,一般大學,1012,大葉大學,編制外,學士,1,0,0,0,0,0,0,0,0,0,0,1,0,0
110,私立,一般大學,1012,大葉大學,編制外,博士,22,0,0,0,0,2,1,19,0,0,0,0,0,0
110,私立,一般大學,1012,大葉大學,編制外,碩士,46,0,0,0,0,0,0,0,33,0,0,13,0,0
110,私立,一般大學,1013,華梵大學,編制內,博士,41,13,16,12,0,0,0,0,0,0,0,0,0,0
110,私立,一般大學,1013,華梵大學,編制內,碩士,20,2,3,9,3,0,0,0,0,0,0,1,0,2
110,私立,一般大學,1013,華梵大學,編制外,學士,1,0,0,0,0,0,0,0,1,0,0,0,0,0
110,私立,一般大學,1013,華梵大學,編制外,副學士,1,0,0,0,0,0,1,0,0,0,0,0,0,0
110,私立,一般大學,1013,華梵大學,編制外,博士,2,0,0,0,0,2,0,0,0,0,0,0,0,0
110,私立,一般大學,1013,華梵大學,編制外,碩士,5,0,0,0,0,1,0,2,2,0,0,0,0,0
110,私立,一般大學,1014,義守大學,編制內,學士,22,1,8,4,8,0,0,0,0,0,0,0,0,1
110,私立,一般大學,1014,義守大學,編制內,博士,410,131,143,132,2,0,0,0,0,1,0,0,0,1
110,私立,一般大學,1014,義守大學,編制內,碩士,42,3,8,10,15,0,0,0,0,0,1,2,0,3
110,私立,一般大學,1014,義守大學,編制內,其他,1,0,0,0,0,0,0,0,0,0,1,0,0,0
110,私立,一般大學,1014,義守大學,編制外,博士,35,0,0,0,0,7,6,22,0,0,0,0,0,0
110,私立,一般大學,1014,義守大學,編制外,碩士,22,0,0,0,0,2,0,3,17,0,0,0,0,0
110,私立,一般大學,1015,世新大學,編制內,學士,1,0,0,0,0,0,0,0,0,0,0,0,1,0
110,私立,一般大學,1015,世新大學,編制內,博士,244,74,97,70,1,0,0,0,0,0,2,0,0,0
110,私立,一般大學,1015,世新大學,編制內,碩士,60,4,8,8,26,0,0,0,0,0,2,7,0,5
110,私立,一般大學,1015,世新大學,編制內,其他,1,0,0,0,0,0,0,0,0,0,0,1,0,0
110,私立,一般大學,1015,世新大學,編制外,學士,2,0,0,0,0,1,0,0,0,0,0,0,1,0
110,私立,一般大學,1015,世新大學,編制外,博士,18,0,0,0,0,12,3,3,0,0,0,0,0,0
110,私立,一般大學,1015,世新大學,編制外,碩士,13,0,0,0,0,3,2,0,1,0,0,7,0,0
110,私立,一般大學,1016,銘傳大學,編制內,學士,3,0,1,0,1,0,0,0,0,0,0,0,0,1
110,私立,一般大學,1016,銘傳大學,編制內,博士,417,99,203,115,0,0,0,0,0,0,0,0,0,0
110,私立,一般大學,1016,銘傳大學,編制內,碩士,51,2,17,9,19,0,0,0,0,0,0,2,0,2
110,私立,一般大學,1016,銘傳大學,編制外,學士,1,0,0,0,0,1,0,0,0,0,0,0,0,0
110,私立,一般大學,1016,銘傳大學,編制外,博士,70,0,0,0,0,12,1,57,0,0,0,0,0,0
110,私立,一般大學,1016,銘傳大學,編制外,碩士,14,0,0,0,0,1,0,5,8,0,0,0,0,0
110,私立,一般大學,1017,實踐大學,編制內,學士,7,0,1,0,0,0,0,0,0,0,4,0,0,2
110,私立,一般大學,1017,實踐大學,編制內,博士,178,32,83,62,0,0,0,0,0,0,1,0,0,0
110,私立,一般大學,1017,實踐大學,編制內,碩士,61,8,20,19,6,0,0,0,0,0,1,3,0,4
110,私立,一般大學,1017,實踐大學,編制內,其他,4,0,0,0,0,0,0,0,0,1,1,2,0,0
110,私立,一般大學,1017,實踐大學,編制外,學士,2,0,0,0,0,0,0,0,0,0,0,1,1,0
110,私立,一般大學,1017,實踐大學,編制外,博士,41,0,0,0,0,1,5,35,0,0,0,0,0,0
110,私立,一般大學,1017,實踐大學,編制外,碩士,27,0,0,0,0,0,1,5,14,0,1,6,0,0
110,私立,一般大學,1017,實踐大學,編制外,其他,4,0,0,0,0,1,0,0,1,0,1,1,0,0
110,私立,技專校院,1018,朝陽科技大學,編制內,學士,1,0,0,0,0,0,0,0,0,0,0,0,0,1
110,私立,技專校院,1018,朝陽科技大學,編制內,博士,284,63,126,94,0,0,0,0,0,0,1,0,0,0
110,私立,技專校院,1018,朝陽科技大學,編制內,碩士,53,4,8,17,11,0,0,0,0,0,1,5,0,7
110,私立,技專校院,1018,朝陽科技大學,編制內,其他,1,0,0,0,0,0,0,0,0,0,0,1,0,0
110,私立,技專校院,1018,朝陽科技大學,編制外,學士,1,0,0,0,0,0,0,0,0,0,0,1,0,0
110,私立,技專校院,1018,朝陽科技大學,編制外,副學士,1,0,0,0,0,0,0,0,0,0,0,1,0,0
110,私立,技專校院,1018,朝陽科技大學,編制外,博士,26,0,0,0,0,0,2,21,1,2,0,0,0,0
110,私立,技專校院,1018,朝陽科技大學,編制外,碩士,23,0,0,0,0,0,0,3,15,0,1,4,0,0
110,私立,一般大學,1019,高雄醫學大學,編制內,學士,30,7,10,10,3,0,0,0,0,0,0,0,0,0
110,私立,一般大學,1019,高雄醫學大學,編制內,博士,427,178,143,104,2,0,0,0,0,0,0,0,0,0
110,私立,一般大學,1019,高雄醫學大學,編制內,碩士,58,15,11,21,9,0,0,0,0,0,0,0,0,2
110,私立,一般大學,1019,高雄醫學大學,編制外,學士,2,0,0,0,0,1,0,0,1,0,0,0,0,0
110,私立,一般大學,1019,高雄醫學大學,編制外,博士,17,0,0,0,0,6,1,10,0,0,0,0,0,0
110,私立,一般大學,1019,高雄醫學大學,編制外,碩士,1,0,0,0,0,0,0,0,1,0,0,0,0,0
110,私立,一般大學,1020,南華大學,編制內,學士,2,0,0,0,0,0,0,0,0,1,0,1,0,0
110,私立,一般大學,1020,南華大學,編制內,博士,164,37,70,57,0,0,0,0,0,0,0,0,0,0
110,私立,一般大學,1020,南華大學,編制內,碩士,14,1,4,4,0,0,0,0,0,0,1,4,0,0
110,私立,一般大學,1020,南華大學,編制外,博士,8,0,0,0,0,1,0,7,0,0,0,0,0,0
110,私立,一般大學,1020,南華大學,編制外,碩士,7,0,0,0,0,0,0,0,1,0,0,6,0,0
110,私立,一般大學,1021,真理大學,編制內,學士,3,0,1,0,1,0,0,0,0,0,0,0,0,1
110,私立,一般大學,1021,真理大學,編制內,博士,175,43,74,58,0,0,0,0,0,0,0,0,0,0
110,私立,一般大學,1021,真理大學,編制內,碩士,44,6,12,7,15,0,0,0,0,0,0,1,0,3
110,私立,一般大學,1021,真理大學,編制外,博士,3,0,0,0,0,0,1,2,0,0,0,0,0,0
110,私立,一般大學,1022,大同大學,編制內,博士,106,47,41,18,0,0,0,0,0,0,0,0,0,0
110,私立,一般大學,1022,大同大學,編制內,碩士,17,0,2,2,12,0,0,0,0,0,0,0,0,1
110,私立,一般大學,1022,大同大學,編制外,博士,13,0,0,0,0,1,0,12,0,0,0,0,0,0
110,私立,一般大學,1022,大同大學,編制外,碩士,4,0,0,0,0,0,0,0,3,0,0,1,0,0
110,私立,技專校院,1023,南臺學校財團法人南臺科技大學,編制內,學士,8,0,0,0,2,0,0,0,0,0,1,2,0,3
110,私立,技專校院,1023,南臺學校財團法人南臺科技大學,編制內,博士,441,101,173,166,0,0,0,0,0,0,0,0,0,1
110,私立,技專校院,1023,南臺學校財團法人南臺科技大學,編制內,碩士,77,1,7,12,44,0,0,0,0,0,3,3,0,7
110,私立,技專校院,1023,南臺學校財團法人南臺科技大學,編制外,學士,1,0,0,0,0,0,0,0,0,0,0,1,0,0
110,私立,技專校院,1023,南臺學校財團法人南臺科技大學,編制外,博士,1,0,0,0,0,0,0,1,0,0,0,0,0,0
110,私立,技專校院,1023,南臺學校財團法人南臺科技大學,編制外,碩士,3,0,0,0,0,0,0,0,3,0,0,0,0,0
110,私立,技專校院,1024,崑山科技大學,編制內,學士,8,0,3,0,1,0,0,0,0,0,2,0,2,0
110,私立,技專校院,1024,崑山科技大學,編制內,副學士,1,0,0,0,0,0,0,0,0,0,1,0,0,0
110,私立,技專校院,1024,崑山科技大學,編制內,博士,200,52,96,52,0,0,0,0,0,0,0,0,0,0
110,私立,技專校院,1024,崑山科技大學,編制內,碩士,70,3,15,19,21,0,0,0,0,0,5,6,0,1
110,私立,技專校院,1024,崑山科技大學,編制外,博士,4,0,0,0,0,0,0,3,0,0,1,0,0,0
110,私立,技專校院,1024,崑山科技大學,編制外,碩士,9,0,0,0,0,0,0,1,4,0,0,4,0,0
110,私立,技專校院,1024,崑山科技大學,編制外,其他,1,0,0,0,0,0,0,0,0,0,0,1,0,0
110,私立,技專校院,1025,嘉藥學校財團法人嘉南藥理大學,編制內,學士,5,0,0,0,0,0,0,0,0,0,0,3,0,2
110,私立,技專校院,1025,嘉藥學校財團法人嘉南藥理大學,編制內,博士,242,56,99,84,0,0,0,0,0,0,2,1,0,0
110,私立,技專校院,1025,嘉藥學校財團法人嘉南藥理大學,編制內,碩士,90,2,13,46,13,0,0,0,0,1,0,5,4,6
110,私立,技專校院,1025,嘉藥學校財團法人嘉南藥理大學,編制外,學士,1,0,0,0,0,0,0,0,0,0,0,0,1,0
110,私立,技專校院,1025,嘉藥學校財團法人嘉南藥理大學,編制外,博士,4,0,0,0,0,0,0,3,1,0,0,0,0,0
110,私立,技專校院,1025,嘉藥學校財團法人嘉南藥理大學,編制外,碩士,10,0,0,0,0,0,0,0,9,0,0,0,1,0
110,私立,技專校院,1026,樹德科技大學,編制內,學士,2,0,0,0,0,0,0,0,0,0,0,1,0,1
110,私立,技專校院,1026,樹德科技大學,編制內,博士,144,23,56,65,0,0,0,0,0,0,0,0,0,0
110,私立,技專校院,1026,樹德科技大學,編制內,碩士,50,0,10,11,10,0,0,0,0,0,3,16,0,0
110,私立,技專校院,1026,樹德科技大學,編制外,學士,2,0,0,0,0,0,0,0,0,0,0,2,0,0
110,私立,技專校院,1026,樹德科技大學,編制外,博士,27,0,0,0,0,0,3,22,0,0,0,2,0,0
110,私立,技專校院,1026,樹德科技大學,編制外,碩士,31,0,0,0,0,0,0,0,11,0,0,20,0,0
110,私立,一般大學,1027,慈濟學校財團法人慈濟大學,編制內,學士,1,0,0,1,0,0,0,0,0,0,0,0,0,0
110,私立,一般大學,1027,慈濟學校財團法人慈濟大學,編制內,博士,204,53,90,61,0,0,0,0,0,0,0,0,0,0
110,私立,一般大學,1027,慈濟學校財團法人慈濟大學,編制內,碩士,18,1,4,8,5,0,0,0,0,0,0,0,0,0
110,私立,一般大學,1027,慈濟學校財團法人慈濟大學,編制外,博士,2,0,0,0,0,0,0,2,0,0,0,0,0,0
110,私立,一般大學,1027,慈濟學校財團法人慈濟大學,編制外,碩士,7,0,0,0,0,0,0,0,7,0,0,0,0,0
110,私立,一般大學,1028,臺北醫學大學,編制內,學士,79,18,18,32,11,0,0,0,0,0,0,0,0,0
110,私立,一般大學,1028,臺北醫學大學,編制內,博士,540,202,173,165,0,0,0,0,0,0,0,0,0,0
110,私立,一般大學,1028,臺北醫學大學,編制內,碩士,57,14,25,14,3,0,0,0,0,0,0,0,0,1
110,私立,一般大學,1028,臺北醫學大學,編制外,博士,5,0,0,0,0,0,0,5,0,0,0,0,0,0
110,私立,一般大學,1029,中山醫學大學,編制內,學士,7,2,1,2,1,0,0,0,0,0,0,0,0,1
110,私立,一般大學,1029,中山醫學大學,編制內,博士,338,132,121,84,1,0,0,0,0,0,0,0,0,0
110,私立,一般大學,1029,中山醫學大學,編制內,碩士,26,6,4,5,10,0,0,0,0,0,0,0,0,1
110,私立,一般大學,1029,中山醫學大學,編制外,學士,6,0,0,0,0,0,1,0,5,0,0,0,0,0
110,私立,一般大學,1029,中山醫學大學,編制外,博士,23,0,0,0,0,8,1,8,6,0,0,0,0,0
110,私立,一般大學,1029,中山醫學大學,編制外,碩士,10,0,0,0,0,0,1,0,9,0,0,0,0,0
110,私立,技專校院,1030,龍華科技大學,編制內,學士,2,0,0,0,1,0,0,0,0,0,0,0,0,1
110,私立,技專校院,1030,龍華科技大學,編制內,博士,163,36,82,45,0,0,0,0,0,0,0,0,0,0
110,私立,技專校院,1030,龍華科技大學,編制內,碩士,38,1,5,13,11,0,0,0,0,0,2,3,0,3
110,私立,技專校院,1030,龍華科技大學,編制外,學士,3,0,0,0,0,0,0,1,0,0,0,2,0,0
110,私立,技專校院,1030,龍華科技大學,編制外,博士,55,0,0,0,0,1,4,50,0,0,0,0,0,0
110,私立,技專校院,1030,龍華科技大學,編制外,碩士,14,0,0,0,0,0,0,1,7,0,0,6,0,0
110,私立,技專校院,1031,輔英科技大學,編制內,學士,25,0,1,1,0,0,0,0,0,0,0,0,0,23
110,私立,技專校院,1031,輔英科技大學,編制內,博士,149,20,69,58,1,0,0,0,0,0,1,0,0,0
110,私立,技專校院,1031,輔英科技大學,編制內,碩士,114,3,10,28,26,0,0,0,0,0,2,3,0,42
110,私立,技專校院,1031,輔英科技大學,編制外,學士,3,0,0,0,0,0,0,1,0,0,0,1,0,1
110,私立,技專校院,1031,輔英科技大學,編制外,博士,13,0,0,0,0,0,1,12,0,0,0,0,0,0
110,私立,技專校院,1031,輔英科技大學,編制外,碩士,17,0,0,0,0,0,0,2,1,0,1,9,0,4
110,私立,技專校院,1032,明新學校財團法人明新科技大學,編制內,學士,7,0,0,3,0,0,0,0,0,0,1,0,1,2
110,私立,技專校院,1032,明新學校財團法人明新科技大學,編制內,副學士,1,0,0,0,0,0,0,0,0,0,0,1,0,0
110,私立,技專校院,1032,明新學校財團法人明新科技大學,編制內,博士,203,34,104,62,2,0,0,0,0,1,0,0,0,0
110,私立,技專校院,1032,明新學校財團法人明新科技大學,編制內,碩士,70,0,11,17,34,0,0,0,0,0,1,3,1,3
110,私立,技專校院,1032,明新學校財團法人明新科技大學,編制外,副學士,1,0,0,0,0,0,0,0,0,0,1,0,0,0
110,私立,技專校院,1032,明新學校財團法人明新科技大學,編制外,博士,15,0,0,0,0,0,1,14,0,0,0,0,0,0
110,私立,技專校院,1032,明新學校財團法人明新科技大學,編制外,碩士,11,0,0,0,0,0,0,0,8,0,0,2,1,0
110,私立,一般大學,1033,長榮大學,編制內,學士,6,1,0,3,0,0,0,0,0,0,0,2,0,0
110,私立,一般大學,1033,長榮大學,編制內,博士,241,43,93,105,0,0,0,0,0,0,0,0,0,0
110,私立,一般大學,1033,長榮大學,編制內,碩士,42,4,4,12,12,0,0,0,0,0,0,8,0,2
110,私立,一般大學,1033,長榮大學,編制外,博士,26,0,0,0,0,5,0,21,0,0,0,0,0,0
110,私立,一般大學,1033,長榮大學,編制外,碩士,3,0,0,0,0,0,0,2,0,0,0,1,0,0
110,私立,技專校院,1034,弘光科技大學,編制內,學士,6,0,0,0,0,0,0,0,0,1,2,0,0,3
110,私立,技專校院,1034,弘光科技大學,編制內,副學士,4,1,0,0,0,0,0,0,0,0,2,1,0,0
110,私立,技專校院,1034,弘光科技大學,編制內,博士,177,42,71,59,2,0,0,0,0,1,1,1,0,0
110,私立,技專校院,1034,弘光科技大學,編制內,碩士,57,1,5,8,5,0,0,0,0,1,5,16,1,15
110,私立,技專校院,1034,弘光科技大學,編制內,其他,1,0,0,0,0,0,0,0,0,1,0,0,0,0
110,私立,技專校院,1034,弘光科技大學,編制外,學士,14,0,0,0,0,0,0,0,0,0,0,3,0,11
110,私立,技專校院,1034,弘光科技大學,編制外,副學士,1,0,0,0,0,0,0,0,0,0,0,1,0,0
110,私立,技專校院,1034,弘光科技大學,編制外,博士,25,1,0,0,0,0,1,23,0,0,0,0,0,0
110,私立,技專校院,1034,弘光科技大學,編制外,碩士,45,0,0,0,0,0,0,0,3,0,2,12,0,28
110,私立,技專校院,1034,弘光科技大學,編制外,其他,7,0,0,0,0,0,0,0,0,1,0,4,2,0
110,私立,一般大學,1035,中國醫藥大學,編制內,學士,51,23,10,17,1,0,0,0,0,0,0,0,0,0
110,私立,一般大學,1035,中國醫藥大學,編制內,博士,423,176,140,103,0,0,0,0,0,1,1,2,0,0
110,私立,一般大學,1035,中國醫藥大學,編制內,碩士,41,13,18,6,1,0,0,0,0,0,0,2,0,1
110,私立,一般大學,1035,中國醫藥大學,編制外,博士,2,0,0,0,0,0,0,2,0,0,0,0,0,0
110,私立,一般大學,1035,中國醫藥大學,編制外,碩士,1,0,0,0,0,0,0,1,0,0,0,0,0,0
110,私立,技專校院,1036,健行學校財團法人健行科技大學,編制內,學士,5,0,0,1,3,0,0,0,0,0,0,0,0,1
110,私立,技專校院,1036,健行學校財團法人健行科技大學,編制內,博士,175,25,83,67,0,0,0,0,0,0,0,0,0,0
110,私立,技專校院,1036,健行學校財團法人健行科技大學,編制內,碩士,44,0,4,13,19,0,0,0,0,0,0,0,0,8
110,私立,技專校院,1036,健行學校財團法人健行科技大學,編制內,其他,1,0,0,0,0,0,0,0,0,0,0,0,0,1
110,私立,技專校院,1036,健行學校財團法人健行科技大學,編制外,學士,3,0,0,0,0,0,0,0,0,0,0,1,2,0
110,私立,技專校院,1036,健行學校財團法人健行科技大學,編制外,博士,24,0,0,0,0,1,3,20,0,0,0,0,0,0
110,私立,技專校院,1036,健行學校財團法人健行科技大學,編制外,碩士,24,0,1,0,0,0,0,0,10,1,1,10,1,0
110,私立,技專校院,1036,健行學校財團法人健行科技大學,編制外,其他,1,0,0,0,0,0,0,0,0,1,0,0,0,0
110,私立,技專校院,1037,正修學校財團法人正修科技大學,編制內,學士,13,1,5,0,1,0,0,0,0,0,1,2,1,2
110,私立,技專校院,1037,正修學校財團法人正修科技大學,編制內,副學士,2,0,0,0,0,0,0,0,0,0,1,1,0,0
110,私立,技專校院,1037,正修學校財團法人正修科技大學,編制內,博士,235,60,109,56,2,0,0,0,0,3,4,1,0,0
110,私立,技專校院,1037,正修學校財團法人正修科技大學,編制內,碩士,131,8,19,29,40,0,0,0,0,5,7,15,1,7
110,私立,技專校院,1037,正修學校財團法人正修科技大學,編制外,博士,16,0,0,0,0,1,2,12,0,0,0,1,0,0
110,私立,技專校院,1037,正修學校財團法人正修科技大學,編制外,碩士,14,0,0,0,0,0,0,3,7,0,0,4,0,0
110,私立,技專校院,1038,萬能學校財團法人萬能科技大學,編制內,學士,5,0,1,1,0,0,0,0,0,0,1,1,0,1
110,私立,技專校院,1038,萬能學校財團法人萬能科技大學,編制內,博士,104,19,53,32,0,0,0,0,0,0,0,0,0,0
110,私立,技專校院,1038,萬能學校財團法人萬能科技大學,編制內,碩士,57,1,11,12,27,0,0,0,0,0,2,1,2,1
110,私立,技專校院,1038,萬能學校財團法人萬能科技大學,編制外,學士,12,0,0,0,0,0,0,0,0,0,0,8,4,0
110,私立,技專校院,1038,萬能學校財團法人萬能科技大學,編制外,副學士,2,0,0,0,0,0,0,0,0,0,0,2,0,0
110,私立,技專校院,1038,萬能學校財團法人萬能科技大學,編制外,博士,13,0,0,0,0,0,0,13,0,0,0,0,0,0
110,私立,技專校院,1038,萬能學校財團法人萬能科技大學,編制外,碩士,43,0,0,0,0,0,0,1,7,0,1,31,3,0
110,私立,技專校院,1038,萬能學校財團法人萬能科技大學,編制外,其他,2,0,0,0,0,0,0,0,0,0,0,2,0,0
110,私立,一般大學,1039,玄奘大學,編制內,學士,2,1,0,0,0,0,0,0,0,0,1,0,0,0
110,私立,一般大學,1039,玄奘大學,編制內,博士,43,6,19,17,1,0,0,0,0,0,0,0,0,0
110,私立,一般大學,1039,玄奘大學,編制內,碩士,22,0,3,7,8,0,0,0,0,0,2,2,0,0
110,私立,一般大學,1039,玄奘大學,編制內,其他,1,0,0,0,0,0,0,0,0,0,1,0,0,0
110,私立,一般大學,1039,玄奘大學,編制外,學士,2,0,0,0,0,0,0,0,0,0,1,1,0,0
110,私立,一般大學,1039,玄奘大學,編制外,博士,23,0,0,0,0,4,0,19,0,0,0,0,0,0
110,私立,一般大學,1039,玄奘大學,編制外,碩士,11,0,0,0,0,3,0,0,4,0,0,4,0,0
110,私立,一般大學,1039,玄奘大學,編制外,其他,3,0,0,0,0,0,0,0,0,0,1,2,0,0
110,私立,技專校院,1040,建國科技大學,編制內,學士,2,0,1,0,0,0,0,0,0,0,1,0,0,0
110,私立,技專校院,1040,建國科技大學,編制內,博士,127,21,62,44,0,0,0,0,0,0,0,0,0,0
110,私立,技專校院,1040,建國科技大學,編制內,碩士,46,3,3,13,18,0,0,0,0,0,0,4,0,5
110,私立,技專校院,1040,建國科技大學,編制外,學士,2,0,0,0,0,0,0,0,0,0,0,1,1,0
110,私立,技專校院,1040,建國科技大學,編制外,博士,5,0,0,0,0,0,0,5,0,0,0,0,0,0
110,私立,技專校院,1040,建國科技大學,編制外,碩士,13,0,0,0,0,0,0,0,11,0,1,1,0,0
110,私立,技專校院,1041,明志科技大學,編制內,副學士,1,0,0,0,0,0,0,0,0,0,0,0,1,0
110,私立,技專校院,1041,明志科技大學,編制內,博士,161,53,54,54,0,0,0,0,0,0,0,0,0,0
110,私立,技專校院,1041,明志科技大學,編制內,碩士,27,1,0,4,17,0,0,0,0,0,0,1,0,4
110,私立,技專校院,1041,明志科技大學,編制外,博士,9,1,0,0,0,0,0,8,0,0,0,0,0,0
110,私立,技專校院,1041,明志科技大學,編制外,碩士,1,0,0,0,0,0,0,0,1,0,0,0,0,0
110,私立,技專校院,1042,高苑科技大學,編制內,學士,1,0,0,0,0,0,0,0,0,0,0,0,0,1
110,私立,技專校院,1042,高苑科技大學,編制內,博士,107,18,56,33,0,0,0,0,0,0,0,0,0,0
110,私立,技專校院,1042,高苑科技大學,編制內,碩士,59,3,10,18,26,0,0,0,0,0,0,0,0,2
110,私立,技專校院,1042,高苑科技大學,編制外,碩士,4,0,0,0,0,0,0,0,3,0,0,1,0,0
110,私立,技專校院,1043,大仁科技大學,編制內,學士,4,1,1,0,0,0,0,0,0,0,0,0,1,1
110,私立,技專校院,1043,大仁科技大學,編制內,博士,85,16,51,18,0,0,0,0,0,0,0,0,0,0
110,私立,技專校院,1043,大仁科技大學,編制內,碩士,56,1,12,17,20,0,0,0,0,0,3,3,0,0
110,私立,技專校院,1043,大仁科技大學,編制外,副學士,1,0,0,0,0,0,0,0,0,0,0,0,1,0
110,私立,技專校院,1043,大仁科技大學,編制外,博士,7,0,0,0,0,0,2,3,2,0,0,0,0,0
110,私立,技專校院,1043,大仁科技大學,編制外,碩士,11,0,0,0,0,0,0,1,6,0,1,2,1,0
110,私立,技專校院,1044,聖約翰科技大學,編制內,博士,70,13,35,21,1,0,0,0,0,0,0,0,0,0
110,私立,技專校院,1044,聖約翰科技大學,編制內,碩士,25,0,3,7,12,0,0,0,0,0,1,1,0,1
110,私立,技專校院,1044,聖約翰科技大學,編制外,博士,7,0,0,0,0,0,1,3,2,0,0,1,0,0
110,私立,技專校院,1044,聖約翰科技大學,編制外,碩士,20,0,0,0,0,0,0,0,18,0,0,2,0,0
110,私立,技專校院,1045,嶺東科技大學,編制內,學士,1,0,0,0,0,0,0,0,0,0,1,0,0,0
110,私立,技專校院,1045,嶺東科技大學,編制內,副學士,1,0,0,0,0,0,0,0,0,0,0,1,0,0
110,私立,技專校院,1045,嶺東科技大學,編制內,博士,156,20,83,49,1,0,0,0,0,0,2,1,0,0
110,私立,技專校院,1045,嶺東科技大學,編制內,碩士,78,2,10,26,22,0,0,0,0,0,4,8,2,4
110,私立,技專校院,1045,嶺東科技大學,編制內,其他,1,0,0,0,0,0,0,0,0,0,1,0,0,0
110,私立,技專校院,1045,嶺東科技大學,編制外,學士,1,0,0,0,0,0,0,0,0,0,0,1,0,0
110,私立,技專校院,1045,嶺東科技大學,編制外,副學士,1,0,0,0,0,0,0,0,0,0,1,0,0,0
110,私立,技專校院,1045,嶺東科技大學,編制外,博士,16,0,0,0,0,0,1,15,0,0,0,0,0,0
110,私立,技專校院,1045,嶺東科技大學,編制外,碩士,13,0,0,0,0,0,0,1,4,0,1,7,0,0
110,私立,技專校院,1045,嶺東科技大學,編制外,其他,1,0,0,0,0,0,0,0,0,0,0,1,0,0
110,私立,技專校院,1046,中國科技大學,編制內,學士,3,0,0,0,2,0,0,0,0,0,0,0,0,1
110,私立,技專校院,1046,中國科技大學,編制內,博士,133,9,51,72,0,0,0,0,0,1,0,0,0,0
110,私立,技專校院,1046,中國科技大學,編制內,碩士,85,1,8,24,35,0,0,0,0,1,3,11,0,2
110,私立,技專校院,1046,中國科技大學,編制外,博士,3,0,0,0,0,0,0,3,0,0,0,0,0,0
110,私立,技專校院,1046,中國科技大學,編制外,碩士,6,0,0,0,0,0,0,0,2,0,1,3,0,0
110,私立,技專校院,1047,中臺科技大學,編制內,學士,2,0,2,0,0,0,0,0,0,0,0,0,0,0
110,私立,技專校院,1047,中臺科技大學,編制內,博士,170,32,69,67,2,0,0,0,0,0,0,0,0,0
110,私立,技專校院,1047,中臺科技大學,編制內,碩士,42,3,7,8,23,0,0,0,0,0,1,0,0,0
110,私立,技專校院,1047,中臺科技大學,編制外,學士,2,0,0,0,0,0,0,0,0,0,0,0,0,2
110,私立,技專校院,1047,中臺科技大學,編制外,博士,10,0,0,0,0,0,0,10,0,0,0,0,0,0
110,私立,技專校院,1047,中臺科技大學,編制外,碩士,6,0,0,0,0,0,0,0,3,0,0,0,0,3
110,私立,一般大學,1048,亞洲大學,編制內,學士,5,0,1,1,1,0,0,0,0,1,1,0,0,0
110,私立,一般大學,1048,亞洲大學,編制內,博士,278,78,95,97,0,0,0,0,0,5,2,1,0,0
110,私立,一般大學,1048,亞洲大學,編制內,碩士,55,4,9,12,11,0,0,0,0,5,1,11,0,2
110,私立,一般大學,1048,亞洲大學,編制外,博士,27,0,0,0,0,7,1,19,0,0,0,0,0,0
110,私立,一般大學,1048,亞洲大學,編制外,碩士,22,0,0,0,0,0,0,4,18,0,0,0,0,0
110,私立,一般大學,1049,開南大學,編制內,學士,1,0,0,0,0,0,0,0,0,0,0,0,0,1
110,私立,一般大學,1049,開南大學,編制內,副學士,1,0,0,0,0,0,0,0,0,0,0,0,1,0
110,私立,一般大學,1049,開南大學,編制內,博士,168,26,69,73,0,0,0,0,0,0,0,0,0,0
110,私立,一般大學,1049,開南大學,編制內,碩士,7,0,4,0,3,0,0,0,0,0,0,0,0,0
110,私立,一般大學,1049,開南大學,編制內,其他,1,0,0,0,0,0,0,0,0,1,0,0,0,0
110,私立,一般大學,1049,開南大學,編制外,博士,2,0,0,0,0,0,0,2,0,0,0,0,0,0
110,私立,一般大學,1049,開南大學,編制外,碩士,6,0,0,0,0,1,0,0,5,0,0,0,0,0
110,私立,一般大學,1050,佛光大學,編制內,學士,2,1,0,0,0,0,0,0,0,0,0,0,0,1
110,私立,一般大學,1050,佛光大學,編制內,博士,130,31,55,41,0,0,0,0,0,1,1,1,0,0
110,私立,一般大學,1050,佛光大學,編制內,碩士,18,3,2,2,1,0,0,0,0,1,4,5,0,0
110,私立,一般大學,1050,佛光大學,編制外,博士,9,0,0,0,0,0,0,7,2,0,0,0,0,0
110,私立,一般大學,1050,佛光大學,編制外,碩士,3,0,0,0,0,0,0,0,3,0,0,0,0,0
110,私立,技專校院,1051,台南家專學校財團法人台南應用科技大學,編制內,學士,12,0,3,2,2,0,0,0,0,0,1,2,1,1
110,私立,技專校院,1051,台南家專學校財團法人台南應用科技大學,編制內,副學士,4,0,0,0,0,0,0,0,0,1,1,2,0,0
110,私立,技專校院,1051,台南家專學校財團法人台南應用科技大學,編制內,博士,124,16,60,46,1,0,0,0,0,0,0,1,0,0
110,私立,技專校院,1051,台南家專學校財團法人台南應用科技大學,編制內,碩士,142,7,35,37,39,0,0,0,0,1,4,17,0,2
110,私立,技專校院,1051,台南家專學校財團法人台南應用科技大學,編制內,其他,2,0,0,0,0,0,0,0,0,0,0,2,0,0
110,私立,技專校院,1051,台南家專學校財團法人台南應用科技大學,編制外,學士,1,0,0,0,0,0,0,0,0,0,0,1,0,0
110,私立,技專校院,1051,台南家專學校財團法人台南應用科技大學,編制外,副學士,1,0,0,0,0,0,0,0,0,0,0,1,0,0
110,私立,技專校院,1051,台南家專學校財團法人台南應用科技大學,編制外,博士,33,0,0,0,0,0,0,32,0,0,1,0,0,0
110,私立,技專校院,1051,台南家專學校財團法人台南應用科技大學,編制外,碩士,8,1,0,0,0,0,0,1,0,0,1,5,0,0
110,私立,技專校院,1051,台南家專學校財團法人台南應用科技大學,編制外,其他,2,0,0,0,0,0,0,0,0,0,1,0,1,0
110,私立,技專校院,1052,遠東科技大學,編制內,學士,7,0,1,1,3,0,0,0,0,0,0,2,0,0
110,私立,技專校院,1052,遠東科技大學,編制內,副學士,1,0,0,0,0,0,0,0,0,0,0,1,0,0
110,私立,技專校院,1052,遠東科技大學,編制內,博士,89,30,37,22,0,0,0,0,0,0,0,0,0,0
110,私立,技專校院,1052,遠東科技大學,編制內,碩士,56,0,14,22,13,0,0,0,0,0,2,2,0,3
110,私立,技專校院,1052,遠東科技大學,編制內,其他,1,0,0,0,0,0,0,0,0,0,0,1,0,0
110,私立,技專校院,1052,遠東科技大學,編制外,學士,2,0,0,0,0,0,0,0,0,0,0,0,2,0
110,私立,技專校院,1052,遠東科技大學,編制外,博士,6,0,0,0,0,0,0,6,0,0,0,0,0,0
110,私立,技專校院,1052,遠東科技大學,編制外,碩士,3,0,0,0,0,0,0,1,2,0,0,0,0,0
110,私立,技專校院,1052,遠東科技大學,編制外,其他,1,0,0,0,0,0,0,0,0,0,0,1,0,0
110,私立,技專校院,1053,光宇學校財團法人元培醫事科技大學,編制內,學士,4,0,1,1,0,0,0,0,0,0,0,0,0,2
110,私立,技專校院,1053,光宇學校財團法人元培醫事科技大學,編制內,副學士,1,0,0,0,0,0,0,0,0,0,0,1,0,0
110,私立,技專校院,1053,光宇學校財團法人元培醫事科技大學,編制內,博士,120,16,44,60,0,0,0,0,0,0,0,0,0,0
110,私立,技專校院,1053,光宇學校財團法人元培醫事科技大學,編制內,碩士,31,0,4,3,18,0,0,0,0,0,0,1,1,4
110,私立,技專校院,1053,光宇學校財團法人元培醫事科技大學,編制外,學士,1,1,0,0,0,0,0,0,0,0,0,0,0,0
110,私立,技專校院,1053,光宇學校財團法人元培醫事科技大學,編制外,博士,9,1,0,0,0,0,1,7,0,0,0,0,0,0
110,私立,技專校院,1053,光宇學校財團法人元培醫事科技大學,編制外,碩士,3,0,0,0,0,0,0,0,1,0,0,1,1,0
110,私立,技專校院,1054,景文科技大學,編制內,學士,2,0,0,0,0,0,0,0,0,0,0,1,0,1
110,私立,技專校院,1054,景文科技大學,編制內,博士,94,18,39,35,1,0,0,0,0,0,0,1,0,0
110,私立,技專校院,1054,景文科技大學,編制內,碩士,59,0,11,10,30,0,0,0,0,0,1,4,0,3
110,私立,技專校院,1054,景文科技大學,編制內,其他,1,0,0,0,0,0,0,0,0,0,0,1,0,0
110,私立,技專校院,1054,景文科技大學,編制外,學士,1,0,0,0,0,0,0,0,0,0,0,1,0,0
110,私立,技專校院,1054,景文科技大學,編制外,碩士,7,0,0,0,0,0,0,0,2,0,0,5,0,0
110,私立,技專校院,1054,景文科技大學,編制外,其他,2,0,0,0,0,0,0,0,0,0,0,2,0,0
110,私立,技專校院,1055,中華醫事科技大學,編制內,學士,10,1,1,1,1,0,0,0,0,0,0,0,0,6
110,私立,技專校院,1055,中華醫事科技大學,編制內,副學士,1,0,0,0,0,0,0,0,0,0,0,0,1,0
110,私立,技專校院,1055,中華醫事科技大學,編制內,博士,133,17,73,40,3,0,0,0,0,0,0,0,0,0
110,私立,技專校院,1055,中華醫事科技大學,編制內,碩士,81,2,12,28,34,0,0,0,0,0,1,2,0,2
110,私立,技專校院,1055,中華醫事科技大學,編制外,學士,11,0,0,0,0,0,0,0,0,0,0,0,0,11
110,私立,技專校院,1055,中華醫事科技大學,編制外,博士,1,0,0,0,0,0,0,1,0,0,0,0,0,0
110,私立,技專校院,1055,中華醫事科技大學,編制外,碩士,23,0,0,0,0,0,0,0,2,0,0,2,1,18
110,私立,技專校院,1055,中華醫事科技大學,編制外,其他,1,0,0,0,0,0,0,0,0,0,0,0,1,0
110,私立,技專校院,1056,東南科技大學,編制內,學士,4,1,2,1,0,0,0,0,0,0,0,0,0,0
110,私立,技專校院,1056,東南科技大學,編制內,副學士,1,0,0,0,0,0,0,0,0,0,0,1,0,0
110,私立,技專校院,1056,東南科技大學,編制內,博士,89,14,44,31,0,0,0,0,0,0,0,0,0,0
110,私立,技專校院,1056,東南科技大學,編制內,碩士,40,0,6,6,23,0,0,0,0,0,0,4,0,1
110,私立,技專校院,1056,東南科技大學,編制內,其他,1,0,0,0,0,0,0,0,0,0,0,0,1,0
110,私立,技專校院,1056,東南科技大學,編制外,學士,3,0,0,0,0,0,0,0,0,0,0,0,3,0
110,私立,技專校院,1056,東南科技大學,編制外,博士,3,0,0,0,0,0,0,2,0,0,0,1,0,0
110,私立,技專校院,1056,東南科技大學,編制外,碩士,13,0,0,0,0,0,0,0,8,0,0,5,0,0
110,私立,技專校院,1057,德明財經科技大學,編制內,博士,125,14,62,47,1,0,0,0,0,0,1,0,0,0
110,私立,技專校院,1057,德明財經科技大學,編制內,碩士,66,1,7,21,32,0,0,0,0,0,2,3,0,0
110,私立,技專校院,1057,德明財經科技大學,編制外,博士,16,0,0,0,0,0,0,16,0,0,0,0,0,0
110,私立,技專校院,1057,德明財經科技大學,編制外,碩士,14,0,0,0,0,0,0,0,12,0,0,2,0,0
110,私立,一般大學,1058,明道學校財團法人明道大學,編制內,學士,1,0,0,0,0,0,0,0,0,0,0,1,0,0
110,私立,一般大學,1058,明道學校財團法人明道大學,編制內,博士,61,9,18,34,0,0,0,0,0,0,0,0,0,0
110,私立,一般大學,1058,明道學校財團法人明道大學,編制內,碩士,12,1,0,2,3,0,0,0,0,0,1,4,0,1
110,私立,一般大學,1058,明道學校財團法人明道大學,編制外,學士,2,0,0,0,0,0,1,1,0,0,0,0,0,0
110,私立,一般大學,1058,明道學校財團法人明道大學,編制外,博士,24,0,0,0,0,2,1,20,0,0,1,0,0,0
110,私立,一般大學,1058,明道學校財團法人明道大學,編制外,碩士,9,0,0,0,0,1,0,0,2,0,1,5,0,0
110,私立,技專校院,1060,南開科技大學,編制內,學士,5,0,2,0,2,0,0,0,0,0,0,1,0,0
110,私立,技專校院,1060,南開科技大學,編制內,博士,75,15,44,16,0,0,0,0,0,0,0,0,0,0
110,私立,技專校院,1060,南開科技大學,編制內,碩士,28,1,5,6,9,0,0,0,0,0,2,4,0,1
110,私立,技專校院,1060,南開科技大學,編制外,學士,1,0,0,0,0,0,0,0,0,0,0,1,0,0
110,私立,技專校院,1060,南開科技大學,編制外,博士,3,0,0,0,0,0,0,3,0,0,0,0,0,0
110,私立,技專校院,1060,南開科技大學,編制外,碩士,1,0,0,0,0,0,0,0,1,0,0,0,0,0
110,私立,技專校院,1061,中華學校財團法人中華科技大學,編制內,學士,3,0,0,0,0,0,0,0,0,0,0,0,1,2
110,私立,技專校院,1061,中華學校財團法人中華科技大學,編制內,博士,90,8,37,37,5,0,0,0,0,0,3,0,0,0
110,私立,技專校院,1061,中華學校財團法人中華科技大學,編制內,碩士,40,0,1,7,28,0,0,0,0,1,0,2,0,1
110,私立,技專校院,1061,中華學校財團法人中華科技大學,編制外,學士,3,0,0,0,0,0,0,0,0,0,0,3,0,0
110,私立,技專校院,1061,中華學校財團法人中華科技大學,編制外,博士,6,0,0,0,0,0,1,5,0,0,0,0,0,0
110,私立,技專校院,1061,中華學校財團法人中華科技大學,編制外,碩士,2,0,0,0,0,0,0,0,1,0,0,0,1,0
110,私立,技專校院,1062,僑光科技大學,編制內,學士,2,0,0,0,0,0,0,0,0,0,1,1,0,0
110,私立,技專校院,1062,僑光科技大學,編制內,副學士,3,0,0,0,0,0,0,0,0,0,1,2,0,0
110,私立,技專校院,1062,僑光科技大學,編制內,博士,129,13,74,37,3,0,0,0,0,0,1,1,0,0
110,私立,技專校院,1062,僑光科技大學,編制內,碩士,60,0,10,13,26,0,0,0,0,0,1,6,0,4
110,私立,技專校院,1062,僑光科技大學,編制內,其他,1,0,0,0,0,0,0,0,0,0,0,1,0,0
110,私立,技專校院,1062,僑光科技大學,編制外,學士,4,0,0,0,0,0,0,0,1,0,0,1,2,0
110,私立,技專校院,1062,僑光科技大學,編制外,副學士,1,0,0,0,0,0,0,0,0,0,1,0,0,0
110,私立,技專校院,1062,僑光科技大學,編制外,博士,3,0,0,0,0,1,0,2,0,0,0,0,0,0
110,私立,技專校院,1062,僑光科技大學,編制外,碩士,22,0,0,0,0,0,0,1,7,0,1,13,0,0
110,私立,技專校院,1062,僑光科技大學,編制外,其他,2,0,0,0,0,0,0,0,0,0,0,2,0,0
110,私立,技專校院,1063,廣亞學校財團法人育達科技大學,編制內,學士,2,0,0,0,0,0,0,0,0,0,0,0,0,2
110,私立,技專校院,1063,廣亞學校財團法人育達科技大學,編制內,副學士,1,0,1,0,0,0,0,0,0,0,0,0,0,0
110,私立,技專校院,1063,廣亞學校財團法人育達科技大學,編制內,博士,48,5,20,23,0,0,0,0,0,0,0,0,0,0
110,私立,技專校院,1063,廣亞學校財團法人育達科技大學,編制內,碩士,21,0,2,5,9,0,0,0,0,0,1,3,0,1
110,私立,技專校院,1063,廣亞學校財團法人育達科技大學,編制外,學士,1,0,0,0,0,0,0,0,0,0,0,1,0,0
110,私立,技專校院,1063,廣亞學校財團法人育達科技大學,編制外,博士,8,0,0,0,0,0,1,7,0,0,0,0,0,0
110,私立,技專校院,1063,廣亞學校財團法人育達科技大學,編制外,碩士,9,0,0,0,0,0,0,0,6,0,1,2,0,0
110,私立,技專校院,1064,美和學校財團法人美和科技大學,編制內,學士,4,0,0,0,0,0,0,0,0,0,0,0,2,2
110,私立,技專校院,1064,美和學校財團法人美和科技大學,編制內,博士,84,9,32,43,0,0,0,0,0,0,0,0,0,0
110,私立,技專校院,1064,美和學校財團法人美和科技大學,編制內,碩士,63,1,6,10,26,0,0,0,0,0,2,4,2,12
110,私立,技專校院,1064,美和學校財團法人美和科技大學,編制外,學士,4,0,0,0,0,0,0,0,0,0,0,0,0,4
110,私立,技專校院,1064,美和學校財團法人美和科技大學,編制外,博士,5,1,0,0,0,0,0,4,0,0,0,0,0,0
110,私立,技專校院,1064,美和學校財團法人美和科技大學,編制外,碩士,36,0,0,0,0,0,0,0,8,0,0,1,0,27
110,私立,技專校院,1065,吳鳳科技大學,編制內,學士,1,0,0,0,1,0,0,0,0,0,0,0,0,0
110,私立,技專校院,1065,吳鳳科技大學,編制內,副學士,1,0,0,0,0,0,0,0,0,0,0,1,0,0
110,私立,技專校院,1065,吳鳳科技大學,編制內,博士,76,9,41,25,0,0,0,0,0,0,1,0,0,0
110,私立,技專校院,1065,吳鳳科技大學,編制內,碩士,40,1,5,5,22,0,0,0,0,0,2,2,0,3
110,私立,技專校院,1065,吳鳳科技大學,編制外,學士,1,0,0,0,0,0,0,0,0,0,0,0,1,0
110,私立,技專校院,1065,吳鳳科技大學,編制外,博士,8,0,0,0,0,0,0,7,1,0,0,0,0,0
110,私立,技專校院,1065,吳鳳科技大學,編制外,碩士,11,0,0,0,0,0,0,0,9,0,0,2,0,0
110,私立,技專校院,1065,吳鳳科技大學,編制外,其他,1,0,0,0,0,0,0,0,0,0,0,1,0,0
110,私立,技專校院,1066,環球學校財團法人環球科技大學,編制內,副學士,3,0,0,0,0,0,0,0,0,0,0,3,0,0
110,私立,技專校院,1066,環球學校財團法人環球科技大學,編制內,博士,63,7,25,29,1,0,0,0,0,0,1,0,0,0
110,私立,技專校院,1066,環球學校財團法人環球科技大學,編制內,碩士,43,1,7,10,19,0,0,0,0,2,2,2,0,0
110,私立,技專校院,1066,環球學校財團法人環球科技大學,編制內,其他,1,0,0,0,0,0,0,0,0,0,0,0,1,0
110,私立,技專校院,1066,環球學校財團法人環球科技大學,編制外,學士,2,0,0,0,0,0,0,0,0,0,0,0,1,1
110,私立,技專校院,1066,環球學校財團法人環球科技大學,編制外,博士,1,0,0,0,0,0,0,1,0,0,0,0,0,0
110,私立,技專校院,1066,環球學校財團法人環球科技大學,編制外,碩士,9,0,0,0,0,0,0,1,3,0,0,2,0,3
110,私立,一般大學,1067,台灣首府學校財團法人台灣首府大學,編制內,博士,42,1,12,29,0,0,0,0,0,0,0,0,0,0
110,私立,一般大學,1067,台灣首府學校財團法人台灣首府大學,編制內,碩士,9,0,1,2,2,0,0,0,0,0,0,2,0,2
110,私立,一般大學,1067,台灣首府學校財團法人台灣首府大學,編制外,學士,1,0,0,0,0,0,0,0,0,0,0,0,1,0
110,私立,一般大學,1067,台灣首府學校財團法人台灣首府大學,編制外,博士,2,0,0,0,0,0,0,2,0,0,0,0,0,0
110,私立,一般大學,1067,台灣首府學校財團法人台灣首府大學,編制外,碩士,4,0,0,0,0,0,0,0,3,0,0,1,0,0
110,私立,一般大學,1067,台灣首府學校財團法人台灣首府大學,編制外,其他,1,0,0,0,0,0,0,0,0,0,0,0,1,0
110,私立,技專校院,1068,中州學校財團法人中州科技大學,編制內,學士,1,0,0,0,0,0,0,0,0,0,1,0,0,0
110,私立,技專校院,1068,中州學校財團法人中州科技大學,編制內,博士,52,6,26,18,0,0,0,0,0,0,0,2,0,0
110,私立,技專校院,1068,中州學校財團法人中州科技大學,編制內,碩士,19,0,1,4,11,0,0,0,0,0,2,1,0,0
110,私立,技專校院,1068,中州學校財團法人中州科技大學,編制外,博士,2,0,0,0,0,0,0,2,0,0,0,0,0,0
110,私立,技專校院,1068,中州學校財團法人中州科技大學,編制外,碩士,7,0,0,0,0,0,1,0,6,0,0,0,0,0
110,私立,技專校院,1068,中州學校財團法人中州科技大學,編制外,其他,1,0,0,0,0,0,0,0,0,0,0,1,0,0
110,私立,技專校院,1069,修平學校財團法人修平科技大學,編制內,學士,2,0,1,0,0,0,0,0,0,0,0,0,1,0
110,私立,技專校院,1069,修平學校財團法人修平科技大學,編制內,博士,111,20,45,43,1,0,0,0,0,1,0,1,0,0
110,私立,技專校院,1069,修平學校財團法人修平科技大學,編制內,碩士,42,0,6,11,20,0,0,0,0,0,0,5,0,0
110,私立,技專校院,1069,修平學校財團法人修平科技大學,編制外,學士,4,0,0,0,0,0,0,0,0,0,0,0,0,4
110,私立,技專校院,1069,修平學校財團法人修平科技大學,編制外,碩士,2,0,0,0,0,0,0,0,0,0,0,0,1,1
110,私立,技專校院,1070,長庚學校財團法人長庚科技大學,編制內,學士,5,0,0,0,0,0,0,0,0,0,0,0,0,5
110,私立,技專校院,1070,長庚學校財團法人長庚科技大學,編制內,博士,167,37,87,38,5,0,0,0,0,0,0,0,0,0
110,私立,技專校院,1070,長庚學校財團法人長庚科技大學,編制內,碩士,67,0,4,22,28,0,0,0,0,0,0,1,0,12
110,私立,技專校院,1070,長庚學校財團法人長庚科技大學,編制外,學士,13,0,0,0,0,0,0,0,0,0,0,0,0,13
110,私立,技專校院,1070,長庚學校財團法人長庚科技大學,編制外,博士,27,0,0,0,0,1,1,25,0,0,0,0,0,0
110,私立,技專校院,1070,長庚學校財團法人長庚科技大學,編制外,碩士,53,0,0,0,0,0,0,2,3,0,0,0,0,48
110,私立,技專校院,1071,城市學校財團法人臺北城市科技大學,編制內,學士,4,0,0,0,0,0,0,0,0,0,0,3,0,1
110,私立,技專校院,1071,城市學校財團法人臺北城市科技大學,編制內,副學士,2,0,0,0,0,0,0,0,0,0,1,1,0,0
110,私立,技專校院,1071,城市學校財團法人臺北城市科技大學,編制內,博士,109,8,66,34,1,0,0,0,0,0,0,0,0,0
110,私立,技專校院,1071,城市學校財團法人臺北城市科技大學,編制內,碩士,70,0,7,6,35,0,0,0,0,0,3,7,0,12
110,私立,技專校院,1071,城市學校財團法人臺北城市科技大學,編制內,其他,1,0,0,0,0,0,0,0,0,0,1,0,0,0
110,私立,技專校院,1071,城市學校財團法人臺北城市科技大學,編制外,學士,9,0,0,0,0,0,0,0,0,0,0,9,0,0
110,私立,技專校院,1071,城市學校財團法人臺北城市科技大學,編制外,副學士,5,0,0,0,0,0,0,0,0,0,0,4,1,0
110,私立,技專校院,1071,城市學校財團法人臺北城市科技大學,編制外,博士,19,0,0,0,0,0,1,17,0,0,0,1,0,0
110,私立,技專校院,1071,城市學校財團法人臺北城市科技大學,編制外,碩士,19,0,0,0,0,0,0,0,8,1,0,9,1,0
110,私立,技專校院,1071,城市學校財團法人臺北城市科技大學,編制外,其他,5,0,0,0,0,0,0,0,0,0,0,4,1,0
110,私立,技專校院,1072,大華學校財團法人敏實科技大學,編制內,學士,3,0,0,1,1,0,0,0,0,0,0,1,0,0
110,私立,技專校院,1072,大華學校財團法人敏實科技大學,編制內,副學士,1,0,0,0,0,0,0,0,0,0,0,0,1,0
110,私立,技專校院,1072,大華學校財團法人敏實科技大學,編制內,博士,15,1,10,4,0,0,0,0,0,0,0,0,0,0
110,私立,技專校院,1072,大華學校財團法人敏實科技大學,編制內,碩士,3,0,0,1,2,0,0,0,0,0,0,0,0,0
110,私立,技專校院,1072,大華學校財團法人敏實科技大學,編制內,其他,1,0,0,0,0,0,0,0,0,0,0,1,0,0
110,私立,技專校院,1072,大華學校財團法人敏實科技大學,編制外,博士,8,0,0,0,0,0,4,4,0,0,0,0,0,0
110,私立,技專校院,1072,大華學校財團法人敏實科技大學,編制外,碩士,3,0,0,0,0,0,0,0,2,0,0,1,0,0
110,私立,技專校院,1073,醒吾學校財團法人醒吾科技大學,編制內,學士,4,1,0,0,1,0,0,0,0,0,0,1,1,0
110,私立,技專校院,1073,醒吾學校財團法人醒吾科技大學,編制內,副學士,1,0,0,0,0,0,0,0,0,0,0,1,0,0
110,私立,技專校院,1073,醒吾學校財團法人醒吾科技大學,編制內,博士,88,11,47,28,0,0,0,0,0,1,1,0,0,0
110,私立,技專校院,1073,醒吾學校財團法人醒吾科技大學,編制內,碩士,76,4,6,4,48,0,0,0,0,1,4,9,0,0
110,私立,技專校院,1073,醒吾學校財團法人醒吾科技大學,編制外,學士,5,0,0,0,0,0,0,0,0,0,0,4,1,0
110,私立,技專校院,1073,醒吾學校財團法人醒吾科技大學,編制外,副學士,1,0,0,0,0,0,0,0,0,0,0,1,0,0
110,私立,技專校院,1073,醒吾學校財團法人醒吾科技大學,編制外,博士,4,0,0,0,0,0,0,4,0,0,0,0,0,0
110,私立,技專校院,1073,醒吾學校財團法人醒吾科技大學,編制外,碩士,28,0,0,0,0,0,0,1,11,1,2,13,0,0
110,私立,技專校院,1073,醒吾學校財團法人醒吾科技大學,編制外,其他,2,0,0,0,0,0,0,0,0,0,1,1,0,0
110,私立,技專校院,1075,文藻學校財團法人文藻外語大學,編制內,學士,1,0,0,0,1,0,0,0,0,0,0,0,0,0
110,私立,技專校院,1075,文藻學校財團法人文藻外語大學,編制內,博士,181,22,81,77,0,0,0,0,0,1,0,0,0,0
110,私立,技專校院,1075,文藻學校財團法人文藻外語大學,編制內,碩士,58,1,10,5,33,0,0,0,0,1,1,4,0,3
110,私立,技專校院,1075,文藻學校財團法人文藻外語大學,編制外,博士,23,2,1,0,0,1,1,18,0,0,0,0,0,0
110,私立,技專校院,1075,文藻學校財團法人文藻外語大學,編制外,碩士,8,0,0,0,0,0,0,1,7,0,0,0,0,0
110,私立,技專校院,1076,華夏學校財團法人華夏科技大學,編制內,學士,4,0,0,0,1,0,0,0,0,0,0,1,0,2
110,私立,技專校院,1076,華夏學校財團法人華夏科技大學,編制內,博士,74,11,40,21,1,0,0,0,0,0,0,1,0,0
110,私立,技專校院,1076,華夏學校財團法人華夏科技大學,編制內,碩士,37,0,3,7,23,0,0,0,0,0,1,0,0,3
110,私立,技專校院,1076,華夏學校財團法人華夏科技大學,編制內,其他,1,0,0,0,0,0,0,0,0,0,1,0,0,0
110,私立,技專校院,1076,華夏學校財團法人華夏科技大學,編制外,副學士,1,0,0,0,0,0,0,0,0,0,0,1,0,0
110,私立,技專校院,1076,華夏學校財團法人華夏科技大學,編制外,博士,1,0,0,0,0,0,0,1,0,0,0,0,0,0
110,私立,技專校院,1076,華夏學校財團法人華夏科技大學,編制外,碩士,2,0,0,0,0,0,0,0,1,0,0,1,0,0
110,私立,技專校院,1077,慈濟學校財團法人慈濟科技大學,編制內,學士,2,0,0,0,2,0,0,0,0,0,0,0,0,0
110,私立,技專校院,1077,慈濟學校財團法人慈濟科技大學,編制內,博士,91,6,32,53,0,0,0,0,0,0,0,0,0,0
110,私立,技專校院,1077,慈濟學校財團法人慈濟科技大學,編制內,碩士,26,0,4,8,12,0,0,0,0,0,0,0,0,2
110,私立,技專校院,1077,慈濟學校財團法人慈濟科技大學,編制外,學士,8,0,0,0,0,0,0,0,0,0,0,0,0,8
110,私立,技專校院,1077,慈濟學校財團法人慈濟科技大學,編制外,博士,9,0,0,0,0,0,0,8,0,0,0,0,0,1
110,私立,技專校院,1077,慈濟學校財團法人慈濟科技大學,編制外,碩士,31,0,0,0,0,0,0,0,11,0,0,0,0,20
110,私立,技專校院,1078,致理學校財團法人致理科技大學,編制內,學士,2,0,0,0,1,0,0,0,0,0,0,0,1,0
110,私立,技專校院,1078,致理學校財團法人致理科技大學,編制內,博士,176,21,95,59,0,0,0,0,0,1,0,0,0,0
110,私立,技專校院,1078,致理學校財團法人致理科技大學,編制內,碩士,66,1,9,11,34,0,0,0,0,2,2,4,0,3
110,私立,技專校院,1078,致理學校財團法人致理科技大學,編制外,博士,19,0,0,0,0,0,1,18,0,0,0,0,0,0
110,私立,技專校院,1078,致理學校財團法人致理科技大學,編制外,碩士,11,0,0,0,0,0,0,2,4,0,0,5,0,0
110,私立,一般大學,1079,康寧學校財團法人康寧大學,編制內,博士,42,3,12,24,1,0,0,0,0,0,2,0,0,0
110,私立,一般大學,1079,康寧學校財團法人康寧大學,編制內,碩士,35,0,1,3,29,0,0,0,0,0,0,1,0,1
110,私立,一般大學,1079,康寧學校財團法人康寧大學,編制外,學士,1,0,0,0,0,0,0,0,0,0,0,1,0,0
110,私立,一般大學,1079,康寧學校財團法人康寧大學,編制外,博士,15,0,0,0,0,1,1,13,0,0,0,0,0,0
110,私立,一般大學,1079,康寧學校財團法人康寧大學,編制外,碩士,18,0,0,0,0,0,0,0,14,0,0,4,0,0
110,私立,一般大學,1079,康寧學校財團法人康寧大學,編制外,其他,1,0,0,0,0,0,0,0,0,0,0,1,0,0
110,私立,技專校院,1080,宏國學校財團法人宏國德霖科技大學,編制內,學士,3,0,1,0,0,0,0,0,0,0,0,1,0,1
110,私立,技專校院,1080,宏國學校財團法人宏國德霖科技大學,編制內,博士,83,7,44,31,0,0,0,0,0,1,0,0,0,0
110,私立,技專校院,1080,宏國學校財團法人宏國德霖科技大學,編制內,碩士,64,0,2,14,40,0,0,0,0,0,1,6,0,1
110,私立,技專校院,1080,宏國學校財團法人宏國德霖科技大學,編制內,其他,1,0,0,0,0,0,0,0,0,0,0,1,0,0
110,私立,技專校院,1080,宏國學校財團法人宏國德霖科技大學,編制外,學士,3,0,0,0,0,0,0,0,0,0,0,3,0,0
110,私立,技專校院,1080,宏國學校財團法人宏國德霖科技大學,編制外,博士,8,0,0,0,0,0,0,7,0,0,1,0,0,0
110,私立,技專校院,1080,宏國學校財團法人宏國德霖科技大學,編制外,碩士,8,0,0,0,0,0,0,0,8,0,0,0,0,0
110,私立,技專校院,1080,宏國學校財團法人宏國德霖科技大學,編制外,其他,1,0,0,0,0,0,0,0,0,0,0,1,0,0
110,私立,技專校院,1081,東方學校財團法人東方設計大學,編制內,學士,3,0,0,0,0,0,0,0,0,0,0,0,1,2
110,私立,技專校院,1081,東方學校財團法人東方設計大學,編制內,博士,44,5,25,14,0,0,0,0,0,0,0,0,0,0
110,私立,技專校院,1081,東方學校財團法人東方設計大學,編制內,碩士,24,0,1,5,8,0,0,0,0,0,4,2,0,4
110,私立,技專校院,1081,東方學校財團法人東方設計大學,編制外,碩士,3,0,0,0,0,0,0,0,2,0,0,1,0,0
110,私立,技專校院,1081,東方學校財團法人東方設計大學,編制外,其他,1,0,0,0,0,0,0,0,0,0,0,0,1,0
110,私立,技專校院,1082,崇右學校財團法人崇右影藝科技大學,編制內,學士,1,0,0,1,0,0,0,0,0,0,0,0,0,0
110,私立,技專校院,1082,崇右學校財團法人崇右影藝科技大學,編制內,副學士,2,0,0,0,0,0,0,0,0,1,0,1,0,0
110,私立,技專校院,1082,崇右學校財團法人崇右影藝科技大學,編制內,博士,19,1,13,5,0,0,0,0,0,0,0,0,0,0
110,私立,技專校院,1082,崇右學校財團法人崇右影藝科技大學,編制內,碩士,12,0,1,2,4,0,0,0,0,1,4,0,0,0
110,私立,技專校院,1082,崇右學校財團法人崇右影藝科技大學,編制外,學士,7,0,0,0,0,0,0,0,0,0,1,4,2,0
110,私立,技專校院,1082,崇右學校財團法人崇右影藝科技大學,編制外,副學士,2,0,0,0,0,0,0,0,0,0,0,2,0,0
110,私立,技專校院,1082,崇右學校財團法人崇右影藝科技大學,編制外,博士,4,0,0,0,0,0,0,2,1,0,1,0,0,0
110,私立,技專校院,1082,崇右學校財團法人崇右影藝科技大學,編制外,碩士,12,0,0,0,0,0,0,1,4,0,2,2,3,0
110,私立,技專校院,1082,崇右學校財團法人崇右影藝科技大學,編制外,其他,3,0,0,0,0,0,0,0,0,1,1,0,1,0
110,私立,技專校院,1083,台北海洋學校財團法人台北海洋科技大學,編制內,學士,3,0,0,0,0,0,0,0,0,0,0,0,0,3
110,私立,技專校院,1083,台北海洋學校財團法人台北海洋科技大學,編制內,博士,70,5,26,35,1,0,0,0,0,0,1,2,0,0
110,私立,技專校院,1083,台北海洋學校財團法人台北海洋科技大學,編制內,碩士,33,1,4,3,13,0,0,0,0,0,2,7,0,3
110,私立,技專校院,1083,台北海洋學校財團法人台北海洋科技大學,編制外,學士,2,0,0,0,0,0,0,0,0,0,0,1,1,0
110,私立,技專校院,1083,台北海洋學校財團法人台北海洋科技大學,編制外,副學士,5,0,0,0,0,0,0,0,0,0,1,2,2,0
110,私立,技專校院,1083,台北海洋學校財團法人台北海洋科技大學,編制外,博士,12,0,0,0,0,0,3,9,0,0,0,0,0,0
110,私立,技專校院,1083,台北海洋學校財團法人台北海洋科技大學,編制外,碩士,10,0,0,0,0,0,0,0,3,0,1,6,0,0
110,私立,技專校院,1083,台北海洋學校財團法人台北海洋科技大學,編制外,其他,1,0,0,0,0,0,0,0,0,0,0,1,0,0
110,私立,技專校院,1084,亞東學校財團法人亞東科技大學,編制內,學士,2,0,1,0,0,0,0,0,0,0,0,1,0,0
110,私立,技專校院,1084,亞東學校財團法人亞東科技大學,編制內,博士,92,20,51,21,0,0,0,0,0,0,0,0,0,0
110,私立,技專校院,1084,亞東學校財團法人亞東科技大學,編制內,碩士,36,0,5,14,14,0,0,0,0,0,1,2,0,0
110,私立,技專校院,1084,亞東學校財團法人亞東科技大學,編制外,學士,3,0,0,0,0,0,0,0,0,0,0,0,0,3
110,私立,技專校院,1084,亞東學校財團法人亞東科技大學,編制外,博士,6,0,0,0,0,0,0,6,0,0,0,0,0,0
110,私立,技專校院,1084,亞東學校財團法人亞東科技大學,編制外,碩士,4,0,0,0,0,0,0,0,0,0,0,1,1,2
110,私立,一般大學,1125,中信學校財團法人中信金融管理學院,編制內,博士,20,8,4,4,0,0,0,0,0,3,1,0,0,0
110,私立,一般大學,1125,中信學校財團法人中信金融管理學院,編制內,碩士,5,0,0,0,3,0,0,0,0,1,0,0,0,1
110,私立,一般大學,1125,中信學校財團法人中信金融管理學院,編制外,學士,3,0,0,0,0,0,0,0,0,0,1,1,1,0
110,私立,一般大學,1125,中信學校財團法人中信金融管理學院,編制外,副學士,1,0,0,0,0,0,0,0,0,0,0,1,0,0
110,私立,一般大學,1125,中信學校財團法人中信金融管理學院,編制外,博士,27,0,0,0,0,7,2,18,0,0,0,0,0,0
110,私立,一般大學,1125,中信學校財團法人中信金融管理學院,編制外,碩士,10,0,0,0,0,0,0,1,8,0,1,0,0,0
110,私立,技專校院,1148,大漢技術學院,編制內,學士,1,0,1,0,0,0,0,0,0,0,0,0,0,0
110,私立,技專校院,1148,大漢技術學院,編制內,博士,20,3,9,8,0,0,0,0,0,0,0,0,0,0
110,私立,技專校院,1148,大漢技術學院,編制內,碩士,11,0,1,2,7,0,0,0,0,0,0,0,0,1
110,私立,技專校院,1148,大漢技術學院,編制外,學士,1,0,0,0,0,0,0,0,0,0,0,0,1,0
110,私立,技專校院,1148,大漢技術學院,編制外,博士,4,1,0,0,0,0,2,1,0,0,0,0,0,0
110,私立,技專校院,1148,大漢技術學院,編制外,碩士,1,0,0,0,0,0,0,0,0,0,0,0,1,0
110,私立,技專校院,1159,和春技術學院,編制內,學士,3,1,0,0,0,0,0,0,0,0,0,1,1,0
110,私立,技專校院,1159,和春技術學院,編制內,副學士,1,0,0,0,0,0,0,0,0,0,0,1,0,0
110,私立,技專校院,1159,和春技術學院,編制內,博士,11,0,4,6,0,0,0,0,0,1,0,0,0,0
110,私立,技專校院,1159,和春技術學院,編制內,碩士,7,0,0,0,4,0,0,0,0,0,0,2,0,1
110,私立,技專校院,1159,和春技術學院,編制外,學士,2,0,0,0,0,0,0,0,0,0,0,0,2,0
110,私立,技專校院,1159,和春技術學院,編制外,副學士,1,0,0,0,0,0,0,0,0,0,1,0,0,0
110,私立,技專校院,1159,和春技術學院,編制外,博士,6,0,0,0,0,1,2,1,1,0,0,0,1,0
110,私立,技專校院,1159,和春技術學院,編制外,碩士,5,0,0,0,0,0,0,0,2,0,2,0,1,0
110,私立,技專校院,1168,南亞科技學校財團法人南亞技術學院,編制內,學士,2,0,0,0,0,0,0,0,0,0,0,0,0,2
110,私立,技專校院,1168,南亞科技學校財團法人南亞技術學院,編制內,博士,35,3,13,18,0,0,0,0,0,0,1,0,0,0
110,私立,技專校院,1168,南亞科技學校財團法人南亞技術學院,編制內,碩士,23,0,3,2,16,0,0,0,0,0,0,1,0,1
110,私立,技專校院,1168,南亞科技學校財團法人南亞技術學院,編制內,其他,2,0,0,0,0,0,0,0,0,0,1,1,0,0
110,私立,技專校院,1168,南亞科技學校財團法人南亞技術學院,編制外,學士,2,0,0,0,0,0,0,0,0,0,0,0,2,0
110,私立,技專校院,1168,南亞科技學校財團法人南亞技術學院,編制外,博士,4,0,0,0,0,1,1,1,0,1,0,0,0,0
110,私立,技專校院,1168,南亞科技學校財團法人南亞技術學院,編制外,碩士,12,0,0,0,0,0,0,0,11,0,0,1,0,0
110,私立,技專校院,1168,南亞科技學校財團法人南亞技術學院,編制外,其他,1,0,0,0,0,0,0,0,0,0,0,1,0,0
110,私立,技專校院,1182,蘭陽技術學院,編制內,學士,1,0,0,0,0,0,0,0,0,0,0,0,1,0
110,私立,技專校院,1182,蘭陽技術學院,編制內,博士,9,0,4,5,0,0,0,0,0,0,0,0,0,0
110,私立,技專校院,1182,蘭陽技術學院,編制內,碩士,14,0,0,3,11,0,0,0,0,0,0,0,0,0
110,私立,技專校院,1182,蘭陽技術學院,編制外,學士,1,0,0,0,0,0,0,0,0,0,0,1,0,0
110,私立,技專校院,1182,蘭陽技術學院,編制外,副學士,1,0,0,0,0,0,0,0,0,0,1,0,0,0
110,私立,技專校院,1182,蘭陽技術學院,編制外,碩士,1,0,0,0,0,0,0,0,0,0,0,1,0,0
110,私立,技專校院,1183,黎明技術學院,編制內,學士,1,0,0,0,0,0,0,0,0,0,0,1,0,0
110,私立,技專校院,1183,黎明技術學院,編制內,博士,57,6,33,14,2,0,0,0,0,0,2,0,0,0
110,私立,技專校院,1183,黎明技術學院,編制內,碩士,45,1,2,9,29,0,0,0,0,0,1,3,0,0
110,私立,技專校院,1183,黎明技術學院,編制外,學士,15,0,0,0,0,0,0,0,0,0,0,12,3,0
110,私立,技專校院,1183,黎明技術學院,編制外,副學士,1,0,0,0,0,0,0,0,0,0,0,1,0,0
110,私立,技專校院,1183,黎明技術學院,編制外,博士,4,0,0,0,0,0,4,0,0,0,0,0,0,0
110,私立,技專校院,1183,黎明技術學院,編制外,碩士,31,0,0,0,0,0,0,0,11,0,2,15,0,3
110,私立,技專校院,1183,黎明技術學院,編制外,其他,2,0,0,0,0,0,0,0,0,0,0,1,1,0
110,私立,技專校院,1185,經國管理暨健康學院,編制內,學士,4,0,0,0,0,0,0,0,0,0,2,1,1,0
110,私立,技專校院,1185,經國管理暨健康學院,編制內,副學士,3,0,0,0,0,0,0,0,0,0,1,2,0,0
110,私立,技專校院,1185,經國管理暨健康學院,編制內,博士,61,5,25,31,0,0,0,0,0,0,0,0,0,0
110,私立,技專校院,1185,經國管理暨健康學院,編制內,碩士,34,0,5,6,22,0,0,0,0,0,0,1,0,0
110,私立,技專校院,1185,經國管理暨健康學院,編制外,學士,2,0,0,0,0,0,0,0,0,0,0,0,0,2
110,私立,技專校院,1185,經國管理暨健康學院,編制外,副學士,1,0,0,0,0,0,0,0,0,0,0,1,0,0
110,私立,技專校院,1185,經國管理暨健康學院,編制外,博士,9,0,0,0,0,1,0,8,0,0,0,0,0,0
110,私立,技專校院,1185,經國管理暨健康學院,編制外,碩士,24,0,1,0,0,0,0,0,1,0,0,1,1,20
110,私立,技專校院,1188,大同技術學院,編制內,學士,1,0,0,0,0,0,0,0,0,0,1,0,0,0
110,私立,技專校院,1188,大同技術學院,編制內,博士,19,2,8,8,0,0,0,0,0,0,1,0,0,0
110,私立,技專校院,1188,大同技術學院,編制內,碩士,13,0,1,5,0,0,0,0,0,0,1,2,0,4
110,私立,技專校院,1188,大同技術學院,編制外,學士,3,0,0,0,0,0,0,0,1,0,0,1,1,0
110,私立,技專校院,1188,大同技術學院,編制外,博士,1,0,0,0,0,0,0,1,0,0,0,0,0,0
110,私立,技專校院,1188,大同技術學院,編制外,碩士,8,0,0,0,0,0,0,0,5,0,0,3,0,0
110,私立,技專校院,1188,大同技術學院,編制外,其他,1,0,0,0,0,0,0,0,0,0,0,1,0,0
110,私立,一般大學,1195,馬偕學校財團法人馬偕醫學院,編制內,學士,12,0,3,8,1,0,0,0,0,0,0,0,0,0
110,私立,一般大學,1195,馬偕學校財團法人馬偕醫學院,編制內,博士,102,19,47,36,0,0,0,0,0,0,0,0,0,0
110,私立,一般大學,1195,馬偕學校財團法人馬偕醫學院,編制內,碩士,11,2,1,3,5,0,0,0,0,0,0,0,0,0
110,私立,一般大學,1195,馬偕學校財團法人馬偕醫學院,編制外,學士,1,0,0,0,0,0,1,0,0,0,0,0,0,0
110,私立,一般大學,1195,馬偕學校財團法人馬偕醫學院,編制外,博士,4,0,0,0,0,0,3,1,0,0,0,0,0,0
110,私立,一般大學,1196,法鼓學校財團法人法鼓文理學院,編制內,博士,21,4,8,9,0,0,0,0,0,0,0,0,0,0
110,私立,一般大學,1196,法鼓學校財團法人法鼓文理學院,編制內,碩士,2,0,0,1,0,0,0,0,0,0,1,0,0,0
110,私立,一般大學,1196,法鼓學校財團法人法鼓文理學院,編制外,博士,2,0,0,0,0,0,1,1,0,0,0,0,0,0
110,私立,技專校院,1282,馬偕學校財團法人馬偕醫護管理專科學校,編制內,學士,23,0,0,2,1,0,0,0,0,0,0,1,2,17
110,私立,技專校院,1282,馬偕學校財團法人馬偕醫護管理專科學校,編制內,副學士,1,0,0,0,0,0,0,0,0,0,0,1,0,0
110,私立,技專校院,1282,馬偕學校財團法人馬偕醫護管理專科學校,編制內,博士,48,5,6,37,0,0,0,0,0,0,0,0,0,0
110,私立,技專校院,1282,馬偕學校財團法人馬偕醫護管理專科學校,編制內,碩士,66,1,2,1,51,0,0,0,0,0,1,3,0,7
110,私立,技專校院,1282,馬偕學校財團法人馬偕醫護管理專科學校,編制內,其他,1,0,0,0,0,0,0,0,0,0,0,1,0,0
110,私立,技專校院,1282,馬偕學校財團法人馬偕醫護管理專科學校,編制外,學士,1,0,0,0,0,0,0,0,0,0,0,0,0,1
110,私立,技專校院,1282,馬偕學校財團法人馬偕醫護管理專科學校,編制外,碩士,7,0,0,0,0,0,0,0,3,0,1,0,2,1
110,私立,技專校院,1283,仁德醫護管理專科學校,編制內,學士,12,0,0,0,0,0,0,0,0,0,0,0,2,10
110,私立,技專校院,1283,仁德醫護管理專科學校,編制內,副學士,1,0,0,0,0,0,0,0,0,0,0,0,0,1
110,私立,技專校院,1283,仁德醫護管理專科學校,編制內,博士,50,1,2,32,14,0,0,0,0,1,0,0,0,0
110,私立,技專校院,1283,仁德醫護管理專科學校,編制內,碩士,83,0,0,1,71,0,0,0,0,0,0,4,1,6
110,私立,技專校院,1283,仁德醫護管理專科學校,編制外,學士,20,0,0,0,0,0,0,0,0,0,0,0,2,18
110,私立,技專校院,1283,仁德醫護管理專科學校,編制外,博士,6,0,0,0,0,0,0,6,0,0,0,0,0,0
110,私立,技專校院,1283,仁德醫護管理專科學校,編制外,碩士,45,0,0,0,0,0,0,0,31,0,0,0,0,14
110,私立,技專校院,1284,樹人醫護管理專科學校,編制內,學士,14,0,0,0,0,0,0,0,0,0,0,0,1,13
110,私立,技專校院,1284,樹人醫護管理專科學校,編制內,博士,47,2,4,41,0,0,0,0,0,0,0,0,0,0
110,私立,技專校院,1284,樹人醫護管理專科學校,編制內,碩士,102,0,1,9,77,0,0,0,0,0,0,2,0,13
110,私立,技專校院,1284,樹人醫護管理專科學校,編制外,學士,16,0,0,0,0,0,0,0,0,0,0,0,0,16
110,私立,技專校院,1284,樹人醫護管理專科學校,編制外,博士,3,0,0,0,0,0,0,3,0,0,0,0,0,0
110,私立,技專校院,1284,樹人醫護管理專科學校,編制外,碩士,39,0,0,0,0,0,0,0,38,0,0,0,0,1
110,私立,技專校院,1285,慈惠醫護管理專科學校,編制內,學士,2,0,0,0,0,0,0,0,0,0,0,0,0,2
110,私立,技專校院,1285,慈惠醫護管理專科學校,編制內,博士,27,0,1,23,3,0,0,0,0,0,0,0,0,0
110,私立,技專校院,1285,慈惠醫護管理專科學校,編制內,碩士,60,0,0,1,46,0,0,0,0,1,0,2,3,7
110,私立,技專校院,1285,慈惠醫護管理專科學校,編制外,學士,36,0,0,0,0,0,0,0,0,0,0,0,2,34
110,私立,技專校院,1285,慈惠醫護管理專科學校,編制外,碩士,3,0,0,0,0,0,0,0,3,0,0,0,0,0
110,私立,技專校院,1286,耕莘健康管理專科學校,編制內,學士,1,0,0,0,0,0,0,0,0,0,0,1,0,0
110,私立,技專校院,1286,耕莘健康管理專科學校,編制內,副學士,1,0,0,0,0,0,0,0,0,0,0,1,0,0
110,私立,技專校院,1286,耕莘健康管理專科學校,編制內,博士,46,0,11,28,7,0,0,0,0,0,0,0,0,0
110,私立,技專校院,1286,耕莘健康管理專科學校,編制內,碩士,61,0,0,0,59,0,0,0,0,0,0,2,0,0
110,私立,技專校院,1286,耕莘健康管理專科學校,編制外,學士,16,0,0,0,0,0,0,0,0,0,0,0,0,16
110,私立,技專校院,1286,耕莘健康管理專科學校,編制外,博士,3,0,0,0,0,0,0,3,0,0,0,0,0,0
110,私立,技專校院,1286,耕莘健康管理專科學校,編制外,碩士,38,0,0,0,0,0,0,0,18,0,0,0,1,19
110,私立,技專校院,1287,敏惠醫護管理專科學校,編制內,學士,3,0,0,0,0,0,0,0,0,0,0,0,0,3
110,私立,技專校院,1287,敏惠醫護管理專科學校,編制內,博士,18,1,3,14,0,0,0,0,0,0,0,0,0,0
110,私立,技專校院,1287,敏惠醫護管理專科學校,編制內,碩士,58,0,1,0,55,0,0,0,0,0,0,0,0,2
110,私立,技專校院,1287,敏惠醫護管理專科學校,編制外,學士,16,0,0,0,0,0,0,0,0,0,0,0,1,15
110,私立,技專校院,1287,敏惠醫護管理專科學校,編制外,副學士,3,0,0,0,0,0,0,0,0,0,0,0,3,0
110,私立,技專校院,1287,敏惠醫護管理專科學校,編制外,博士,2,0,0,0,0,0,0,2,0,0,0,0,0,0
110,私立,技專校院,1287,敏惠醫護管理專科學校,編制外,碩士,21,0,0,0,0,0,0,0,20,0,0,0,1,0
110,私立,技專校院,1289,育英醫護管理專科學校,編制內,學士,2,0,0,0,0,0,0,0,0,0,0,0,0,2
110,私立,技專校院,1289,育英醫護管理專科學校,編制內,博士,8,0,2,5,0,0,0,0,0,0,0,0,0,1
110,私立,技專校院,1289,育英醫護管理專科學校,編制內,碩士,26,0,0,1,21,0,0,0,0,0,0,0,0,4
110,私立,技專校院,1289,育英醫護管理專科學校,編制外,學士,13,0,0,0,0,0,0,0,0,0,0,0,0,13
110,私立,技專校院,1289,育英醫護管理專科學校,編制外,博士,4,0,0,0,0,0,0,4,0,0,0,0,0,0
110,私立,技專校院,1289,育英醫護管理專科學校,編制外,碩士,15,0,0,0,0,0,0,0,9,0,0,0,0,6
110,私立,技專校院,1291,聖母醫護管理專科學校,編制內,學士,3,0,1,0,0,0,0,0,0,0,0,0,0,2
110,私立,技專校院,1291,聖母醫護管理專科學校,編制內,副學士,1,0,0,0,0,0,0,0,0,0,0,0,1,0
110,私立,技專校院,1291,聖母醫護管理專科學校,編制內,博士,19,3,5,10,1,0,0,0,0,0,0,0,0,0
110,私立,技專校院,1291,聖母醫護管理專科學校,編制內,碩士,54,0,0,2,47,0,0,0,0,0,0,2,0,3
110,私立,技專校院,1291,聖母醫護管理專科學校,編制外,學士,8,0,0,0,0,0,0,0,0,0,0,0,0,8
110,私立,技專校院,1292,新生醫護管理專科學校,編制內,學士,7,0,0,0,0,0,0,0,0,0,0,0,0,7
110,私立,技專校院,1292,新生醫護管理專科學校,編制內,博士,48,0,4,35,9,0,0,0,0,0,0,0,0,0
110,私立,技專校院,1292,新生醫護管理專科學校,編制內,碩士,70,0,0,3,62,0,0,0,0,0,0,0,0,5
110,私立,技專校院,1292,新生醫護管理專科學校,編制外,學士,31,0,0,0,0,0,0,0,0,0,0,0,0,31
110,私立,技專校院,1292,新生醫護管理專科學校,編制外,博士,4,0,0,0,0,0,0,1,3,0,0,0,0,0
110,私立,技專校院,1292,新生醫護管理專科學校,編制外,碩士,48,0,0,0,0,0,0,0,48,0,0,0,0,0
110,私立,技專校院,1293,崇仁醫護管理專科學校,編制內,學士,13,0,0,0,0,0,0,0,0,0,0,0,0,13
110,私立,技專校院,1293,崇仁醫護管理專科學校,編制內,副學士,1,0,0,0,0,0,0,0,0,0,0,0,1,0
110,私立,技專校院,1293,崇仁醫護管理專科學校,編制內,博士,22,1,5,16,0,0,0,0,0,0,0,0,0,0
110,私立,技專校院,1293,崇仁醫護管理專科學校,編制內,碩士,53,0,0,0,48,0,0,0,0,0,0,1,0,4
110,私立,技專校院,1293,崇仁醫護管理專科學校,編制外,學士,10,0,0,0,0,0,0,0,0,0,0,0,0,10
110,私立,技專校院,1293,崇仁醫護管理專科學校,編制外,博士,2,0,0,0,0,0,0,2,0,0,0,0,0,0
110,私立,技專校院,1293,崇仁醫護管理專科學校,編制外,碩士,19,0,0,0,0,0,0,0,19,0,0,0,0,0
110,私立,宗教研修學院,1R02,學校財團法人中華浸信會基督教台灣浸會神學院,編制內,博士,11,1,3,7,0,0,0,0,0,0,0,0,0,0
110,私立,宗教研修學院,1R03,臺北基督學院,編制內,博士,4,0,0,4,0,0,0,0,0,0,0,0,0,0
110,私立,宗教研修學院,1R03,臺北基督學院,編制內,碩士,2,0,0,0,2,0,0,0,0,0,0,0,0,0
110,私立,宗教研修學院,1R03,臺北基督學院,編制外,博士,1,0,0,0,0,0,0,1,0,0,0,0,0,0
110,私立,宗教研修學院,1R03,臺北基督學院,編制外,碩士,1,0,0,0,0,0,0,0,0,0,0,1,0,0
110,私立,宗教研修學院,1R04,財團法人一貫道天皇基金會一貫道天皇學院,編制內,博士,6,0,3,2,0,0,0,0,0,0,0,1,0,0
110,私立,宗教研修學院,1R04,財團法人一貫道天皇基金會一貫道天皇學院,編制內,碩士,3,0,0,0,0,0,0,0,0,1,0,2,0,0
110,私立,宗教研修學院,1R04,財團法人一貫道天皇基金會一貫道天皇學院,編制外,碩士,1,0,0,0,0,0,0,0,0,0,0,1,0,0
110,私立,宗教研修學院,1R05,台神學校財團法人台灣神學研究學院,編制內,博士,20,2,2,11,0,0,0,0,0,1,3,1,0,0
110,私立,宗教研修學院,1R06,一貫道崇德學院,編制內,學士,1,0,0,0,0,0,0,0,0,1,0,0,0,0
110,私立,宗教研修學院,1R06,一貫道崇德學院,編制內,博士,5,0,3,2,0,0,0,0,0,0,0,0,0,0
110,私立,宗教研修學院,1R07,台灣基督長老教會南神神學院,編制內,博士,7,1,4,1,0,0,0,0,0,1,0,0,0,0
110,私立,宗教研修學院,1R07,台灣基督長老教會南神神學院,編制內,碩士,1,0,0,1,0,0,0,0,0,0,0,0,0,0
110,私立,宗教研修學院,1R07,台灣基督長老教會南神神學院,編制內,其他,1,0,0,1,0,0,0,0,0,0,0,0,0,0
110,私立,宗教研修學院,1R07,台灣基督長老教會南神神學院,編制外,博士,1,0,0,0,0,0,0,0,0,0,1,0,0,0
110,私立,宗教研修學院,1R08,中華福音神學研究學院,編制內,博士,15,0,0,11,0,0,0,0,0,2,0,2,0,0
110,私立,宗教研修學院,1R09,唯心聖教學院,編制內,博士,3,0,1,1,0,0,0,0,0,0,1,0,0,0
110,私立,宗教研修學院,1R09,唯心聖教學院,編制內,碩士,3,0,0,0,0,0,0,0,0,0,2,1,0,0
110,公立,一般大學,3002,臺北市立大學,編制內,學士,1,1,0,0,0,0,0,0,0,0,0,0,0,0
110,公立,一般大學,3002,臺北市立大學,編制內,博士,244,93,90,61,0,0,0,0,0,0,0,0,0,0
110,公立,一般大學,3002,臺北市立大學,編制內,碩士,77,28,16,12,10,0,0,0,0,0,2,3,0,6
