學年度,設立別,學校類別,學校統計處代碼,學校名稱,縣市別,申請學校宿舍人數(A),學生實際住宿情形-自有宿舍住宿人數-小計(B),學生實際住宿情形-自有宿舍住宿人數-男,學生實際住宿情形-自有宿舍住宿人數-女,學生實際住宿情形-學校租賃宿舍住宿人數-小計(C),學生實際住宿情形-學校租賃宿舍住宿人數-男,學生實際住宿情形-學校租賃宿舍住宿人數-女,學生校外租屋人數(107學年度新增)-小計(D),學生校外租屋人數(107學年度新增)-男,學生校外租屋人數(107學年度新增)-女,學校提供學生實際住宿之比率(%)E=(B+C)/（B+C+D）
106,公立,一般大學,0001,國立政治大學,臺北市,8031,6529,2389,4140,0,0,0,...,...,...,81.30
106,公立,一般大學,0002,國立清華大學,新竹市,8927,8021,4353,3668,0,0,0,...,...,...,89.85
106,公立,一般大學,0003,國立臺灣大學,臺北市,14469,11959,6663,5296,0,0,0,...,...,...,82.65
106,公立,一般大學,0004,國立臺灣師範大學,臺北市,6200,4145,1571,2574,0,0,0,...,...,...,66.85
106,公立,一般大學,0005,國立成功大學,臺南市,10294,6341,3951,2390,0,0,0,...,...,...,61.60
106,公立,一般大學,0006,國立中興大學,臺中市,4621,3057,1916,1141,0,0,0,...,...,...,66.15
106,公立,一般大學,0007,國立陽明交通大學,新竹市,8033,7134,4837,2297,0,0,0,...,...,...,88.81
106,公立,一般大學,0007,國立陽明交通大學,臺南市,67,17,14,3,50,45,5,...,...,...,100
106,公立,一般大學,0008,國立中央大學,桃園市,6368,5748,3495,2253,0,0,0,...,...,...,90.26
106,公立,一般大學,0009,國立中山大學,高雄市,4020,4020,2376,1644,0,0,0,...,...,...,100
106,公立,一般大學,0012,國立臺灣海洋大學,基隆市,4084,2755,1857,898,0,0,0,...,...,...,67.46
106,公立,一般大學,0013,國立中正大學,嘉義縣,5054,3588,1915,1673,0,0,0,...,...,...,70.99
106,公立,一般大學,0014,國立高雄師範大學,高雄市,2923,2923,1466,1457,0,0,0,...,...,...,100
106,公立,一般大學,0015,國立彰化師範大學,彰化縣,3489,2578,1176,1402,0,0,0,...,...,...,73.89
106,公立,一般大學,0016,國立陽明大學,臺北市,2202,2202,1094,1108,0,0,0,...,...,...,100
106,公立,一般大學,0017,國立臺北大學,臺北市,575,575,198,377,0,0,0,...,...,...,100
106,公立,一般大學,0017,國立臺北大學,新北市,1290,1060,430,630,0,0,0,...,...,...,82.17
106,公立,一般大學,0018,國立嘉義大學,嘉義縣,1305,1224,391,833,0,0,0,...,...,...,93.79
106,公立,一般大學,0018,國立嘉義大學,嘉義市,2688,2315,1225,1090,0,0,0,...,...,...,86.12
106,公立,一般大學,0019,國立高雄大學,高雄市,1435,1529,774,755,0,0,0,...,...,...,100
106,公立,一般大學,0020,國立東華大學,花蓮縣,6982,5838,2745,3093,0,0,0,...,...,...,83.62
106,公立,一般大學,0021,國立暨南國際大學,南投縣,4068,2773,1342,1431,0,0,0,...,...,...,68.17
106,公立,技專校院,0022,國立臺灣科技大學,臺北市,3460,1986,1306,680,0,0,0,...,...,...,57.40
106,公立,技專校院,0023,國立雲林科技大學,雲林縣,2599,2528,1259,1269,0,0,0,...,...,...,97.27
106,公立,技專校院,0024,國立屏東科技大學,屏東縣,2944,2944,1483,1461,0,0,0,...,...,...,100
106,公立,技專校院,0025,國立臺北科技大學,臺北市,2710,1572,936,636,200,200,0,...,...,...,65.39
106,公立,技專校院,0026,國立高雄第一科技大學,高雄市,1892,1378,770,608,0,0,0,...,...,...,72.83
106,公立,技專校院,0027,國立高雄應用科技大學,高雄市,2012,1268,542,726,0,0,0,...,...,...,63.02
106,公立,一般大學,0028,國立臺北藝術大學,臺北市,1667,1325,417,908,0,0,0,...,...,...,79.48
106,公立,一般大學,0029,國立臺灣藝術大學,新北市,1166,800,195,605,0,0,0,...,...,...,68.61
106,公立,一般大學,0030,國立臺東大學,臺東縣,2463,1974,902,1072,0,0,0,...,...,...,80.15
106,公立,一般大學,0031,國立宜蘭大學,宜蘭縣,1558,1478,807,671,0,0,0,...,...,...,94.87
106,公立,一般大學,0032,國立聯合大學,苗栗縣,2749,2749,1157,1592,0,0,0,...,...,...,100
106,公立,技專校院,0033,國立虎尾科技大學,雲林縣,1887,1783,1264,519,0,0,0,...,...,...,94.49
106,公立,技專校院,0034,國立高雄海洋科技大學,高雄市,2294,1687,975,712,0,0,0,...,...,...,73.54
106,公立,一般大學,0035,國立臺南藝術大學,臺南市,1169,1157,357,800,0,0,0,...,...,...,98.97
106,公立,一般大學,0036,國立臺南大學,臺南市,1957,1433,482,951,0,0,0,...,...,...,73.22
106,公立,一般大學,0037,國立臺北教育大學,臺北市,1709,1354,423,931,0,0,0,...,...,...,79.23
106,公立,一般大學,0039,國立臺中教育大學,臺中市,1947,1882,563,1319,0,0,0,...,...,...,96.66
106,公立,技專校院,0042,國立澎湖科技大學,澎湖縣,708,673,394,279,0,0,0,...,...,...,95.06
106,公立,技專校院,0043,國立勤益科技大學,臺中市,1267,871,448,423,7,5,2,...,...,...,69.30
106,公立,一般大學,0044,國立體育大學,桃園市,1461,1195,714,481,0,0,0,...,...,...,81.79
106,公立,技專校院,0046,國立臺北護理健康大學,臺北市,1806,1341,164,1177,0,0,0,...,...,...,74.25
106,公立,技專校院,0047,國立高雄餐旅大學,高雄市,1336,1336,413,923,0,0,0,...,...,...,100
106,公立,一般大學,0048,國立金門大學,金門縣,1107,1041,516,525,66,26,40,...,...,...,100
106,公立,一般大學,0049,國立臺灣體育運動大學,臺中市,779,779,488,291,0,0,0,...,...,...,100
106,公立,技專校院,0050,國立臺中科技大學,臺中市,1513,1371,211,1160,0,0,0,...,...,...,90.61
106,公立,技專校院,0051,國立臺北商業大學,桃園市,541,541,106,435,0,0,0,...,...,...,100
106,公立,一般大學,0052,國立屏東大學,屏東縣,4065,3650,1185,2465,0,0,0,...,...,...,89.79
106,公立,技專校院,0144,國立臺灣戲曲學院,臺北市,367,313,114,199,0,0,0,...,...,...,85.29
106,公立,技專校院,0221,國立臺南護理專科學校,臺南市,675,504,24,480,0,0,0,...,...,...,74.67
106,公立,技專校院,0222,國立臺東專科學校,臺東縣,601,491,314,177,0,0,0,...,...,...,81.70
106,私立,一般大學,1001,東海大學,臺中市,6513,5081,1998,3083,0,0,0,...,...,...,78.01
106,私立,一般大學,1002,輔仁大學,新北市,4184,3543,1294,2249,641,202,439,...,...,...,100
106,私立,一般大學,1003,東吳大學,臺北市,1821,1074,388,686,727,197,530,...,...,...,98.90
106,私立,一般大學,1004,中原大學,桃園市,5221,4505,2292,2213,356,210,146,...,...,...,93.10
106,私立,一般大學,1005,淡江大學學校財團法人淡江大學,宜蘭縣,840,825,330,495,0,0,0,...,...,...,98.21
106,私立,一般大學,1005,淡江大學學校財團法人淡江大學,新北市,4746,2016,19,1997,923,630,293,...,...,...,61.93
106,私立,一般大學,1006,中國文化大學,臺北市,6604,4242,1662,2580,420,168,252,...,...,...,70.59
106,私立,一般大學,1007,逢甲大學,臺中市,5370,2679,962,1717,2237,1928,309,...,...,...,91.55
106,私立,一般大學,1008,靜宜大學,臺中市,4073,3028,985,2043,386,160,226,...,...,...,83.82
106,私立,一般大學,1009,長庚大學,桃園市,5190,5190,2711,2479,0,0,0,...,...,...,100
106,私立,一般大學,1010,元智大學,桃園市,4503,2903,1436,1467,86,86,0,...,...,...,66.38
106,私立,一般大學,1011,中華大學學校財團法人中華大學,新竹市,2471,2316,1289,1027,0,0,0,...,...,...,93.73
106,私立,一般大學,1012,大葉大學,彰化縣,2220,2220,810,1410,0,0,0,...,...,...,100
106,私立,一般大學,1013,華梵大學,新北市,1154,968,510,458,0,0,0,...,...,...,83.88
106,私立,一般大學,1014,義守大學,高雄市,8756,3679,1591,2088,2708,1292,1416,...,...,...,72.94
106,私立,一般大學,1015,世新大學,臺北市,959,497,134,363,0,0,0,...,...,...,51.82
106,私立,一般大學,1015,世新大學,新北市,637,518,85,433,214,54,160,...,...,...,100
106,私立,一般大學,1016,銘傳大學,臺北市,1544,828,298,530,303,138,165,...,...,...,73.25
106,私立,一般大學,1016,銘傳大學,桃園市,2899,1446,420,1026,963,450,513,...,...,...,83.10
106,私立,一般大學,1016,銘傳大學,金門縣,106,106,45,61,0,0,0,...,...,...,100
106,私立,一般大學,1017,實踐大學,臺北市,1500,959,8,951,279,131,148,...,...,...,82.53
106,私立,一般大學,1017,實踐大學,高雄市,2100,1116,4,1112,672,526,146,...,...,...,85.14
106,私立,技專校院,1018,朝陽科技大學,臺中市,2819,925,414,511,1894,687,1207,...,...,...,100
106,私立,一般大學,1019,高雄醫學大學,高雄市,2037,1574,652,922,0,0,0,...,...,...,77.27
106,私立,一般大學,1020,南華大學,嘉義縣,2699,2413,761,1652,241,208,33,...,...,...,98.33
106,私立,一般大學,1021,真理大學,新北市,1354,942,350,592,0,0,0,...,...,...,69.57
106,私立,一般大學,1021,真理大學,臺南市,34,31,15,16,0,0,0,...,...,...,91.18
106,私立,一般大學,1022,大同大學,臺北市,1120,1097,673,424,0,0,0,...,...,...,97.95
106,私立,技專校院,1023,南臺學校財團法人南臺科技大學,臺南市,4507,3600,1678,1922,0,0,0,...,...,...,79.88
106,私立,技專校院,1024,崑山科技大學,臺南市,1737,1704,1094,610,0,0,0,...,...,...,98.10
106,私立,技專校院,1025,嘉藥學校財團法人嘉南藥理大學,臺南市,5415,4246,1467,2779,88,44,44,...,...,...,80.04
106,私立,技專校院,1026,樹德科技大學,高雄市,2806,2806,1021,1785,0,0,0,...,...,...,100
106,私立,一般大學,1027,慈濟學校財團法人慈濟大學,花蓮縣,2308,2308,821,1487,0,0,0,...,...,...,100
106,私立,一般大學,1028,臺北醫學大學,臺北市,1330,803,355,448,39,14,25,...,...,...,63.31
106,私立,一般大學,1029,中山醫學大學,臺中市,1753,1513,671,842,0,0,0,...,...,...,86.31
106,私立,技專校院,1030,龍華科技大學,桃園市,1143,741,451,290,227,165,62,...,...,...,84.69
106,私立,技專校院,1031,輔英科技大學,高雄市,2485,2485,353,2132,0,0,0,...,...,...,100
106,私立,技專校院,1032,明新學校財團法人明新科技大學,新竹縣,2190,1827,1024,803,0,0,0,...,...,...,83.42
106,私立,一般大學,1033,長榮大學,臺南市,3509,2550,1059,1491,0,0,0,...,...,...,72.67
106,私立,技專校院,1034,弘光科技大學,臺中市,2276,315,15,300,1961,750,1211,...,...,...,100
106,私立,一般大學,1035,中國醫藥大學,臺中市,487,415,210,205,0,0,0,...,...,...,85.22
106,私立,一般大學,1035,中國醫藥大學,雲林縣,648,633,197,436,0,0,0,...,...,...,97.69
106,私立,技專校院,1036,健行學校財團法人健行科技大學,桃園市,1093,1066,684,382,0,0,0,...,...,...,97.53
106,私立,技專校院,1037,正修學校財團法人正修科技大學,高雄市,1540,896,419,477,500,250,250,...,...,...,90.65
106,私立,技專校院,1038,萬能學校財團法人萬能科技大學,桃園市,1111,709,356,353,319,152,167,...,...,...,92.53
106,私立,一般大學,1039,玄奘大學,新竹市,1081,1086,415,671,0,0,0,...,...,...,100
106,私立,技專校院,1040,建國科技大學,彰化縣,1520,455,300,155,361,227,134,...,...,...,53.68
106,私立,技專校院,1041,明志科技大學,新北市,2681,2582,1790,792,0,0,0,...,...,...,96.31
106,私立,技專校院,1042,高苑科技大學,高雄市,1021,1021,758,263,0,0,0,...,...,...,100
106,私立,技專校院,1043,大仁科技大學,屏東縣,1075,1075,387,688,0,0,0,...,...,...,100
106,私立,技專校院,1044,聖約翰科技大學,新北市,889,880,618,262,0,0,0,...,...,...,98.99
106,私立,技專校院,1045,嶺東科技大學,臺中市,725,576,0,576,0,0,0,...,...,...,79.45
106,私立,技專校院,1046,中國科技大學,新竹縣,1118,1015,391,624,0,0,0,...,...,...,90.79
106,私立,技專校院,1047,中臺科技大學,臺中市,1113,1043,343,700,0,0,0,...,...,...,93.71
106,私立,一般大學,1048,亞洲大學,臺中市,4737,4164,1332,2832,0,0,0,...,...,...,87.90
106,私立,一般大學,1049,開南大學,桃園市,1456,1383,651,732,0,0,0,...,...,...,94.99
106,私立,一般大學,1050,佛光大學,宜蘭縣,1988,903,330,573,849,356,493,...,...,...,88.13
106,私立,技專校院,1051,台南家專學校財團法人台南應用科技大學,臺南市,2331,1282,234,1048,287,108,179,...,...,...,67.31
106,私立,技專校院,1052,遠東科技大學,臺南市,1515,1515,933,582,0,0,0,...,...,...,100
106,私立,技專校院,1053,光宇學校財團法人元培醫事科技大學,新竹市,1284,516,0,516,624,414,210,...,...,...,88.79
106,私立,技專校院,1054,景文科技大學,新北市,1231,1040,357,683,0,0,0,...,...,...,84.48
106,私立,技專校院,1055,中華醫事科技大學,臺南市,2115,2115,546,1569,0,0,0,...,...,...,100
106,私立,技專校院,1056,東南科技大學,新北市,660,660,372,288,0,0,0,...,...,...,100
106,私立,技專校院,1057,德明財經科技大學,臺北市,703,574,110,464,129,77,52,...,...,...,100
106,私立,一般大學,1058,明道學校財團法人明道大學,彰化縣,1316,718,440,278,604,277,327,...,...,...,100
106,私立,技專校院,1060,南開科技大學,南投縣,820,764,517,247,0,0,0,...,...,...,93.17
106,私立,技專校院,1061,中華學校財團法人中華科技大學,臺北市,405,405,265,140,0,0,0,...,...,...,100
106,私立,技專校院,1061,中華學校財團法人中華科技大學,新竹縣,282,282,161,121,0,0,0,...,...,...,100
106,私立,技專校院,1062,僑光科技大學,臺中市,1115,809,216,593,0,0,0,...,...,...,72.56
106,私立,技專校院,1063,廣亞學校財團法人育達科技大學,苗栗縣,729,729,292,437,0,0,0,...,...,...,100
106,私立,技專校院,1064,美和學校財團法人美和科技大學,屏東縣,827,827,227,600,0,0,0,...,...,...,100
106,私立,技專校院,1065,吳鳳科技大學,嘉義縣,633,587,439,148,0,0,0,...,...,...,92.73
106,私立,技專校院,1066,環球學校財團法人環球科技大學,雲林縣,1003,957,438,519,0,0,0,...,...,...,95.41
106,私立,一般大學,1067,台灣首府學校財團法人台灣首府大學,臺南市,665,665,296,369,0,0,0,...,...,...,100
106,私立,技專校院,1068,中州學校財團法人中州科技大學,彰化縣,733,610,356,254,0,0,0,...,...,...,83.22
106,私立,技專校院,1069,修平學校財團法人修平科技大學,臺中市,775,721,462,259,0,0,0,...,...,...,93.03
106,私立,技專校院,1070,長庚學校財團法人長庚科技大學,桃園市,4259,4259,387,3872,0,0,0,...,...,...,100
106,私立,技專校院,1070,長庚學校財團法人長庚科技大學,嘉義縣,1266,1266,113,1153,0,0,0,...,...,...,100
106,私立,技專校院,1071,城市學校財團法人臺北城市科技大學,臺北市,1198,1198,751,447,0,0,0,...,...,...,100
106,私立,技專校院,1072,大華學校財團法人敏實科技大學,新竹縣,363,363,254,109,0,0,0,...,...,...,100
106,私立,技專校院,1073,醒吾學校財團法人醒吾科技大學,新北市,888,800,264,536,0,0,0,...,...,...,90.09
106,私立,技專校院,1074,南榮學校財團法人南榮科技大學,臺南市,205,205,133,72,0,0,0,...,...,...,100
106,私立,技專校院,1075,文藻學校財團法人文藻外語大學,高雄市,1248,710,123,587,0,0,0,...,...,...,56.89
106,私立,技專校院,1076,華夏學校財團法人華夏科技大學,新北市,47,15,15,0,24,0,24,...,...,...,82.98
106,私立,技專校院,1077,慈濟學校財團法人慈濟科技大學,花蓮縣,2036,2016,444,1572,0,0,0,...,...,...,99.02
106,私立,技專校院,1078,致理學校財團法人致理科技大學,新北市,800,594,120,474,0,0,0,...,...,...,74.25
106,私立,一般大學,1079,康寧學校財團法人康寧大學,臺北市,894,894,69,825,0,0,0,...,...,...,100
106,私立,一般大學,1079,康寧學校財團法人康寧大學,臺南市,336,336,188,148,0,0,0,...,...,...,100
106,私立,技專校院,1080,宏國學校財團法人宏國德霖科技大學,新北市,273,273,161,112,0,0,0,...,...,...,100
106,私立,技專校院,1081,東方學校財團法人東方設計大學,高雄市,595,595,288,307,0,0,0,...,...,...,100
106,私立,技專校院,1082,崇右學校財團法人崇右影藝科技大學,基隆市,257,257,83,174,0,0,0,...,...,...,100
106,私立,技專校院,1083,台北海洋學校財團法人台北海洋科技大學,臺北市,678,261,181,80,0,0,0,...,...,...,38.50
106,私立,技專校院,1083,台北海洋學校財團法人台北海洋科技大學,新北市,323,449,237,212,0,0,0,...,...,...,100
106,私立,一般大學,1125,中信學校財團法人中信金融管理學院,臺南市,421,421,200,221,0,0,0,...,...,...,100
106,私立,技專校院,1148,大漢技術學院,花蓮縣,68,68,50,18,0,0,0,...,...,...,100
106,私立,技專校院,1159,和春技術學院,高雄市,191,191,103,88,0,0,0,...,...,...,100
106,私立,技專校院,1166,亞東技術學院,新北市,128,82,47,35,0,0,0,...,...,...,64.06
106,私立,技專校院,1168,南亞科技學校財團法人南亞技術學院,桃園市,326,326,174,152,0,0,0,...,...,...,100
106,私立,一般大學,1176,稻江科技暨管理學院,嘉義縣,118,118,72,46,0,0,0,...,...,...,100
106,私立,技專校院,1182,蘭陽技術學院,宜蘭縣,155,155,77,78,0,0,0,...,...,...,100
106,私立,技專校院,1183,黎明技術學院,新北市,369,340,146,194,0,0,0,...,...,...,92.14
106,私立,技專校院,1185,經國管理暨健康學院,基隆市,511,511,96,415,0,0,0,...,...,...,100
106,私立,技專校院,1188,大同技術學院,嘉義縣,86,86,86,0,0,0,0,...,...,...,100
106,私立,技專校院,1188,大同技術學院,嘉義市,219,219,73,146,0,0,0,...,...,...,100
106,私立,技專校院,1189,亞太學校財團法人亞太創意技術學院,苗栗縣,120,120,82,38,0,0,0,...,...,...,100
106,私立,技專校院,1192,臺灣觀光學院,花蓮縣,169,169,72,97,0,0,0,...,...,...,100
106,私立,一般大學,1195,馬偕學校財團法人馬偕醫學院,新北市,566,566,195,371,0,0,0,...,...,...,100
106,私立,一般大學,1196,法鼓學校財團法人法鼓文理學院,新北市,181,181,45,136,0,0,0,...,...,...,100
106,私立,技專校院,1282,馬偕學校財團法人馬偕醫護管理專科學校,臺北市,696,696,56,640,0,0,0,...,...,...,100
106,私立,技專校院,1282,馬偕學校財團法人馬偕醫護管理專科學校,新北市,1086,1086,87,999,0,0,0,...,...,...,100
106,私立,技專校院,1283,仁德醫護管理專科學校,苗栗縣,2202,2179,410,1769,0,0,0,...,...,...,98.96
106,私立,技專校院,1284,樹人醫護管理專科學校,高雄市,1396,1339,322,1017,0,0,0,...,...,...,95.92
106,私立,技專校院,1285,慈惠醫護管理專科學校,屏東縣,832,551,0,551,281,133,148,...,...,...,100
106,私立,技專校院,1286,耕莘健康管理專科學校,宜蘭縣,1461,1461,207,1254,0,0,0,...,...,...,100
106,私立,技專校院,1286,耕莘健康管理專科學校,新北市,896,896,17,879,0,0,0,...,...,...,100
106,私立,技專校院,1287,敏惠醫護管理專科學校,臺南市,1173,1084,104,980,0,0,0,...,...,...,92.41
106,私立,技專校院,1288,高美醫護管理專科學校,高雄市,106,104,15,89,0,0,0,...,...,...,98.11
106,私立,技專校院,1289,育英醫護管理專科學校,高雄市,156,156,16,140,0,0,0,...,...,...,100
106,私立,技專校院,1290,崇仁醫護管理專科學校,嘉義縣,709,709,58,651,0,0,0,...,...,...,100
106,私立,技專校院,1290,崇仁醫護管理專科學校,嘉義市,270,270,46,224,0,0,0,...,...,...,100
106,私立,技專校院,1291,聖母醫護管理專科學校,宜蘭縣,899,899,107,792,0,0,0,...,...,...,100
106,私立,技專校院,1292,新生醫護管理專科學校,桃園市,1165,1158,117,1041,0,0,0,...,...,...,99.40
106,私立,宗教研修學院,1R02,學校財團法人中華浸信會基督教台灣浸會神學院,臺北市,23,23,12,11,0,0,0,...,...,...,100
106,私立,宗教研修學院,1R03,臺北基督學院,新北市,238,238,105,133,0,0,0,...,...,...,100
106,私立,宗教研修學院,1R05,台神學校財團法人台灣神學研究學院,臺北市,42,42,20,22,0,0,0,...,...,...,100
106,公立,一般大學,3002,臺北市立大學,臺北市,2645,1595,645,950,0,0,0,...,...,...,60.30
107,公立,一般大學,0001,國立政治大學,臺北市,7949,6545,2384,4161,0,0,0,"1,632",794,838,80.04
107,公立,一般大學,0002,國立清華大學,新竹市,8732,8363,4449,3914,0,0,0,"8,405","5,117","3,288",49.87
107,公立,一般大學,0003,國立臺灣大學,臺北市,14607,11914,6592,5322,0,0,0,"1,807","1,165",642,86.83
107,公立,一般大學,0004,國立臺灣師範大學,臺北市,5974,4145,1571,2574,0,0,0,712,330,382,85.34
107,公立,一般大學,0005,國立成功大學,臺南市,10176,6698,4038,2660,0,0,0,"14,957","9,457","5,500",30.93
107,公立,一般大學,0006,國立中興大學,臺中市,4775,3146,1968,1178,0,0,0,"5,497","3,154","2,343",36.40
107,公立,一般大學,0007,國立陽明交通大學,新竹市,7489,7489,5034,2455,0,0,0,"5,185","3,790","1,395",59.09
107,公立,一般大學,0007,國立陽明交通大學,臺南市,92,92,81,11,0,0,0,236,217,19,28.05
107,公立,一般大學,0008,國立中央大學,桃園市,6650,5841,3519,2322,0,0,0,0,0,0,100
107,公立,一般大學,0009,國立中山大學,高雄市,3774,3774,2196,1578,0,0,0,"1,726","1,173",553,68.62
107,公立,一般大學,0012,國立臺灣海洋大學,基隆市,4442,2801,1821,980,0,0,0,"2,022","1,235",787,58.08
107,公立,一般大學,0013,國立中正大學,嘉義縣,4635,3453,1800,1653,0,0,0,"6,944","4,166","2,778",33.21
107,公立,一般大學,0014,國立高雄師範大學,高雄市,3015,3015,1471,1544,0,0,0,402,164,238,88.24
107,公立,一般大學,0015,國立彰化師範大學,彰化縣,3276,2573,1182,1391,0,0,0,"2,480","1,401","1,079",50.92
107,公立,一般大學,0016,國立陽明大學,臺北市,2289,2289,1179,1110,0,0,0,133,70,63,94.51
107,公立,一般大學,0017,國立臺北大學,臺北市,366,366,115,251,0,0,0,0,0,0,100
107,公立,一般大學,0017,國立臺北大學,新北市,1389,1053,426,627,0,0,0,"2,953","1,339","1,614",26.29
107,公立,一般大學,0018,國立嘉義大學,嘉義縣,1299,1196,382,814,0,0,0,783,405,378,60.43
107,公立,一般大學,0018,國立嘉義大學,嘉義市,2529,2352,1302,1050,0,0,0,"2,103","1,083","1,020",52.79
107,公立,一般大學,0019,國立高雄大學,高雄市,1714,1613,842,771,0,0,0,"1,266",655,611,56.03
107,公立,一般大學,0020,國立東華大學,花蓮縣,6928,5798,2668,3130,0,0,0,"2,340","1,216","1,124",71.25
107,公立,一般大學,0021,國立暨南國際大學,南投縣,3883,2782,1329,1453,0,0,0,"1,527",712,815,64.56
107,公立,技專校院,0022,國立臺灣科技大學,臺北市,3270,2043,1375,668,0,0,0,"3,459","2,491",968,37.13
107,公立,技專校院,0023,國立雲林科技大學,雲林縣,2711,2498,1273,1225,0,0,0,"4,791","3,041","1,750",34.27
107,公立,技專校院,0024,國立屏東科技大學,屏東縣,3091,2912,1473,1439,0,0,0,"4,588","2,480","2,108",38.83
107,公立,技專校院,0025,國立臺北科技大學,臺北市,2671,1581,915,666,200,200,0,"1,107",723,384,61.67
107,公立,一般大學,0028,國立臺北藝術大學,臺北市,1772,1417,475,942,0,0,0,186,76,110,88.40
107,公立,一般大學,0029,國立臺灣藝術大學,新北市,1245,836,205,631,0,0,0,265,82,183,75.93
107,公立,一般大學,0030,國立臺東大學,臺東縣,2415,2075,936,1139,0,0,0,"1,787",922,865,53.73
107,公立,一般大學,0031,國立宜蘭大學,宜蘭縣,1439,1439,762,677,0,0,0,"3,062","2,187",875,31.97
107,公立,一般大學,0032,國立聯合大學,苗栗縣,2744,2744,1175,1569,0,0,0,"3,070","2,809",261,47.20
107,公立,技專校院,0033,國立虎尾科技大學,雲林縣,2007,1806,1268,538,0,0,0,"6,592","5,196","1,396",21.51
107,公立,一般大學,0035,國立臺南藝術大學,臺南市,1211,1062,301,761,0,0,0,335,144,191,76.02
107,公立,一般大學,0036,國立臺南大學,臺南市,1996,1483,533,950,0,0,0,916,391,525,61.82
107,公立,一般大學,0037,國立臺北教育大學,臺北市,1430,1364,431,933,0,0,0,174,39,135,88.69
107,公立,一般大學,0039,國立臺中教育大學,臺中市,1907,1823,562,1261,0,0,0,861,349,512,67.92
107,公立,技專校院,0042,國立澎湖科技大學,澎湖縣,685,594,310,284,0,0,0,"2,431","1,439",992,19.64
107,公立,技專校院,0043,國立勤益科技大學,臺中市,1220,866,449,417,59,41,18,"4,735","3,397","1,338",16.34
107,公立,一般大學,0044,國立體育大學,桃園市,1404,1183,721,462,0,0,0,104,53,51,91.92
107,公立,技專校院,0046,國立臺北護理健康大學,臺北市,1647,1338,173,1165,0,0,0,661,71,590,66.93
107,公立,技專校院,0047,國立高雄餐旅大學,高雄市,1307,1307,405,902,0,0,0,"2,200",691,"1,509",37.27
107,公立,一般大學,0048,國立金門大學,金門縣,1172,1031,500,531,80,37,43,"2,086","1,080","1,006",34.75
107,公立,一般大學,0049,國立臺灣體育運動大學,臺中市,673,673,403,270,0,0,0,"1,528",923,605,30.58
107,公立,技專校院,0050,國立臺中科技大學,臺中市,1574,1378,212,1166,0,0,0,"3,281","1,027","2,254",29.58
107,公立,技專校院,0051,國立臺北商業大學,桃園市,663,582,120,462,0,0,0,86,29,57,87.13
107,公立,一般大學,0052,國立屏東大學,屏東縣,4377,3662,1184,2478,0,0,0,"2,173","1,020","1,153",62.76
107,公立,技專校院,0053,國立高雄科技大學,高雄市,6411,4593,2288,2305,0,0,0,"8,885","5,418","3,467",34.08
107,公立,技專校院,0144,國立臺灣戲曲學院,臺北市,346,303,104,199,0,0,0,85,22,63,78.09
107,公立,技專校院,0221,國立臺南護理專科學校,臺南市,968,504,24,480,0,0,0,464,28,436,52.07
107,公立,技專校院,0222,國立臺東專科學校,臺東縣,450,421,270,151,0,0,0,142,92,50,74.78
107,私立,一般大學,1001,東海大學,臺中市,6721,5162,2041,3121,0,0,0,"8,555","4,185","4,370",37.63
107,私立,一般大學,1002,輔仁大學,新北市,4141,3546,1280,2266,595,205,390,"6,256","2,494","3,762",39.83
107,私立,一般大學,1003,東吳大學,臺北市,1502,839,335,504,639,224,415,"4,420","1,720","2,700",25.06
107,私立,一般大學,1003,東吳大學,新北市,78,0,0,0,78,27,51,0,0,0,100
107,私立,一般大學,1004,中原大學,桃園市,5693,4840,2438,2402,0,0,0,"6,973","3,960","3,013",40.97
107,私立,一般大學,1005,淡江大學學校財團法人淡江大學,宜蘭縣,765,765,313,452,0,0,0,41,19,22,94.91
107,私立,一般大學,1005,淡江大學學校財團法人淡江大學,新北市,3985,1903,19,1884,948,647,301,"10,400","6,200","4,200",21.52
107,私立,一般大學,1006,中國文化大學,臺北市,6379,4242,1662,2580,0,0,0,"7,540","3,952","3,588",36
107,私立,一般大學,1007,逢甲大學,臺中市,4941,2510,784,1726,2204,1911,293,"7,879","5,040","2,839",37.43
107,私立,一般大學,1008,靜宜大學,臺中市,3992,3005,976,2029,390,158,232,"7,027","2,342","4,685",32.58
107,私立,一般大學,1009,長庚大學,桃園市,5011,5011,2540,2471,0,0,0,30,16,14,99.40
107,私立,一般大學,1010,元智大學,桃園市,4881,2818,1410,1408,64,64,0,"2,880","1,480","1,400",50.02
107,私立,一般大學,1011,中華大學學校財團法人中華大學,新竹市,2799,2650,1611,1039,0,0,0,"1,675","1,214",461,61.27
107,私立,一般大學,1012,大葉大學,彰化縣,2329,2329,816,1513,0,0,0,"4,005","2,520","1,485",36.77
107,私立,一般大學,1013,華梵大學,新北市,609,888,490,398,0,0,0,25,17,8,97.26
107,私立,一般大學,1014,義守大學,高雄市,8707,3733,1562,2171,2761,1292,1469,"1,002",389,613,86.63
107,私立,一般大學,1015,世新大學,臺北市,767,468,123,345,90,47,43,"1,962",576,"1,386",22.14
107,私立,一般大學,1015,世新大學,新北市,192,487,138,349,30,0,30,524,146,378,49.66
107,私立,一般大學,1016,銘傳大學,臺北市,1398,828,298,530,221,124,97,419,141,278,71.46
107,私立,一般大學,1016,銘傳大學,新北市,342,0,0,0,342,94,248,0,0,0,100
107,私立,一般大學,1016,銘傳大學,桃園市,3839,1440,414,1026,920,433,487,"2,645","1,587","1,058",47.15
107,私立,一般大學,1016,銘傳大學,金門縣,160,160,76,84,0,0,0,0,0,0,100
107,私立,一般大學,1017,實踐大學,臺北市,1387,954,9,945,244,98,146,400,172,228,74.97
107,私立,一般大學,1017,實踐大學,高雄市,2073,1373,4,1369,628,520,108,"2,023",806,"1,217",49.73
107,私立,技專校院,1018,朝陽科技大學,臺中市,3451,915,383,532,1961,694,1267,"7,029","3,103","3,926",29.04
107,私立,一般大學,1019,高雄醫學大學,高雄市,1997,1509,605,904,0,0,0,"2,588","1,224","1,364",36.83
107,私立,一般大學,1020,南華大學,嘉義縣,2920,2607,868,1739,300,252,48,"1,299",642,657,69.12
107,私立,一般大學,1021,真理大學,新北市,1503,1078,354,724,0,0,0,435,241,194,71.25
107,私立,一般大學,1022,大同大學,臺北市,1073,1073,659,414,0,0,0,81,59,22,92.98
107,私立,技專校院,1023,南臺學校財團法人南臺科技大學,臺南市,4407,3602,1686,1916,0,0,0,"4,940","3,027","1,913",42.17
107,私立,技專校院,1024,崑山科技大學,臺南市,1708,1608,887,721,0,0,0,"4,535","2,563","1,972",26.18
107,私立,技專校院,1025,嘉藥學校財團法人嘉南藥理大學,臺南市,5443,4906,1627,3279,103,55,48,"3,050","1,379","1,671",62.15
107,私立,技專校院,1026,樹德科技大學,高雄市,2872,2872,1098,1774,0,0,0,"1,242",582,660,69.81
107,私立,一般大學,1027,慈濟學校財團法人慈濟大學,花蓮縣,2908,2908,999,1909,0,0,0,348,215,133,89.31
107,私立,一般大學,1028,臺北醫學大學,臺北市,1184,802,354,448,55,23,32,"1,005",393,612,46.03
107,私立,一般大學,1029,中山醫學大學,臺中市,1704,1471,586,885,0,0,0,"1,790",582,"1,208",45.11
107,私立,技專校院,1030,龍華科技大學,桃園市,1176,1176,768,408,0,0,0,872,635,237,57.42
107,私立,技專校院,1031,輔英科技大學,高雄市,2211,2211,339,1872,0,0,0,605,96,509,78.52
107,私立,技專校院,1032,明新學校財團法人明新科技大學,新竹縣,2217,1870,1088,782,0,0,0,893,532,361,67.68
107,私立,一般大學,1033,長榮大學,臺南市,3319,2889,1143,1746,0,0,0,"2,766","1,308","1,458",51.09
107,私立,技專校院,1034,弘光科技大學,臺中市,1864,291,0,291,1573,553,1020,"3,201",881,"2,320",36.80
107,私立,一般大學,1035,中國醫藥大學,臺中市,511,408,203,205,0,0,0,"3,230","1,632","1,598",11.22
107,私立,一般大學,1035,中國醫藥大學,雲林縣,689,635,189,446,0,0,0,0,0,0,100
107,私立,技專校院,1036,健行學校財團法人健行科技大學,桃園市,1509,1432,916,516,278,203,75,249,170,79,87.29
107,私立,技專校院,1037,正修學校財團法人正修科技大學,高雄市,1857,913,445,468,624,329,295,"1,195",668,527,56.26
107,私立,技專校院,1038,萬能學校財團法人萬能科技大學,桃園市,1555,1244,662,582,308,167,141,108,71,37,93.49
107,私立,一般大學,1039,玄奘大學,新竹市,956,956,316,640,0,0,0,684,282,402,58.29
107,私立,技專校院,1040,建國科技大學,彰化縣,1726,526,337,189,407,300,107,640,401,239,59.31
107,私立,技專校院,1041,明志科技大學,新北市,2714,2640,1843,797,0,0,0,43,36,7,98.40
107,私立,技專校院,1042,高苑科技大學,高雄市,1182,1182,894,288,0,0,0,162,95,67,87.95
107,私立,技專校院,1043,大仁科技大學,屏東縣,921,921,303,618,0,0,0,845,455,390,52.15
107,私立,技專校院,1044,聖約翰科技大學,新北市,863,859,602,257,0,0,0,494,346,148,63.49
107,私立,技專校院,1045,嶺東科技大學,臺中市,1408,1271,357,914,0,0,0,"2,565","1,015","1,550",33.13
107,私立,技專校院,1046,中國科技大學,新竹縣,802,802,311,491,0,0,0,304,147,157,72.51
107,私立,技專校院,1047,中臺科技大學,臺中市,1172,1054,358,696,0,0,0,"1,080",312,768,49.39
107,私立,一般大學,1048,亞洲大學,臺中市,5237,4116,1301,2815,0,0,0,"3,460","1,808","1,652",54.33
107,私立,一般大學,1049,開南大學,桃園市,1731,1569,781,788,0,0,0,729,323,406,68.28
107,私立,一般大學,1050,佛光大學,宜蘭縣,2090,894,293,601,869,366,503,796,472,324,68.89
107,私立,技專校院,1051,台南家專學校財團法人台南應用科技大學,臺南市,3225,1271,233,1038,299,117,182,"4,639","1,132","3,507",25.29
107,私立,技專校院,1052,遠東科技大學,臺南市,1559,1559,1006,553,0,0,0,"1,029",657,372,60.24
107,私立,技專校院,1053,光宇學校財團法人元培醫事科技大學,新竹市,1366,519,0,519,575,417,158,557,316,241,66.26
107,私立,技專校院,1054,景文科技大學,新北市,1346,1154,390,764,0,0,0,132,66,66,89.74
107,私立,技專校院,1055,中華醫事科技大學,臺南市,2143,2143,663,1480,0,0,0,931,366,565,69.71
107,私立,技專校院,1056,東南科技大學,新北市,830,830,571,259,0,0,0,528,327,201,61.12
107,私立,技專校院,1057,德明財經科技大學,臺北市,697,534,111,423,139,109,30,528,261,267,56.04
107,私立,一般大學,1058,明道學校財團法人明道大學,彰化縣,1196,666,394,272,530,298,232,418,230,188,74.10
107,私立,技專校院,1060,南開科技大學,南投縣,1010,872,588,284,16,15,1,937,568,369,48.66
107,私立,技專校院,1061,中華學校財團法人中華科技大學,臺北市,324,324,228,96,0,0,0,20,12,8,94.19
107,私立,技專校院,1061,中華學校財團法人中華科技大學,新竹縣,284,284,191,93,0,0,0,515,375,140,35.54
107,私立,技專校院,1062,僑光科技大學,臺中市,1226,832,274,558,0,0,0,562,212,350,59.68
107,私立,技專校院,1063,廣亞學校財團法人育達科技大學,苗栗縣,1158,1158,484,674,0,0,0,"1,670",870,800,40.95
107,私立,技專校院,1064,美和學校財團法人美和科技大學,屏東縣,842,842,223,619,0,0,0,700,220,480,54.60
107,私立,技專校院,1065,吳鳳科技大學,嘉義縣,645,612,486,126,0,0,0,200,130,70,75.37
107,私立,技專校院,1066,環球學校財團法人環球科技大學,雲林縣,1019,1000,464,536,0,0,0,"1,001",508,493,49.98
107,私立,一般大學,1067,台灣首府學校財團法人台灣首府大學,臺南市,599,599,276,323,0,0,0,78,38,40,88.48
107,私立,技專校院,1068,中州學校財團法人中州科技大學,彰化縣,517,517,298,219,0,0,0,194,115,79,72.71
107,私立,技專校院,1069,修平學校財團法人修平科技大學,臺中市,941,839,575,264,0,0,0,828,564,264,50.33
107,私立,技專校院,1070,長庚學校財團法人長庚科技大學,桃園市,4197,4197,437,3760,0,0,0,42,11,31,99.01
107,私立,技專校院,1070,長庚學校財團法人長庚科技大學,嘉義縣,1210,1210,114,1096,0,0,0,68,4,64,94.68
107,私立,技專校院,1071,城市學校財團法人臺北城市科技大學,臺北市,1438,1298,778,520,0,0,0,374,215,159,77.63
107,私立,技專校院,1072,大華學校財團法人敏實科技大學,新竹縣,182,182,114,68,0,0,0,5,0,5,97.33
107,私立,技專校院,1073,醒吾學校財團法人醒吾科技大學,新北市,775,775,256,519,0,0,0,870,328,542,47.11
107,私立,技專校院,1074,南榮學校財團法人南榮科技大學,臺南市,123,123,82,41,0,0,0,43,27,16,74.10
107,私立,技專校院,1075,文藻學校財團法人文藻外語大學,高雄市,1172,737,137,600,0,0,0,"2,712",565,"2,147",21.37
107,私立,技專校院,1076,華夏學校財團法人華夏科技大學,新北市,373,0,0,0,373,177,196,35,19,16,91.42
107,私立,技專校院,1077,慈濟學校財團法人慈濟科技大學,花蓮縣,2058,2037,439,1598,0,0,0,170,51,119,92.30
107,私立,技專校院,1078,致理學校財團法人致理科技大學,新北市,765,594,120,474,0,0,0,156,40,116,79.20
107,私立,一般大學,1079,康寧學校財團法人康寧大學,臺北市,938,892,74,818,0,0,0,18,5,13,98.02
107,私立,一般大學,1079,康寧學校財團法人康寧大學,臺南市,257,257,173,84,0,0,0,82,57,25,75.81
107,私立,技專校院,1080,宏國學校財團法人宏國德霖科技大學,新北市,272,272,167,105,0,0,0,15,9,6,94.77
107,私立,技專校院,1081,東方學校財團法人東方設計大學,高雄市,470,470,230,240,0,0,0,86,41,45,84.53
107,私立,技專校院,1082,崇右學校財團法人崇右影藝科技大學,基隆市,406,406,134,272,0,0,0,164,68,96,71.23
107,私立,技專校院,1083,台北海洋學校財團法人台北海洋科技大學,臺北市,459,299,220,79,0,0,0,193,87,106,60.77
107,私立,技專校院,1083,台北海洋學校財團法人台北海洋科技大學,新北市,651,603,296,307,0,0,0,230,109,121,72.39
107,私立,一般大學,1125,中信學校財團法人中信金融管理學院,臺南市,536,536,242,294,0,0,0,38,32,6,93.38
107,私立,技專校院,1148,大漢技術學院,花蓮縣,51,51,28,23,0,0,0,8,3,5,86.44
107,私立,技專校院,1159,和春技術學院,高雄市,141,141,71,70,0,0,0,3,2,1,97.92
107,私立,技專校院,1166,亞東技術學院,新北市,139,94,53,41,0,0,0,280,186,94,25.13
107,私立,技專校院,1168,南亞科技學校財團法人南亞技術學院,桃園市,401,401,261,140,0,0,0,135,79,56,74.81
107,私立,一般大學,1176,稻江科技暨管理學院,嘉義縣,130,130,65,65,0,0,0,49,23,26,72.63
107,私立,技專校院,1182,蘭陽技術學院,宜蘭縣,199,107,58,49,92,56,36,101,47,54,66.33
107,私立,技專校院,1183,黎明技術學院,新北市,569,474,266,208,74,74,0,16,6,10,97.16
107,私立,技專校院,1185,經國管理暨健康學院,基隆市,610,610,143,467,0,0,0,145,41,104,80.79
107,私立,技專校院,1188,大同技術學院,嘉義縣,77,77,77,0,0,0,0,14,14,0,84.62
107,私立,技專校院,1188,大同技術學院,嘉義市,158,158,54,104,0,0,0,109,46,63,59.18
107,私立,技專校院,1192,臺灣觀光學院,花蓮縣,95,95,50,45,0,0,0,31,15,16,75.40
107,私立,一般大學,1195,馬偕學校財團法人馬偕醫學院,新北市,454,454,163,291,0,0,0,254,110,144,64.12
107,私立,一般大學,1196,法鼓學校財團法人法鼓文理學院,新北市,205,205,50,155,0,0,0,0,0,0,100
107,私立,技專校院,1282,馬偕學校財團法人馬偕醫護管理專科學校,臺北市,647,647,55,592,0,0,0,174,39,135,78.81
107,私立,技專校院,1282,馬偕學校財團法人馬偕醫護管理專科學校,新北市,1095,1095,83,1012,0,0,0,344,31,313,76.09
107,私立,技專校院,1283,仁德醫護管理專科學校,苗栗縣,2284,2257,415,1842,0,0,0,607,157,450,78.81
107,私立,技專校院,1284,樹人醫護管理專科學校,高雄市,1398,1352,325,1027,0,0,0,0,0,0,100
107,私立,技專校院,1285,慈惠醫護管理專科學校,屏東縣,707,515,0,515,192,87,105,89,18,71,88.82
107,私立,技專校院,1286,耕莘健康管理專科學校,宜蘭縣,1281,1281,162,1119,0,0,0,38,11,27,97.12
107,私立,技專校院,1286,耕莘健康管理專科學校,新北市,837,837,15,822,0,0,0,103,3,100,89.04
107,私立,技專校院,1287,敏惠醫護管理專科學校,臺南市,1107,1069,103,966,0,0,0,574,91,483,65.06
107,私立,技專校院,1289,育英醫護管理專科學校,高雄市,187,187,24,163,0,0,0,18,1,17,91.22
107,私立,技專校院,1291,聖母醫護管理專科學校,宜蘭縣,1237,970,138,832,0,0,0,208,29,179,82.34
107,私立,技專校院,1292,新生醫護管理專科學校,桃園市,1267,1245,124,1121,0,0,0,161,24,137,88.55
107,私立,技專校院,1293,崇仁醫護管理專科學校,嘉義縣,723,723,59,664,0,0,0,140,26,114,83.78
107,私立,技專校院,1293,崇仁醫護管理專科學校,嘉義市,245,245,41,204,0,0,0,308,32,276,44.30
107,私立,宗教研修學院,1R02,學校財團法人中華浸信會基督教台灣浸會神學院,臺北市,20,20,7,13,0,0,0,0,0,0,100
107,私立,宗教研修學院,1R03,臺北基督學院,新北市,89,89,37,52,0,0,0,0,0,0,100
107,私立,宗教研修學院,1R05,台神學校財團法人台灣神學研究學院,臺北市,74,74,33,41,0,0,0,5,1,4,93.67
107,私立,宗教研修學院,1R07,台灣基督長老教會南神神學院,臺南市,27,0,0,0,27,13,14,2,0,2,93.10
107,公立,一般大學,3002,臺北市立大學,臺北市,2030,1690,664,1026,0,0,0,385,196,189,81.45
108,公立,一般大學,0001,國立政治大學,臺北市,8013,6587,2401,4186,0,0,0,"1,610",873,737,80.36
108,公立,一般大學,0002,國立清華大學,新竹市,8920,8283,4402,3881,0,0,0,"8,497","5,190","3,307",49.36
108,公立,一般大學,0003,國立臺灣大學,臺北市,14005,12013,6667,5346,0,0,0,"2,070","1,316",754,85.30
108,公立,一般大學,0004,國立臺灣師範大學,臺北市,5940,4078,1521,2557,0,0,0,836,442,394,82.99
108,公立,一般大學,0005,國立成功大學,臺南市,9487,6772,4103,2669,0,0,0,"12,810","8,103","4,707",34.58
108,公立,一般大學,0006,國立中興大學,臺中市,4735,3541,1901,1640,0,0,0,"7,080","4,242","2,838",33.34
108,公立,一般大學,0007,國立陽明交通大學,新竹市,7523,7523,4975,2548,0,0,0,"5,043","3,639","1,404",59.87
108,公立,一般大學,0007,國立陽明交通大學,臺南市,153,153,129,24,0,0,0,237,217,20,39.23
108,公立,一般大學,0008,國立中央大學,桃園市,6430,5574,3359,2215,0,0,0,0,0,0,100
108,公立,一般大學,0009,國立中山大學,高雄市,3876,3876,2259,1617,0,0,0,"1,684","1,147",537,69.71
108,公立,一般大學,0012,國立臺灣海洋大學,基隆市,4702,2802,1803,999,0,0,0,"1,978","1,208",770,58.62
108,公立,一般大學,0013,國立中正大學,嘉義縣,4982,3448,1829,1619,0,0,0,"5,927","3,547","2,380",36.78
108,公立,一般大學,0014,國立高雄師範大學,高雄市,2920,2920,1442,1478,0,0,0,367,148,219,88.83
108,公立,一般大學,0015,國立彰化師範大學,彰化縣,3182,2521,1171,1350,0,0,0,"2,453","1,403","1,050",50.68
108,公立,一般大學,0016,國立陽明大學,臺北市,2349,2305,1184,1121,0,0,0,158,83,75,93.59
108,公立,一般大學,0017,國立臺北大學,臺北市,362,362,118,244,0,0,0,0,0,0,100
108,公立,一般大學,0017,國立臺北大學,新北市,1415,1055,428,627,0,0,0,"2,949","1,325","1,624",26.35
108,公立,一般大學,0018,國立嘉義大學,嘉義縣,1296,1186,362,824,0,0,0,593,289,304,66.67
108,公立,一般大學,0018,國立嘉義大學,嘉義市,2498,2273,1263,1010,0,0,0,"1,522",794,728,59.89
108,公立,一般大學,0019,國立高雄大學,高雄市,1387,1270,656,614,0,0,0,"1,144",580,564,52.61
108,公立,一般大學,0020,國立東華大學,花蓮縣,6711,5803,2742,3061,0,0,0,"2,508","1,254","1,254",69.82
108,公立,一般大學,0021,國立暨南國際大學,南投縣,4029,2728,1315,1413,0,0,0,"2,321","1,127","1,194",54.03
108,公立,技專校院,0022,國立臺灣科技大學,臺北市,3470,2043,1375,668,96,56,40,"2,880","2,037",843,42.62
108,公立,技專校院,0023,國立雲林科技大學,雲林縣,2707,2435,1274,1161,0,0,0,"5,101","3,205","1,896",32.31
108,公立,技專校院,0024,國立屏東科技大學,屏東縣,3056,2964,1409,1555,0,0,0,"4,917","2,626","2,291",37.61
108,公立,技專校院,0025,國立臺北科技大學,臺北市,1943,1581,1016,565,321,200,121,782,571,211,70.86
108,公立,一般大學,0028,國立臺北藝術大學,臺北市,1681,1455,513,942,0,0,0,158,63,95,90.20
108,公立,一般大學,0029,國立臺灣藝術大學,新北市,1227,834,207,627,0,0,0,241,90,151,77.58
108,公立,一般大學,0030,國立臺東大學,臺東縣,2419,2140,969,1171,0,0,0,"1,944","1,038",906,52.40
108,公立,一般大學,0031,國立宜蘭大學,宜蘭縣,1506,1461,787,674,0,0,0,"3,188","2,218",970,31.43
108,公立,一般大學,0032,國立聯合大學,苗栗縣,2788,2788,1285,1503,0,0,0,"3,054","2,758",296,47.72
108,公立,技專校院,0033,國立虎尾科技大學,雲林縣,1936,1527,1095,432,0,0,0,"6,477","5,130","1,347",19.08
108,公立,一般大學,0035,國立臺南藝術大學,臺南市,1222,1073,315,758,0,0,0,96,33,63,91.79
108,公立,一般大學,0036,國立臺南大學,臺南市,1974,1465,518,947,0,0,0,938,454,484,60.97
108,公立,一般大學,0037,國立臺北教育大學,臺北市,1434,1352,430,922,0,0,0,135,35,100,90.92
108,公立,一般大學,0039,國立臺中教育大學,臺中市,2032,1881,576,1305,0,0,0,736,296,440,71.88
108,公立,技專校院,0042,國立澎湖科技大學,澎湖縣,736,706,418,288,0,0,0,"2,025","1,200",825,25.85
108,公立,技專校院,0043,國立勤益科技大學,臺中市,1178,869,463,406,7,2,5,"4,765","3,462","1,303",15.53
108,公立,一般大學,0044,國立體育大學,桃園市,1402,1173,715,458,0,0,0,109,60,49,91.50
108,公立,技專校院,0046,國立臺北護理健康大學,臺北市,1728,1329,173,1156,0,0,0,640,144,496,67.50
108,公立,技專校院,0047,國立高雄餐旅大學,高雄市,1312,1312,404,908,0,0,0,"2,374",738,"1,636",35.59
108,公立,一般大學,0048,國立金門大學,金門縣,1292,1070,520,550,72,29,43,"1,770",880,890,39.22
108,公立,一般大學,0049,國立臺灣體育運動大學,臺中市,695,632,359,273,0,0,0,871,520,351,42.05
108,公立,技專校院,0050,國立臺中科技大學,臺中市,1595,1362,205,1157,0,0,0,"3,318","1,078","2,240",29.10
108,公立,技專校院,0051,國立臺北商業大學,新北市,635,0,0,0,369,92,277,151,38,113,70.96
108,公立,技專校院,0051,國立臺北商業大學,桃園市,575,575,136,439,0,0,0,551,131,420,51.07
108,公立,一般大學,0052,國立屏東大學,屏東縣,4588,4247,1473,2774,0,0,0,"1,670",806,864,71.78
108,公立,技專校院,0053,國立高雄科技大學,高雄市,5963,4643,2290,2353,0,0,0,"6,990","5,026","1,964",39.91
108,公立,技專校院,0144,國立臺灣戲曲學院,臺北市,296,296,98,198,0,0,0,109,26,83,73.09
108,公立,技專校院,0221,國立臺南護理專科學校,臺南市,952,501,24,477,0,0,0,451,26,425,52.63
108,公立,技專校院,0222,國立臺東專科學校,臺東縣,550,465,305,160,0,0,0,160,133,27,74.40
108,私立,一般大學,1001,東海大學,臺中市,6994,5147,1917,3230,0,0,0,"8,719","4,221","4,498",37.12
108,私立,一般大學,1002,輔仁大學,新北市,3553,3553,1292,2261,0,0,0,"4,722","2,135","2,587",42.94
108,私立,一般大學,1003,東吳大學,臺北市,2656,1066,396,670,1234,410,824,"4,069","1,621","2,448",36.11
108,私立,一般大學,1004,中原大學,桃園市,5597,4938,2478,2460,0,0,0,"7,002","3,962","3,040",41.36
108,私立,一般大學,1005,淡江大學學校財團法人淡江大學,宜蘭縣,726,726,296,430,0,0,0,0,0,0,100
108,私立,一般大學,1005,淡江大學學校財團法人淡江大學,新北市,4578,1979,16,1963,945,636,309,"9,115","5,022","4,093",24.29
108,私立,一般大學,1006,中國文化大學,臺北市,5940,4242,1662,2580,0,0,0,"6,128","3,319","2,809",40.91
108,私立,一般大學,1007,逢甲大學,臺中市,5269,2621,901,1720,2116,1811,305,"7,772","4,917","2,855",37.87
108,私立,一般大學,1008,靜宜大學,臺中市,3730,2948,921,2027,387,160,227,"7,095","2,927","4,168",31.98
108,私立,一般大學,1009,長庚大學,桃園市,4932,4932,2461,2471,0,0,0,51,21,30,98.98
108,私立,一般大學,1010,元智大學,桃園市,4664,2898,1428,1470,0,0,0,"2,640","1,360","1,280",52.33
108,私立,一般大學,1011,中華大學學校財團法人中華大學,新竹市,2612,2462,1514,948,0,0,0,"1,295","1,028",267,65.53
108,私立,一般大學,1012,大葉大學,彰化縣,2180,2180,978,1202,0,0,0,"4,440","2,790","1,650",32.93
108,私立,一般大學,1013,華梵大學,新北市,651,651,373,278,0,0,0,13,10,3,98.04
108,私立,一般大學,1014,義守大學,高雄市,7865,3831,1679,2152,2627,1257,1370,"1,096",459,637,85.49
108,私立,一般大學,1015,世新大學,臺北市,509,418,123,295,91,59,32,"1,832",538,"1,294",21.74
108,私立,一般大學,1015,世新大學,新北市,653,492,103,389,162,48,114,488,136,352,57.27
108,私立,一般大學,1016,銘傳大學,臺北市,803,800,271,529,0,0,0,388,130,258,67.34
108,私立,一般大學,1016,銘傳大學,新北市,610,0,0,0,610,190,420,0,0,0,100
108,私立,一般大學,1016,銘傳大學,桃園市,2329,1418,414,1004,884,397,487,"2,200","1,189","1,011",51.13
108,私立,一般大學,1016,銘傳大學,金門縣,54,54,19,35,0,0,0,0,0,0,100
108,私立,一般大學,1017,實踐大學,臺北市,1223,963,8,955,234,123,111,400,172,228,74.95
108,私立,一般大學,1017,實踐大學,高雄市,2646,1319,7,1312,719,606,113,"1,936",752,"1,184",51.28
108,私立,技專校院,1018,朝陽科技大學,臺中市,3137,769,316,453,1748,579,1169,"7,887","3,480","4,407",24.19
108,私立,一般大學,1019,高雄醫學大學,高雄市,1122,1096,427,669,0,0,0,"2,644","1,144","1,500",29.30
108,私立,一般大學,1020,南華大學,嘉義縣,2844,2597,860,1737,247,189,58,894,464,430,76.08
108,私立,一般大學,1021,真理大學,新北市,1411,1078,354,724,0,0,0,355,198,157,75.23
108,私立,一般大學,1022,大同大學,臺北市,1036,1036,671,365,0,0,0,46,24,22,95.75
108,私立,技專校院,1023,南臺學校財團法人南臺科技大學,臺南市,4210,3631,1683,1948,0,0,0,"4,157","1,855","2,302",46.62
108,私立,技專校院,1024,崑山科技大學,臺南市,1765,1765,984,781,0,0,0,"2,982","1,615","1,367",37.18
108,私立,技專校院,1025,嘉藥學校財團法人嘉南藥理大學,臺南市,5769,4911,1686,3225,122,81,41,"3,128","1,498","1,630",61.67
108,私立,技專校院,1026,樹德科技大學,高雄市,2877,2877,1052,1825,0,0,0,"1,214",569,645,70.33
108,私立,一般大學,1027,慈濟學校財團法人慈濟大學,花蓮縣,2176,2176,758,1418,0,0,0,"1,524",662,862,58.81
108,私立,一般大學,1028,臺北醫學大學,臺北市,1341,831,357,474,44,16,28,833,318,515,51.23
108,私立,一般大學,1029,中山醫學大學,臺中市,1719,1542,601,941,0,0,0,"1,977",551,"1,426",43.82
108,私立,技專校院,1030,龍華科技大學,桃園市,1350,1249,773,476,0,0,0,912,638,274,57.80
108,私立,技專校院,1031,輔英科技大學,高雄市,2159,2159,337,1822,0,0,0,790,142,648,73.21
108,私立,技專校院,1032,明新學校財團法人明新科技大學,新竹縣,1725,1675,1020,655,0,0,0,919,562,357,64.57
108,私立,一般大學,1033,長榮大學,臺南市,3316,2737,1068,1669,0,0,0,"2,789","1,183","1,606",49.53
108,私立,技專校院,1034,弘光科技大學,臺中市,2167,291,2,289,1876,742,1134,"4,179","1,073","3,106",34.15
108,私立,一般大學,1035,中國醫藥大學,臺中市,412,394,190,204,0,0,0,"3,113","1,589","1,524",11.23
108,私立,一般大學,1035,中國醫藥大學,雲林縣,613,607,173,434,0,0,0,4,1,3,99.35
108,私立,技專校院,1036,健行學校財團法人健行科技大學,桃園市,1544,1386,873,513,86,65,21,625,413,212,70.20
108,私立,技專校院,1037,正修學校財團法人正修科技大學,高雄市,1784,885,450,435,586,317,269,"1,661",890,771,46.97
108,私立,技專校院,1038,萬能學校財團法人萬能科技大學,桃園市,1767,1463,757,706,304,169,135,117,80,37,93.79
108,私立,一般大學,1039,玄奘大學,新竹市,996,996,338,658,0,0,0,868,399,469,53.43
108,私立,技專校院,1040,建國科技大學,彰化縣,640,509,360,149,0,0,0,632,365,267,44.61
108,私立,技專校院,1041,明志科技大學,新北市,2756,2659,1851,808,0,0,0,45,39,6,98.34
108,私立,技專校院,1042,高苑科技大學,高雄市,1109,1109,777,332,0,0,0,90,65,25,92.49
108,私立,技專校院,1043,大仁科技大學,屏東縣,1223,1223,457,766,0,0,0,895,470,425,57.74
108,私立,技專校院,1044,聖約翰科技大學,新北市,690,690,488,202,0,0,0,464,314,150,59.79
108,私立,技專校院,1045,嶺東科技大學,臺中市,1299,1200,371,829,0,0,0,"2,524",938,"1,586",32.22
108,私立,技專校院,1046,中國科技大學,臺北市,0,0,0,0,0,0,0,582,267,315,0
108,私立,技專校院,1046,中國科技大學,新竹縣,752,752,279,473,0,0,0,237,108,129,76.04
108,私立,技專校院,1047,中臺科技大學,臺中市,1207,903,315,588,0,0,0,"1,152",325,827,43.94
108,私立,一般大學,1048,亞洲大學,臺中市,5221,4112,1310,2802,0,0,0,"3,545","2,079","1,466",53.70
108,私立,一般大學,1049,開南大學,桃園市,1849,1125,498,627,0,0,0,706,322,384,61.44
108,私立,一般大學,1050,佛光大學,宜蘭縣,1953,902,315,587,773,313,460,746,436,310,69.19
108,私立,技專校院,1051,台南家專學校財團法人台南應用科技大學,臺南市,2273,1270,233,1037,299,129,170,"4,497","1,289","3,208",25.87
108,私立,技專校院,1052,遠東科技大學,臺南市,1411,1411,968,443,0,0,0,645,434,211,68.63
108,私立,技專校院,1053,光宇學校財團法人元培醫事科技大學,新竹市,1364,529,0,529,683,459,224,697,385,312,63.49
108,私立,技專校院,1054,景文科技大學,新北市,1638,1113,347,766,0,0,0,100,57,43,91.76
108,私立,技專校院,1055,中華醫事科技大學,臺南市,2161,2161,624,1537,0,0,0,828,279,549,72.30
108,私立,技專校院,1056,東南科技大學,新北市,870,870,578,292,0,0,0,219,116,103,79.89
108,私立,技專校院,1057,德明財經科技大學,臺北市,641,504,111,393,137,110,27,506,240,266,55.88
108,私立,一般大學,1058,明道學校財團法人明道大學,彰化縣,1011,623,326,297,388,238,150,386,229,157,72.37
108,私立,技專校院,1060,南開科技大學,南投縣,796,778,511,267,0,0,0,823,512,311,48.59
108,私立,技專校院,1061,中華學校財團法人中華科技大學,臺北市,313,313,207,106,0,0,0,9,6,3,97.21
108,私立,技專校院,1061,中華學校財團法人中華科技大學,新竹縣,246,246,170,76,0,0,0,545,415,130,31.10
108,私立,技專校院,1062,僑光科技大學,臺中市,1143,774,277,497,0,0,0,675,244,431,53.42
108,私立,技專校院,1063,廣亞學校財團法人育達科技大學,苗栗縣,637,637,290,347,0,0,0,750,340,410,45.93
108,私立,技專校院,1064,美和學校財團法人美和科技大學,屏東縣,808,808,241,567,0,0,0,424,107,317,65.58
108,私立,技專校院,1065,吳鳳科技大學,嘉義縣,835,835,601,234,0,0,0,184,115,69,81.94
108,私立,技專校院,1066,環球學校財團法人環球科技大學,雲林縣,1028,979,459,520,0,0,0,792,395,397,55.28
108,私立,一般大學,1067,台灣首府學校財團法人台灣首府大學,臺南市,464,464,213,251,0,0,0,95,45,50,83.01
108,私立,技專校院,1068,中州學校財團法人中州科技大學,彰化縣,435,435,276,159,0,0,0,186,118,68,70.05
108,私立,技專校院,1069,修平學校財團法人修平科技大學,臺中市,998,840,576,264,0,0,0,738,496,242,53.23
108,私立,技專校院,1070,長庚學校財團法人長庚科技大學,桃園市,4021,4021,431,3590,0,0,0,51,12,39,98.75
108,私立,技專校院,1070,長庚學校財團法人長庚科技大學,嘉義縣,1208,1208,131,1077,0,0,0,77,8,69,94.01
108,私立,技專校院,1071,城市學校財團法人臺北城市科技大學,臺北市,1338,1338,766,572,0,0,0,400,166,234,76.99
108,私立,技專校院,1072,大華學校財團法人敏實科技大學,新竹縣,92,92,58,34,0,0,0,5,3,2,94.85
108,私立,技專校院,1073,醒吾學校財團法人醒吾科技大學,新北市,896,852,301,551,0,0,0,459,187,272,64.99
108,私立,技專校院,1075,文藻學校財團法人文藻外語大學,高雄市,1138,849,137,712,0,0,0,"2,619",560,"2,059",24.48
108,私立,技專校院,1076,華夏學校財團法人華夏科技大學,新北市,445,0,0,0,445,234,211,32,14,18,93.29
108,私立,技專校院,1077,慈濟學校財團法人慈濟科技大學,花蓮縣,2178,2157,466,1691,0,0,0,182,51,131,92.22
108,私立,技專校院,1078,致理學校財團法人致理科技大學,新北市,891,594,168,426,108,0,108,265,66,199,72.60
108,私立,一般大學,1079,康寧學校財團法人康寧大學,臺北市,884,884,92,792,0,0,0,17,3,14,98.11
108,私立,一般大學,1079,康寧學校財團法人康寧大學,臺南市,77,77,45,32,0,0,0,36,13,23,68.14
108,私立,技專校院,1080,宏國學校財團法人宏國德霖科技大學,新北市,380,380,206,174,0,0,0,7,1,6,98.19
108,私立,技專校院,1081,東方學校財團法人東方設計大學,高雄市,354,354,174,180,0,0,0,24,11,13,93.65
108,私立,技專校院,1082,崇右學校財團法人崇右影藝科技大學,基隆市,354,354,113,241,0,0,0,305,124,181,53.72
108,私立,技專校院,1083,台北海洋學校財團法人台北海洋科技大學,臺北市,250,237,152,85,0,0,0,98,45,53,70.75
108,私立,技專校院,1083,台北海洋學校財團法人台北海洋科技大學,新北市,579,577,254,323,0,0,0,122,63,59,82.55
108,私立,一般大學,1125,中信學校財團法人中信金融管理學院,臺南市,574,574,313,261,0,0,0,50,34,16,91.99
108,私立,技專校院,1148,大漢技術學院,花蓮縣,52,52,28,24,0,0,0,12,8,4,81.25
108,私立,技專校院,1159,和春技術學院,高雄市,83,83,45,38,0,0,0,1,0,1,98.81
108,私立,技專校院,1166,亞東技術學院,新北市,126,94,53,41,0,0,0,288,184,104,24.61
108,私立,技專校院,1168,南亞科技學校財團法人南亞技術學院,桃園市,504,504,353,151,0,0,0,148,67,81,77.30
108,私立,一般大學,1176,稻江科技暨管理學院,嘉義縣,178,178,101,77,0,0,0,31,15,16,85.17
108,私立,技專校院,1182,蘭陽技術學院,宜蘭縣,141,141,73,68,0,0,0,69,28,41,67.14
108,私立,技專校院,1183,黎明技術學院,新北市,737,638,403,235,0,0,0,10,1,9,98.46
108,私立,技專校院,1185,經國管理暨健康學院,基隆市,1462,731,183,548,0,0,0,135,50,85,84.41
108,私立,技專校院,1188,大同技術學院,嘉義市,163,163,78,85,0,0,0,152,78,74,51.75
108,私立,技專校院,1192,臺灣觀光學院,花蓮縣,42,42,15,27,0,0,0,28,13,15,60
108,私立,一般大學,1195,馬偕學校財團法人馬偕醫學院,新北市,509,509,155,354,0,0,0,175,82,93,74.42
108,私立,一般大學,1196,法鼓學校財團法人法鼓文理學院,新北市,224,224,74,150,0,0,0,0,0,0,100
108,私立,技專校院,1282,馬偕學校財團法人馬偕醫護管理專科學校,臺北市,643,643,42,601,0,0,0,191,44,147,77.10
108,私立,技專校院,1282,馬偕學校財團法人馬偕醫護管理專科學校,新北市,1361,1361,101,1260,0,0,0,283,14,269,82.79
108,私立,技專校院,1283,仁德醫護管理專科學校,苗栗縣,2276,2257,379,1878,0,0,0,613,157,456,78.64
108,私立,技專校院,1284,樹人醫護管理專科學校,高雄市,1424,1342,310,1032,0,0,0,0,0,0,100
108,私立,技專校院,1285,慈惠醫護管理專科學校,屏東縣,792,792,111,681,0,0,0,140,17,123,84.98
108,私立,技專校院,1286,耕莘健康管理專科學校,宜蘭縣,1173,1173,136,1037,0,0,0,34,3,31,97.18
108,私立,技專校院,1286,耕莘健康管理專科學校,新北市,927,927,16,911,0,0,0,76,5,71,92.42
108,私立,技專校院,1287,敏惠醫護管理專科學校,臺南市,1092,1029,100,929,0,0,0,559,85,474,64.80
108,私立,技專校院,1289,育英醫護管理專科學校,高雄市,205,205,24,181,0,0,0,32,8,24,86.50
108,私立,技專校院,1291,聖母醫護管理專科學校,宜蘭縣,885,885,120,765,0,0,0,123,18,105,87.80
108,私立,技專校院,1292,新生醫護管理專科學校,桃園市,1257,1243,126,1117,0,0,0,141,21,120,89.81
108,私立,技專校院,1293,崇仁醫護管理專科學校,嘉義縣,709,709,59,650,0,0,0,283,29,254,71.47
108,私立,技專校院,1293,崇仁醫護管理專科學校,嘉義市,278,278,45,233,0,0,0,137,19,118,66.99
108,私立,宗教研修學院,1R02,學校財團法人中華浸信會基督教台灣浸會神學院,臺北市,33,33,15,18,0,0,0,0,0,0,100
108,私立,宗教研修學院,1R03,臺北基督學院,新北市,76,76,35,41,0,0,0,0,0,0,100
108,私立,宗教研修學院,1R05,台神學校財團法人台灣神學研究學院,臺北市,70,70,28,42,0,0,0,4,1,3,94.59
108,私立,宗教研修學院,1R07,台灣基督長老教會南神神學院,臺南市,34,0,0,0,34,18,16,3,1,2,91.89
108,公立,一般大學,3002,臺北市立大學,臺北市,2045,1690,664,1026,60,13,47,336,149,187,83.89
109,公立,一般大學,0001,國立政治大學,臺北市,7711,6553,2600,3953,0,0,0,"1,681",818,863,79.58
109,公立,一般大學,0002,國立清華大學,新竹市,8756,8127,4293,3834,0,0,0,"8,383","5,191","3,192",49.22
109,公立,一般大學,0003,國立臺灣大學,臺北市,13688,11847,6642,5205,0,0,0,"2,352","1,481",871,83.44
109,公立,一般大學,0004,國立臺灣師範大學,臺北市,5950,4057,1593,2464,0,0,0,927,489,438,81.40
109,公立,一般大學,0005,國立成功大學,臺南市,8942,6156,3837,2319,0,0,0,"10,209","6,445","3,764",37.62
109,公立,一般大學,0006,國立中興大學,臺中市,5544,3699,1850,1849,0,0,0,"7,169","4,374","2,795",34.04
109,公立,一般大學,0007,國立陽明交通大學,新竹市,7104,7104,4704,2400,0,0,0,"4,951","3,590","1,361",58.93
109,公立,一般大學,0007,國立陽明交通大學,臺南市,237,237,212,25,0,0,0,187,157,30,55.90
109,公立,一般大學,0008,國立中央大學,桃園市,5807,4943,2855,2088,0,0,0,"3,672","2,527","1,145",57.38
109,公立,一般大學,0009,國立中山大學,高雄市,3874,3874,2298,1576,0,0,0,"1,442","1,005",437,72.87
109,公立,一般大學,0012,國立臺灣海洋大學,基隆市,4499,2647,1699,948,0,0,0,"2,043","1,235",808,56.44
109,公立,一般大學,0012,國立臺灣海洋大學,連江縣,74,74,49,25,0,0,0,0,0,0,100
109,公立,一般大學,0013,國立中正大學,嘉義縣,4882,3313,1743,1570,0,0,0,"5,887","3,563","2,324",36.01
109,公立,一般大學,0014,國立高雄師範大學,高雄市,2884,2884,1378,1506,0,0,0,360,142,218,88.90
109,公立,一般大學,0015,國立彰化師範大學,彰化縣,3201,2341,1117,1224,0,0,0,"2,489","1,410","1,079",48.47
109,公立,一般大學,0016,國立陽明大學,臺北市,2590,2320,1182,1138,0,0,0,121,37,84,95.04
109,公立,一般大學,0017,國立臺北大學,臺北市,352,352,133,219,0,0,0,0,0,0,100
109,公立,一般大學,0017,國立臺北大學,新北市,1007,1007,406,601,0,0,0,"2,797","1,286","1,511",26.47
109,公立,一般大學,0018,國立嘉義大學,嘉義縣,1212,1142,382,760,0,0,0,398,191,207,74.16
109,公立,一般大學,0018,國立嘉義大學,嘉義市,2406,2227,1258,969,0,0,0,"1,408",731,677,61.27
109,公立,一般大學,0019,國立高雄大學,高雄市,1601,1534,827,707,0,0,0,"1,158",581,577,56.98
109,公立,一般大學,0020,國立東華大學,花蓮縣,6121,5716,2659,3057,0,0,0,"2,812","1,396","1,416",67.03
109,公立,一般大學,0021,國立暨南國際大學,南投縣,3618,2679,1303,1376,0,0,0,"2,148",943,"1,205",55.50
109,公立,技專校院,0022,國立臺灣科技大學,臺北市,3820,3459,2315,1144,39,21,18,961,680,281,78.45
109,公立,技專校院,0023,國立雲林科技大學,雲林縣,2566,2373,1238,1135,0,0,0,"5,058","3,169","1,889",31.93
109,公立,技專校院,0024,國立屏東科技大學,屏東縣,3063,2952,1495,1457,0,0,0,"4,604","2,475","2,129",39.07
109,公立,技專校院,0025,國立臺北科技大學,臺北市,2163,1581,1025,556,321,200,121,805,516,289,70.26
109,公立,一般大學,0028,國立臺北藝術大學,臺北市,1583,1392,495,897,0,0,0,160,66,94,89.69
109,公立,一般大學,0029,國立臺灣藝術大學,新北市,1121,786,182,604,0,0,0,412,147,265,65.61
109,公立,一般大學,0030,國立臺東大學,臺東縣,2381,2075,930,1145,0,0,0,"1,843",979,864,52.96
109,公立,一般大學,0031,國立宜蘭大學,宜蘭縣,1431,1413,756,657,0,0,0,"2,959","2,018",941,32.32
109,公立,一般大學,0032,國立聯合大學,苗栗縣,2765,2765,1270,1495,0,0,0,"2,948","2,708",240,48.40
109,公立,技專校院,0033,國立虎尾科技大學,雲林縣,1961,1733,1244,489,0,0,0,"6,426","5,090","1,336",21.24
109,公立,一般大學,0035,國立臺南藝術大學,臺南市,1045,1045,310,735,0,0,0,113,53,60,90.24
109,公立,一般大學,0036,國立臺南大學,臺南市,1972,1441,489,952,0,0,0,879,434,445,62.11
109,公立,一般大學,0037,國立臺北教育大學,臺北市,1526,1360,430,930,0,0,0,135,25,110,90.97
109,公立,一般大學,0039,國立臺中教育大學,臺中市,2836,1788,542,1246,0,0,0,864,288,576,67.42
109,公立,技專校院,0042,國立澎湖科技大學,澎湖縣,712,680,404,276,0,0,0,"2,367","1,402",965,22.32
109,公立,技專校院,0043,國立勤益科技大學,臺中市,1207,833,425,408,42,26,16,"4,794","3,482","1,312",15.43
109,公立,一般大學,0044,國立體育大學,桃園市,1400,1173,714,459,0,0,0,146,74,72,88.93
109,公立,技專校院,0046,國立臺北護理健康大學,臺北市,1570,1301,156,1145,0,0,0,741,173,568,63.71
109,公立,技專校院,0047,國立高雄餐旅大學,高雄市,1442,1342,411,931,0,0,0,"3,257",995,"2,262",29.18
109,公立,一般大學,0048,國立金門大學,金門縣,1345,997,485,512,128,76,52,"2,160","1,203",957,34.25
109,公立,一般大學,0049,國立臺灣體育運動大學,臺中市,615,615,346,269,0,0,0,811,406,405,43.13
109,公立,技專校院,0050,國立臺中科技大學,臺中市,1612,1356,201,1155,0,0,0,"3,301","1,085","2,216",29.12
109,公立,技專校院,0051,國立臺北商業大學,新北市,589,0,0,0,367,90,277,250,63,187,59.48
109,公立,技專校院,0051,國立臺北商業大學,桃園市,547,547,134,413,0,0,0,81,32,49,87.10
109,公立,一般大學,0052,國立屏東大學,屏東縣,4390,3922,1424,2498,0,0,0,"1,698",795,903,69.79
109,公立,技專校院,0053,國立高雄科技大學,高雄市,5966,4750,2374,2376,0,0,0,"8,385","5,936","2,449",36.16
109,公立,技專校院,0144,國立臺灣戲曲學院,臺北市,292,292,102,190,0,0,0,94,25,69,75.65
109,公立,技專校院,0221,國立臺南護理專科學校,臺南市,512,504,24,480,0,0,0,494,32,462,50.50
109,公立,技專校院,0222,國立臺東專科學校,臺東縣,470,460,305,155,0,0,0,140,104,36,76.67
109,私立,一般大學,1001,東海大學,臺中市,6781,5141,1987,3154,0,0,0,"8,332","3,939","4,393",38.16
109,私立,一般大學,1002,輔仁大學,新北市,4155,4155,1477,2678,0,0,0,"4,936","1,721","3,215",45.70
109,私立,一般大學,1003,東吳大學,臺北市,2586,959,328,631,1247,422,825,"4,064","1,642","2,422",35.18
109,私立,一般大學,1004,中原大學,桃園市,4957,4291,2188,2103,0,0,0,"7,240","4,054","3,186",37.21
109,私立,一般大學,1005,淡江大學學校財團法人淡江大學,宜蘭縣,768,768,336,432,0,0,0,0,0,0,100
109,私立,一般大學,1005,淡江大學學校財團法人淡江大學,新北市,3947,1919,0,1919,827,625,202,"7,799","4,302","3,497",26.04
109,私立,一般大學,1006,中國文化大學,臺北市,4588,4254,1662,2592,0,0,0,"4,378","2,538","1,840",49.28
109,私立,一般大學,1007,逢甲大學,臺中市,5401,3249,1259,1990,1836,1635,201,"7,180","4,394","2,786",41.46
109,私立,一般大學,1008,靜宜大學,臺中市,3962,2811,905,1906,382,158,224,"7,071","2,906","4,165",31.11
109,私立,一般大學,1009,長庚大學,桃園市,4586,4586,2279,2307,0,0,0,36,15,21,99.22
109,私立,一般大學,1010,元智大學,桃園市,3868,2794,1385,1409,0,0,0,"2,630","1,365","1,265",51.51
109,私立,一般大學,1011,中華大學學校財團法人中華大學,新竹市,2383,2215,1399,816,0,0,0,"1,251","1,035",216,63.91
109,私立,一般大學,1012,大葉大學,彰化縣,2003,1988,985,1003,0,0,0,"4,120","2,640","1,480",32.55
109,私立,一般大學,1013,華梵大學,新北市,449,449,251,198,0,0,0,20,9,11,95.74
109,私立,一般大學,1014,義守大學,高雄市,7871,3832,1654,2178,2162,1075,1087,"1,489",686,803,80.10
109,私立,一般大學,1015,世新大學,臺北市,616,411,137,274,86,66,20,"1,825",536,"1,289",21.40
109,私立,一般大學,1015,世新大學,新北市,334,123,47,76,186,60,126,487,136,351,38.82
109,私立,一般大學,1016,銘傳大學,臺北市,845,783,257,526,0,0,0,329,181,148,70.41
109,私立,一般大學,1016,銘傳大學,新北市,610,0,0,0,438,135,303,0,0,0,100
109,私立,一般大學,1016,銘傳大學,桃園市,2372,1439,414,1025,933,399,534,"2,012",845,"1,167",54.11
109,私立,一般大學,1016,銘傳大學,金門縣,34,34,11,23,0,0,0,0,0,0,100
109,私立,一般大學,1017,實踐大學,臺北市,1114,953,0,953,114,114,0,268,107,161,79.93
109,私立,一般大學,1017,實踐大學,高雄市,2435,1801,575,1226,0,0,0,"2,053",805,"1,248",46.73
109,私立,技專校院,1018,朝陽科技大學,臺中市,2974,759,295,464,1749,682,1067,"7,385","3,244","4,141",25.35
109,私立,一般大學,1019,高雄醫學大學,高雄市,1236,1042,338,704,75,54,21,"3,152","1,275","1,877",26.17
109,私立,一般大學,1020,南華大學,嘉義縣,2609,2446,787,1659,163,163,0,825,433,392,75.98
109,私立,一般大學,1021,真理大學,新北市,1293,1059,394,665,0,0,0,350,180,170,75.16
109,私立,一般大學,1022,大同大學,臺北市,894,894,585,309,0,0,0,48,25,23,94.90
109,私立,技專校院,1023,南臺學校財團法人南臺科技大學,臺南市,4028,3463,1649,1814,0,0,0,"3,331","1,979","1,352",50.97
109,私立,技專校院,1024,崑山科技大學,臺南市,1690,1690,953,737,0,0,0,"2,132","1,197",935,44.22
109,私立,技專校院,1025,嘉藥學校財團法人嘉南藥理大學,臺南市,5269,4542,1575,2967,0,0,0,"2,674","1,258","1,416",62.94
109,私立,技專校院,1026,樹德科技大學,高雄市,2441,2441,905,1536,0,0,0,"1,215",569,646,66.77
109,私立,一般大學,1027,慈濟學校財團法人慈濟大學,花蓮縣,2152,2152,737,1415,0,0,0,152,56,96,93.40
109,私立,一般大學,1028,臺北醫學大學,臺北市,1349,811,338,473,45,20,25,"1,000",404,596,46.12
109,私立,一般大學,1029,中山醫學大學,臺中市,1697,1555,607,948,0,0,0,"1,928",552,"1,376",44.65
109,私立,技專校院,1030,龍華科技大學,桃園市,1262,1262,889,373,0,0,0,935,710,225,57.44
109,私立,技專校院,1031,輔英科技大學,高雄市,2211,2211,319,1892,0,0,0,646,103,543,77.39
109,私立,技專校院,1032,明新學校財團法人明新科技大學,新竹縣,1478,1413,786,627,0,0,0,904,562,342,60.98
109,私立,一般大學,1033,長榮大學,臺南市,3610,2686,1098,1588,0,0,0,"3,028","1,381","1,647",47.01
109,私立,技專校院,1034,弘光科技大學,臺中市,2470,838,221,617,1632,653,979,"3,792","1,004","2,788",39.44
109,私立,一般大學,1035,中國醫藥大學,臺中市,653,559,256,303,0,0,0,"2,721","1,409","1,312",17.04
109,私立,一般大學,1035,中國醫藥大學,雲林縣,647,641,203,438,0,0,0,7,3,4,98.92
109,私立,技專校院,1036,健行學校財團法人健行科技大學,桃園市,1443,1313,828,485,0,0,0,792,491,301,62.38
109,私立,技專校院,1037,正修學校財團法人正修科技大學,高雄市,1645,847,452,395,611,341,270,837,489,348,63.53
109,私立,技專校院,1038,萬能學校財團法人萬能科技大學,桃園市,1766,1553,805,748,213,130,83,145,97,48,92.41
109,私立,一般大學,1039,玄奘大學,新竹市,843,843,308,535,0,0,0,615,264,351,57.82
109,私立,技專校院,1040,建國科技大學,彰化縣,373,300,212,88,0,0,0,665,401,264,31.09
109,私立,技專校院,1041,明志科技大學,新北市,2752,2662,1849,813,0,0,0,53,50,3,98.05
109,私立,技專校院,1042,高苑科技大學,高雄市,824,824,563,261,0,0,0,157,76,81,84
109,私立,技專校院,1043,大仁科技大學,屏東縣,950,950,373,577,0,0,0,808,425,383,54.04
109,私立,技專校院,1044,聖約翰科技大學,新北市,458,458,321,137,0,0,0,378,271,107,54.78
109,私立,技專校院,1045,嶺東科技大學,臺中市,1245,1182,359,823,0,0,0,"2,070",634,"1,436",36.35
109,私立,技專校院,1046,中國科技大學,臺北市,121,56,0,56,0,0,0,469,222,247,10.67
109,私立,技專校院,1046,中國科技大學,新竹縣,483,483,146,337,0,0,0,288,115,173,62.65
109,私立,技專校院,1047,中臺科技大學,臺中市,1073,965,318,647,0,0,0,"1,142",323,819,45.80
109,私立,一般大學,1048,亞洲大學,臺中市,5016,3944,1292,2652,0,0,0,"2,052",620,"1,432",65.78
109,私立,一般大學,1049,開南大學,桃園市,1087,995,477,518,0,0,0,603,286,317,62.27
109,私立,一般大學,1050,佛光大學,宜蘭縣,1687,839,307,532,791,328,463,614,357,257,72.64
109,私立,技專校院,1051,台南家專學校財團法人台南應用科技大學,臺南市,2205,1234,210,1024,261,140,121,"5,116","1,450","3,666",22.61
109,私立,技專校院,1052,遠東科技大學,臺南市,1165,1165,832,333,0,0,0,525,344,181,68.93
109,私立,技專校院,1053,光宇學校財團法人元培醫事科技大學,新竹市,1154,508,0,508,539,360,179,846,463,383,55.31
109,私立,技專校院,1054,景文科技大學,新北市,920,919,308,611,0,0,0,165,86,79,84.78
109,私立,技專校院,1055,中華醫事科技大學,臺南市,2255,2248,1175,1073,0,0,0,"2,000","1,000","1,000",52.92
109,私立,技專校院,1056,東南科技大學,新北市,781,781,526,255,0,0,0,301,149,152,72.18
109,私立,技專校院,1057,德明財經科技大學,臺北市,590,455,105,350,135,107,28,328,133,195,64.27
109,私立,一般大學,1058,明道學校財團法人明道大學,彰化縣,805,495,277,218,310,186,124,293,155,138,73.32
109,私立,技專校院,1060,南開科技大學,南投縣,448,415,306,109,0,0,0,835,525,310,33.20
109,私立,技專校院,1061,中華學校財團法人中華科技大學,臺北市,289,289,187,102,0,0,0,16,12,4,94.75
109,私立,技專校院,1061,中華學校財團法人中華科技大學,新竹縣,252,252,181,71,0,0,0,503,396,107,33.38
109,私立,技專校院,1062,僑光科技大學,臺中市,949,711,285,426,0,0,0,906,338,568,43.97
109,私立,技專校院,1063,廣亞學校財團法人育達科技大學,苗栗縣,526,526,199,327,0,0,0,690,320,370,43.26
109,私立,技專校院,1064,美和學校財團法人美和科技大學,屏東縣,757,757,214,543,0,0,0,337,101,236,69.20
109,私立,技專校院,1065,吳鳳科技大學,嘉義縣,756,723,520,203,0,0,0,133,80,53,84.46
109,私立,技專校院,1066,環球學校財團法人環球科技大學,雲林縣,934,885,438,447,0,0,0,584,274,310,60.25
109,私立,一般大學,1067,台灣首府學校財團法人台灣首府大學,臺南市,324,324,151,173,0,0,0,78,36,42,80.60
109,私立,技專校院,1068,中州學校財團法人中州科技大學,彰化縣,270,270,161,109,0,0,0,97,60,37,73.57
109,私立,技專校院,1069,修平學校財團法人修平科技大學,臺中市,902,829,596,233,0,0,0,751,533,218,52.47
109,私立,技專校院,1070,長庚學校財團法人長庚科技大學,桃園市,3856,3856,394,3462,0,0,0,53,7,46,98.64
109,私立,技專校院,1070,長庚學校財團法人長庚科技大學,嘉義縣,932,932,120,812,0,0,0,92,7,85,91.02
109,私立,技專校院,1071,城市學校財團法人臺北城市科技大學,臺北市,1605,1605,940,665,0,0,0,365,243,122,81.47
109,私立,技專校院,1072,大華學校財團法人敏實科技大學,新竹縣,95,95,65,30,0,0,0,3,2,1,96.94
109,私立,技專校院,1073,醒吾學校財團法人醒吾科技大學,新北市,1024,766,258,508,245,100,145,534,251,283,65.44
109,私立,技專校院,1075,文藻學校財團法人文藻外語大學,高雄市,1029,826,185,641,0,0,0,"2,496",514,"1,982",24.86
109,私立,技專校院,1076,華夏學校財團法人華夏科技大學,新北市,265,0,0,0,265,148,117,16,7,9,94.31
109,私立,技專校院,1077,慈濟學校財團法人慈濟科技大學,花蓮縣,2183,2142,486,1656,0,0,0,172,45,127,92.57
109,私立,技專校院,1078,致理學校財團法人致理科技大學,新北市,845,577,163,414,108,0,108,291,99,192,70.18
109,私立,一般大學,1079,康寧學校財團法人康寧大學,臺北市,859,859,106,753,0,0,0,28,6,22,96.84
109,私立,一般大學,1079,康寧學校財團法人康寧大學,臺南市,29,29,22,7,0,0,0,4,1,3,87.88
109,私立,技專校院,1080,宏國學校財團法人宏國德霖科技大學,新北市,294,294,165,129,0,0,0,44,21,23,86.98
109,私立,技專校院,1081,東方學校財團法人東方設計大學,高雄市,277,277,149,128,0,0,0,52,23,29,84.19
109,私立,技專校院,1082,崇右學校財團法人崇右影藝科技大學,基隆市,228,228,79,149,0,0,0,156,41,115,59.38
109,私立,技專校院,1083,台北海洋學校財團法人台北海洋科技大學,臺北市,427,399,299,100,0,0,0,119,57,62,77.03
109,私立,技專校院,1083,台北海洋學校財團法人台北海洋科技大學,新北市,510,506,251,255,0,0,0,134,63,71,79.06
109,私立,一般大學,1125,中信學校財團法人中信金融管理學院,臺南市,592,592,342,250,0,0,0,35,20,15,94.42
109,私立,技專校院,1148,大漢技術學院,花蓮縣,60,60,39,21,0,0,0,5,2,3,92.31
109,私立,技專校院,1159,和春技術學院,高雄市,29,29,15,14,0,0,0,1,0,1,96.67
109,私立,技專校院,1166,亞東技術學院,新北市,142,126,62,64,0,0,0,183,98,85,40.78
109,私立,技專校院,1168,南亞科技學校財團法人南亞技術學院,桃園市,479,479,339,140,0,0,0,202,106,96,70.34
109,私立,一般大學,1176,稻江科技暨管理學院,嘉義縣,25,25,17,8,0,0,0,6,4,2,80.65
109,私立,技專校院,1182,蘭陽技術學院,宜蘭縣,114,114,57,57,0,0,0,48,22,26,70.37
109,私立,技專校院,1183,黎明技術學院,新北市,720,584,388,196,47,32,15,23,5,18,96.48
109,私立,技專校院,1185,經國管理暨健康學院,基隆市,552,552,117,435,0,0,0,297,112,185,65.02
109,私立,技專校院,1188,大同技術學院,嘉義市,163,96,43,53,0,0,0,105,50,55,47.76
109,私立,技專校院,1192,臺灣觀光學院,花蓮縣,16,16,8,8,0,0,0,25,10,15,39.02
109,私立,一般大學,1195,馬偕學校財團法人馬偕醫學院,新北市,538,538,171,367,0,0,0,29,15,14,94.89
109,私立,一般大學,1196,法鼓學校財團法人法鼓文理學院,新北市,191,191,63,128,0,0,0,0,0,0,100
109,私立,技專校院,1282,馬偕學校財團法人馬偕醫護管理專科學校,臺北市,655,650,56,594,0,0,0,219,35,184,74.80
109,私立,技專校院,1282,馬偕學校財團法人馬偕醫護管理專科學校,新北市,1428,1428,124,1304,0,0,0,67,9,58,95.52
109,私立,技專校院,1283,仁德醫護管理專科學校,苗栗縣,2214,2214,392,1822,0,0,0,639,184,455,77.60
109,私立,技專校院,1284,樹人醫護管理專科學校,高雄市,1320,1317,317,1000,0,0,0,0,0,0,100
109,私立,技專校院,1285,慈惠醫護管理專科學校,屏東縣,733,733,107,626,0,0,0,118,20,98,86.13
109,私立,技專校院,1286,耕莘健康管理專科學校,宜蘭縣,1046,1046,131,915,0,0,0,29,1,28,97.30
109,私立,技專校院,1286,耕莘健康管理專科學校,新北市,876,876,15,861,0,0,0,51,5,46,94.50
109,私立,技專校院,1287,敏惠醫護管理專科學校,臺南市,1168,1088,102,986,0,0,0,547,86,461,66.54
109,私立,技專校院,1289,育英醫護管理專科學校,高雄市,224,224,26,198,0,0,0,49,7,42,82.05
109,私立,技專校院,1291,聖母醫護管理專科學校,宜蘭縣,824,824,111,713,0,0,0,181,23,158,81.99
109,私立,技專校院,1292,新生醫護管理專科學校,桃園市,1431,1265,144,1121,0,0,0,162,21,141,88.65
109,私立,技專校院,1293,崇仁醫護管理專科學校,嘉義縣,685,685,59,626,0,0,0,298,24,274,69.68
109,私立,技專校院,1293,崇仁醫護管理專科學校,嘉義市,253,253,32,221,0,0,0,133,28,105,65.54
109,私立,宗教研修學院,1R02,學校財團法人中華浸信會基督教台灣浸會神學院,臺北市,30,30,15,15,0,0,0,0,0,0,100
109,私立,宗教研修學院,1R03,臺北基督學院,新北市,79,79,41,38,0,0,0,0,0,0,100
109,私立,宗教研修學院,1R05,台神學校財團法人台灣神學研究學院,臺北市,68,68,30,38,0,0,0,2,0,2,97.14
109,私立,宗教研修學院,1R07,台灣基督長老教會南神神學院,臺南市,47,0,0,0,47,23,24,6,1,5,88.68
109,公立,一般大學,3002,臺北市立大學,臺北市,2020,1630,623,1007,20,7,13,146,66,80,91.87
110,公立,一般大學,0001,國立政治大學,臺北市,7103,5089,2051,3038,80,31,49,"2,561","1,209","1,352",66.87
110,公立,一般大學,0002,國立清華大學,新竹市,8893,8439,4490,3949,0,0,0,"8,308","5,007","3,301",50.39
110,公立,一般大學,0003,國立臺灣大學,臺北市,13075,11863,6580,5283,0,0,0,"1,644","1,037",607,87.83
110,公立,一般大學,0004,國立臺灣師範大學,臺北市,6304,4015,1617,2398,0,0,0,996,477,519,80.12
110,公立,一般大學,0005,國立成功大學,臺南市,8333,6358,3801,2557,0,0,0,"9,009","5,872","3,137",41.37
110,公立,一般大學,0006,國立中興大學,臺中市,5425,4195,2210,1985,0,0,0,"5,506","3,317","2,189",43.24
110,公立,一般大學,0007,國立陽明交通大學,臺北市,2628,2123,1180,943,0,0,0,195,82,113,91.59
110,公立,一般大學,0007,國立陽明交通大學,新竹市,7063,7063,4645,2418,0,0,0,"5,275","3,844","1,431",57.25
110,公立,一般大學,0007,國立陽明交通大學,臺南市,254,254,222,32,0,0,0,88,74,14,74.27
110,公立,一般大學,0008,國立中央大學,桃園市,5877,5091,3017,2074,0,0,0,"4,097","2,822","1,275",55.41
110,公立,一般大學,0009,國立中山大學,高雄市,3733,3733,2144,1589,0,0,0,"2,065","1,381",684,64.38
110,公立,一般大學,0012,國立臺灣海洋大學,基隆市,4641,2680,1702,978,0,0,0,"2,011","1,235",776,57.13
110,公立,一般大學,0012,國立臺灣海洋大學,連江縣,82,82,48,34,0,0,0,0,0,0,100
110,公立,一般大學,0013,國立中正大學,嘉義縣,4961,3367,1775,1592,0,0,0,"5,605","3,370","2,235",37.53
110,公立,一般大學,0014,國立高雄師範大學,高雄市,2960,2960,1459,1501,0,0,0,334,145,189,89.86
110,公立,一般大學,0015,國立彰化師範大學,彰化縣,2863,2786,1349,1437,0,0,0,"2,203","1,244",959,55.84
110,公立,一般大學,0017,國立臺北大學,臺北市,350,350,124,226,0,0,0,0,0,0,100
110,公立,一般大學,0017,國立臺北大學,新北市,1338,1269,546,723,0,0,0,"2,545","1,184","1,361",33.27
110,公立,一般大學,0018,國立嘉義大學,嘉義縣,1285,1142,349,793,0,0,0,296,142,154,79.42
110,公立,一般大學,0018,國立嘉義大學,嘉義市,2629,2405,1332,1073,0,0,0,882,458,424,73.17
110,公立,一般大學,0019,國立高雄大學,高雄市,1568,1542,842,700,0,0,0,"1,313",674,639,54.01
110,公立,一般大學,0020,國立東華大學,花蓮縣,6501,5878,2753,3125,0,0,0,"2,634","1,337","1,297",69.06
110,公立,一般大學,0021,國立暨南國際大學,南投縣,3745,2781,1382,1399,0,0,0,"2,147","1,115","1,032",56.43
110,公立,技專校院,0022,國立臺灣科技大學,臺北市,3984,3235,2206,1029,0,0,0,965,667,298,77.02
110,公立,技專校院,0023,國立雲林科技大學,雲林縣,2480,2238,1204,1034,0,0,0,"5,023","3,155","1,868",30.82
110,公立,技專校院,0024,國立屏東科技大學,屏東縣,3289,2955,1517,1438,0,0,0,"5,332","3,179","2,153",35.66
110,公立,技專校院,0025,國立臺北科技大學,臺北市,1998,1581,1025,556,304,200,104,897,577,320,67.76
110,公立,一般大學,0028,國立臺北藝術大學,臺北市,1723,1435,509,926,0,0,0,143,58,85,90.94
110,公立,一般大學,0029,國立臺灣藝術大學,新北市,1207,799,188,611,0,0,0,394,126,268,66.97
110,公立,一般大學,0030,國立臺東大學,臺東縣,2528,2159,984,1175,0,0,0,"1,787",963,824,54.71
110,公立,一般大學,0031,國立宜蘭大學,宜蘭縣,1483,1473,824,649,0,0,0,"2,985","1,979","1,006",33.04
110,公立,一般大學,0032,國立聯合大學,苗栗縣,2736,2736,1238,1498,0,0,0,"2,978","2,713",265,47.88
110,公立,技專校院,0033,國立虎尾科技大學,雲林縣,2163,1771,1238,533,0,0,0,"6,436","5,090","1,346",21.58
110,公立,一般大學,0035,國立臺南藝術大學,臺南市,1041,1041,331,710,0,0,0,122,59,63,89.51
110,公立,一般大學,0036,國立臺南大學,臺南市,1835,1349,483,866,0,0,0,877,364,513,60.60
110,公立,一般大學,0037,國立臺北教育大學,臺北市,1516,1352,425,927,0,0,0,129,25,104,91.29
110,公立,一般大學,0039,國立臺中教育大學,臺中市,1977,1717,581,1136,0,0,0,490,189,301,77.80
110,公立,技專校院,0042,國立澎湖科技大學,澎湖縣,690,690,426,264,0,0,0,"2,372","1,431",941,22.53
110,公立,技專校院,0043,國立勤益科技大學,臺中市,1222,807,405,402,66,35,31,"5,026","3,680","1,346",14.80
110,公立,一般大學,0044,國立體育大學,桃園市,1222,1018,638,380,0,0,0,98,55,43,91.22
110,公立,技專校院,0046,國立臺北護理健康大學,臺北市,1740,1512,218,1294,0,0,0,551,151,400,73.29
110,公立,技專校院,0047,國立高雄餐旅大學,高雄市,1149,1149,373,776,0,0,0,"2,243",737,"1,506",33.87
110,公立,一般大學,0048,國立金門大學,金門縣,1327,1060,515,545,69,54,15,"1,594",851,743,41.46
110,公立,一般大學,0049,國立臺灣體育運動大學,臺中市,711,545,329,216,0,0,0,874,452,422,38.41
110,公立,技專校院,0050,國立臺中科技大學,臺中市,1681,1323,216,1107,0,0,0,"3,293","1,086","2,207",28.66
110,公立,技專校院,0051,國立臺北商業大學,新北市,458,0,0,0,458,129,329,242,48,194,65.43
110,公立,技專校院,0051,國立臺北商業大學,桃園市,556,556,136,420,0,0,0,70,18,52,88.82
110,公立,一般大學,0052,國立屏東大學,屏東縣,4484,4043,1511,2532,0,0,0,"1,495",700,795,73
110,公立,技專校院,0053,國立高雄科技大學,高雄市,5805,4739,2371,2368,0,0,0,"7,624","5,220","2,404",38.33
110,公立,技專校院,0144,國立臺灣戲曲學院,臺北市,310,310,114,196,0,0,0,9,6,3,97.18
110,公立,技專校院,0221,國立臺南護理專科學校,臺南市,504,504,24,480,0,0,0,493,41,452,50.55
110,公立,技專校院,0222,國立臺東專科學校,臺東縣,507,461,298,163,0,0,0,117,103,14,79.76
110,私立,一般大學,1001,東海大學,臺中市,6510,5135,1979,3156,0,0,0,"7,840","3,686","4,154",39.58
110,私立,一般大學,1002,輔仁大學,新北市,4553,4553,1651,2902,0,0,0,"5,343","1,933","3,410",46.01
110,私立,一般大學,1003,東吳大學,臺北市,2611,1027,384,643,903,260,643,"4,349","1,731","2,618",30.74
110,私立,一般大學,1004,中原大學,桃園市,6301,4284,2119,2165,0,0,0,"7,040","3,856","3,184",37.83
110,私立,一般大學,1005,淡江大學學校財團法人淡江大學,宜蘭縣,483,483,251,232,0,0,0,0,0,0,100
110,私立,一般大學,1005,淡江大學學校財團法人淡江大學,新北市,3695,2087,0,2087,840,704,136,"7,707","4,253","3,454",27.52
110,私立,一般大學,1006,中國文化大學,臺北市,5727,4254,1662,2592,0,0,0,"5,093","2,672","2,421",45.51
110,私立,一般大學,1007,逢甲大學,臺中市,4421,3320,1238,2082,0,0,0,"6,984","4,104","2,880",32.22
110,私立,一般大學,1008,靜宜大學,臺中市,5486,3350,1132,2218,381,151,230,"5,663","2,141","3,522",39.72
110,私立,一般大學,1009,長庚大學,桃園市,4902,4902,2378,2524,0,0,0,36,15,21,99.27
110,私立,一般大學,1010,元智大學,桃園市,3799,2869,1411,1458,0,0,0,"2,615","1,365","1,250",52.32
110,私立,一般大學,1011,中華大學學校財團法人中華大學,新竹市,2315,2274,1524,750,0,0,0,"1,170",932,238,66.03
110,私立,一般大學,1012,大葉大學,彰化縣,1761,1704,854,850,0,0,0,"3,500","2,230","1,270",32.74
110,私立,一般大學,1013,華梵大學,新北市,425,425,240,185,0,0,0,0,0,0,100
110,私立,一般大學,1014,義守大學,高雄市,7194,3605,1490,2115,2360,1184,1176,"1,432",650,782,80.64
110,私立,一般大學,1015,世新大學,臺北市,676,400,123,277,63,38,25,920,296,624,33.48
110,私立,一般大學,1015,世新大學,新北市,408,317,121,196,147,54,93,156,52,104,74.84
110,私立,一般大學,1016,銘傳大學,臺北市,875,828,274,554,0,0,0,594,265,329,58.23
110,私立,一般大學,1016,銘傳大學,新北市,646,0,0,0,646,224,422,0,0,0,100
110,私立,一般大學,1016,銘傳大學,桃園市,2856,1426,401,1025,1026,399,627,"1,747",761,986,58.39
110,私立,一般大學,1016,銘傳大學,金門縣,32,32,6,26,0,0,0,0,0,0,100
110,私立,一般大學,1017,實踐大學,臺北市,1152,955,2,953,124,124,0,265,105,160,80.28
110,私立,一般大學,1017,實踐大學,高雄市,1598,1584,498,1086,0,0,0,"2,048",800,"1,248",43.61
110,私立,技專校院,1018,朝陽科技大學,臺中市,2466,759,435,324,1642,543,1099,"7,166","3,296","3,870",25.10
110,私立,一般大學,1019,高雄醫學大學,高雄市,1305,1029,349,680,99,75,24,"3,167","1,441","1,726",26.26
110,私立,一般大學,1020,南華大學,嘉義縣,2506,2301,727,1574,162,130,32,772,403,369,76.14
110,私立,一般大學,1021,真理大學,新北市,1185,958,376,582,0,0,0,254,120,134,79.04
110,私立,一般大學,1022,大同大學,臺北市,919,919,613,306,0,0,0,48,28,20,95.04
110,私立,技專校院,1023,南臺學校財團法人南臺科技大學,臺南市,3817,3531,1754,1777,0,0,0,"3,849","2,288","1,561",47.85
110,私立,技專校院,1024,崑山科技大學,臺南市,1759,1759,1038,721,0,0,0,"2,001","1,122",879,46.78
110,私立,技專校院,1025,嘉藥學校財團法人嘉南藥理大學,臺南市,5344,4677,1643,3034,0,0,0,"2,287","1,052","1,235",67.16
110,私立,技專校院,1026,樹德科技大學,高雄市,2307,2307,882,1425,0,0,0,"1,168",553,615,66.39
110,私立,一般大學,1027,慈濟學校財團法人慈濟大學,花蓮縣,2015,2015,696,1319,0,0,0,"1,335",591,744,60.15
110,私立,一般大學,1028,臺北醫學大學,臺北市,1434,827,348,479,30,10,20,"1,063",387,676,44.64
110,私立,一般大學,1029,中山醫學大學,臺中市,1698,1562,607,955,0,0,0,"1,997",575,"1,422",43.89
110,私立,技專校院,1030,龍華科技大學,桃園市,1275,1069,747,322,0,0,0,901,655,246,54.26
110,私立,技專校院,1031,輔英科技大學,高雄市,2207,2207,348,1859,0,0,0,"1,020",272,748,68.39
110,私立,技專校院,1032,明新學校財團法人明新科技大學,新竹縣,1264,1183,676,507,0,0,0,849,538,311,58.22
110,私立,一般大學,1033,長榮大學,臺南市,3230,2496,1036,1460,0,0,0,"2,855","1,296","1,559",46.65
110,私立,技專校院,1034,弘光科技大學,臺中市,2352,879,157,722,1473,544,929,"3,555","1,017","2,538",39.82
110,私立,一般大學,1035,中國醫藥大學,臺中市,799,600,293,307,0,0,0,"3,403","1,374","2,029",14.99
110,私立,一般大學,1035,中國醫藥大學,雲林縣,670,636,176,460,0,0,0,7,4,3,98.91
110,私立,技專校院,1036,健行學校財團法人健行科技大學,桃園市,1314,1215,753,462,0,0,0,974,579,395,55.50
110,私立,技專校院,1037,正修學校財團法人正修科技大學,高雄市,1495,806,457,349,534,312,222,620,314,306,68.37
110,私立,技專校院,1038,萬能學校財團法人萬能科技大學,桃園市,1716,1471,763,708,245,129,116,158,100,58,91.57
110,私立,一般大學,1039,玄奘大學,新竹市,687,687,241,446,0,0,0,342,214,128,66.76
110,私立,技專校院,1040,建國科技大學,彰化縣,322,265,186,79,0,0,0,550,337,213,32.52
110,私立,技專校院,1041,明志科技大學,新北市,2655,2605,1783,822,0,0,0,55,51,4,97.93
110,私立,技專校院,1042,高苑科技大學,高雄市,823,823,548,275,0,0,0,238,93,145,77.57
110,私立,技專校院,1043,大仁科技大學,屏東縣,930,930,392,538,0,0,0,801,427,374,53.73
110,私立,技專校院,1044,聖約翰科技大學,新北市,335,335,208,127,0,0,0,262,192,70,56.11
110,私立,技專校院,1045,嶺東科技大學,臺中市,1240,1154,353,801,0,0,0,"2,265",684,"1,581",33.75
110,私立,技專校院,1046,中國科技大學,臺北市,106,57,0,57,0,0,0,406,192,214,12.31
110,私立,技專校院,1046,中國科技大學,新竹縣,429,429,129,300,0,0,0,220,96,124,66.10
110,私立,技專校院,1047,中臺科技大學,臺中市,1102,943,311,632,0,0,0,775,181,594,54.89
110,私立,一般大學,1048,亞洲大學,臺中市,4488,3838,1221,2617,0,0,0,"2,228",626,"1,602",63.27
110,私立,一般大學,1049,開南大學,桃園市,990,888,403,485,0,0,0,550,267,283,61.75
110,私立,一般大學,1050,佛光大學,宜蘭縣,1656,803,300,503,798,318,480,581,343,238,73.37
110,私立,技專校院,1051,台南家專學校財團法人台南應用科技大學,臺南市,1548,1162,217,945,280,137,143,"4,449","1,247","3,202",24.48
110,私立,技專校院,1052,遠東科技大學,臺南市,879,879,624,255,0,0,0,345,245,100,71.81
110,私立,技專校院,1053,光宇學校財團法人元培醫事科技大學,新竹市,1037,481,0,481,526,343,183,606,330,276,62.43
110,私立,技專校院,1054,景文科技大學,新北市,870,861,289,572,0,0,0,240,88,152,78.20
110,私立,技專校院,1055,中華醫事科技大學,臺南市,1928,1808,397,1411,0,0,0,893,242,651,66.94
110,私立,技專校院,1056,東南科技大學,新北市,742,742,494,248,0,0,0,286,150,136,72.18
110,私立,技專校院,1057,德明財經科技大學,臺北市,631,506,147,359,110,83,27,333,128,205,64.91
110,私立,一般大學,1058,明道學校財團法人明道大學,彰化縣,621,621,364,257,0,0,0,223,129,94,73.58
110,私立,技專校院,1060,南開科技大學,南投縣,607,486,346,140,0,0,0,264,201,63,64.80
110,私立,技專校院,1061,中華學校財團法人中華科技大學,臺北市,307,307,208,99,0,0,0,21,10,11,93.60
110,私立,技專校院,1061,中華學校財團法人中華科技大學,新竹縣,195,195,142,53,0,0,0,442,398,44,30.61
110,私立,技專校院,1062,僑光科技大學,臺中市,878,704,272,432,0,0,0,561,241,320,55.65
110,私立,技專校院,1063,廣亞學校財團法人育達科技大學,苗栗縣,393,393,160,233,0,0,0,610,270,340,39.18
110,私立,技專校院,1064,美和學校財團法人美和科技大學,屏東縣,784,784,229,555,0,0,0,0,0,0,100
110,私立,技專校院,1065,吳鳳科技大學,嘉義縣,1512,751,522,229,0,0,0,136,84,52,84.67
110,私立,技專校院,1066,環球學校財團法人環球科技大學,雲林縣,720,649,342,307,0,0,0,498,258,240,56.58
110,私立,一般大學,1067,台灣首府學校財團法人台灣首府大學,臺南市,212,212,97,115,0,0,0,26,9,17,89.08
110,私立,技專校院,1068,中州學校財團法人中州科技大學,彰化縣,128,128,71,57,0,0,0,73,51,22,63.68
110,私立,技專校院,1069,修平學校財團法人修平科技大學,臺中市,920,814,603,211,0,0,0,726,529,197,52.86
110,私立,技專校院,1070,長庚學校財團法人長庚科技大學,桃園市,3863,3863,446,3417,0,0,0,68,4,64,98.27
110,私立,技專校院,1070,長庚學校財團法人長庚科技大學,嘉義縣,1170,1170,140,1030,0,0,0,119,16,103,90.77
110,私立,技專校院,1071,城市學校財團法人臺北城市科技大學,臺北市,1172,1067,628,439,0,0,0,400,191,209,72.73
110,私立,技專校院,1072,大華學校財團法人敏實科技大學,新竹縣,108,102,81,21,0,0,0,5,1,4,95.33
110,私立,技專校院,1073,醒吾學校財團法人醒吾科技大學,新北市,1248,888,330,558,232,107,125,653,366,287,63.17
110,私立,技專校院,1075,文藻學校財團法人文藻外語大學,高雄市,1007,762,159,603,0,0,0,"2,985",785,"2,200",20.34
110,私立,技專校院,1076,華夏學校財團法人華夏科技大學,新北市,267,0,0,0,267,150,117,18,8,10,93.68
110,私立,技專校院,1077,慈濟學校財團法人慈濟科技大學,花蓮縣,2085,2029,442,1587,0,0,0,202,43,159,90.95
110,私立,技專校院,1078,致理學校財團法人致理科技大學,新北市,776,579,163,416,104,0,104,163,40,123,80.73
110,私立,一般大學,1079,康寧學校財團法人康寧大學,臺北市,828,825,98,727,0,0,0,33,8,25,96.15
110,私立,一般大學,1079,康寧學校財團法人康寧大學,臺南市,21,21,17,4,0,0,0,0,0,0,100
110,私立,技專校院,1080,宏國學校財團法人宏國德霖科技大學,新北市,307,307,173,134,0,0,0,51,24,27,85.75
110,私立,技專校院,1081,東方學校財團法人東方設計大學,高雄市,235,235,123,112,0,0,0,31,15,16,88.35
110,私立,技專校院,1082,崇右學校財團法人崇右影藝科技大學,基隆市,258,258,90,168,0,0,0,89,22,67,74.35
110,私立,技專校院,1083,台北海洋學校財團法人台北海洋科技大學,臺北市,394,389,297,92,0,0,0,119,52,67,76.57
110,私立,技專校院,1083,台北海洋學校財團法人台北海洋科技大學,新北市,710,634,328,306,0,0,0,100,45,55,86.38
110,私立,技專校院,1084,亞東學校財團法人亞東科技大學,新北市,194,159,85,74,0,0,0,169,93,76,48.48
110,私立,一般大學,1125,中信學校財團法人中信金融管理學院,臺南市,601,601,337,264,0,0,0,85,47,38,87.61
110,私立,技專校院,1148,大漢技術學院,花蓮縣,48,48,35,13,0,0,0,6,4,2,88.89
110,私立,技專校院,1159,和春技術學院,高雄市,6,6,2,4,0,0,0,0,0,0,100
110,私立,技專校院,1168,南亞科技學校財團法人南亞技術學院,桃園市,508,508,367,141,0,0,0,169,86,83,75.04
110,私立,技專校院,1182,蘭陽技術學院,宜蘭縣,47,47,29,18,0,0,0,19,11,8,71.21
110,私立,技專校院,1183,黎明技術學院,新北市,878,713,408,305,116,89,27,30,12,18,96.51
110,私立,技專校院,1185,經國管理暨健康學院,基隆市,511,511,110,401,0,0,0,357,146,211,58.87
110,私立,技專校院,1188,大同技術學院,嘉義市,0,108,69,39,0,0,0,57,28,29,65.45
110,私立,一般大學,1195,馬偕學校財團法人馬偕醫學院,新北市,580,580,188,392,0,0,0,147,66,81,79.78
110,私立,一般大學,1196,法鼓學校財團法人法鼓文理學院,新北市,208,208,71,137,0,0,0,0,0,0,100
110,私立,技專校院,1282,馬偕學校財團法人馬偕醫護管理專科學校,臺北市,631,631,79,552,0,0,0,233,21,212,73.03
110,私立,技專校院,1282,馬偕學校財團法人馬偕醫護管理專科學校,新北市,1487,1487,138,1349,0,0,0,60,24,36,96.12
110,私立,技專校院,1283,仁德醫護管理專科學校,苗栗縣,2232,2232,422,1810,0,0,0,580,134,446,79.37
110,私立,技專校院,1284,樹人醫護管理專科學校,高雄市,1407,1360,319,1041,20,0,20,908,158,750,60.31
110,私立,技專校院,1285,慈惠醫護管理專科學校,屏東縣,683,390,0,390,293,105,188,85,16,69,88.93
110,私立,技專校院,1286,耕莘健康管理專科學校,宜蘭縣,935,935,114,821,0,0,0,28,5,23,97.09
110,私立,技專校院,1286,耕莘健康管理專科學校,新北市,871,871,16,855,0,0,0,75,7,68,92.07
110,私立,技專校院,1287,敏惠醫護管理專科學校,臺南市,1047,1023,102,921,0,0,0,552,81,471,64.95
110,私立,技專校院,1289,育英醫護管理專科學校,高雄市,225,225,24,201,0,0,0,75,5,70,75
110,私立,技專校院,1291,聖母醫護管理專科學校,宜蘭縣,703,703,89,614,0,0,0,128,16,112,84.60
110,私立,技專校院,1292,新生醫護管理專科學校,桃園市,1416,1284,132,1152,0,0,0,197,23,174,86.70
110,私立,技專校院,1293,崇仁醫護管理專科學校,嘉義縣,696,696,59,637,0,0,0,258,32,226,72.96
110,私立,技專校院,1293,崇仁醫護管理專科學校,嘉義市,269,269,51,218,0,0,0,100,18,82,72.90
110,私立,宗教研修學院,1R02,學校財團法人中華浸信會基督教台灣浸會神學院,臺北市,40,40,22,18,0,0,0,0,0,0,100
110,私立,宗教研修學院,1R03,臺北基督學院,新北市,136,70,39,31,0,0,0,0,0,0,100
110,私立,宗教研修學院,1R05,台神學校財團法人台灣神學研究學院,臺北市,73,73,29,44,0,0,0,1,0,1,98.65
110,私立,宗教研修學院,1R07,台灣基督長老教會南神神學院,臺南市,42,0,0,0,42,18,24,5,3,2,89.36
110,私立,宗教研修學院,1R08,中華福音神學研究學院,桃園市,18,18,8,10,0,0,0,0,0,0,100
110,私立,宗教研修學院,1R09,唯心聖教學院,南投縣,0,0,0,0,0,0,0,9,1,8,0
110,公立,一般大學,3002,臺北市立大學,臺北市,2179,1615,616,999,15,7,8,556,247,309,74.57
