學年度,設立別,學校類別,學校統計處代碼,學校名稱,縣市別,一年級學生申請學校宿舍人數(A),一年級學生實際住宿情形-自有宿舍住宿人數-小計(B),一年級學生實際住宿情形-自有宿舍住宿人數-男,一年級學生實際住宿情形-自有宿舍住宿人數-女,一年級學生實際住宿情形-學校租賃宿舍住宿人數-小計(C),一年級學生實際住宿情形-學校租賃宿舍住宿人數-男,一年級學生實際住宿情形-學校租賃宿舍住宿人數-女,一年級學生校外租屋人數(107學年度新增)-小計(D),一年級學生校外租屋人數(107學年度新增)-男,一年級學生校外租屋人數(107學年度新增)-女,學校提供一年級學生實際住宿之比率(%)E=(B+C)/（B+C+D）
106,公立,一般大學,0001,國立政治大學,臺北市,2671,2248,948,1300,0,0,0,...,...,...,84.16
106,公立,一般大學,0002,國立清華大學,新竹市,2958,2805,1551,1254,0,0,0,...,...,...,94.83
106,公立,一般大學,0003,國立臺灣大學,臺北市,5011,2979,1684,1295,0,0,0,...,...,...,59.45
106,公立,一般大學,0004,國立臺灣師範大學,臺北市,2187,1674,673,1001,0,0,0,...,...,...,76.54
106,公立,一般大學,0005,國立成功大學,臺南市,3601,2768,1695,1073,0,0,0,...,...,...,76.87
106,公立,一般大學,0006,國立中興大學,臺中市,2233,1873,1055,818,0,0,0,...,...,...,83.88
106,公立,一般大學,0007,國立陽明交通大學,新竹市,2505,2278,1528,750,0,0,0,...,...,...,90.94
106,公立,一般大學,0007,國立陽明交通大學,臺南市,29,4,2,2,25,22,3,...,...,...,100
106,公立,一般大學,0008,國立中央大學,桃園市,2013,2013,1256,757,0,0,0,...,...,...,100
106,公立,一般大學,0009,國立中山大學,高雄市,1455,1455,927,528,0,0,0,...,...,...,100
106,公立,一般大學,0012,國立臺灣海洋大學,基隆市,1556,1450,975,475,0,0,0,...,...,...,93.19
106,公立,一般大學,0013,國立中正大學,嘉義縣,2903,1999,1054,945,0,0,0,...,...,...,68.86
106,公立,一般大學,0014,國立高雄師範大學,高雄市,841,841,398,443,0,0,0,...,...,...,100
106,公立,一般大學,0015,國立彰化師範大學,彰化縣,1291,1163,583,580,0,0,0,...,...,...,90.09
106,公立,一般大學,0016,國立陽明大學,臺北市,341,341,182,159,0,0,0,...,...,...,100
106,公立,一般大學,0017,國立臺北大學,新北市,1125,895,367,528,0,0,0,...,...,...,79.56
106,公立,一般大學,0017,國立臺北大學,臺北市,67,67,22,45,0,0,0,...,...,...,100
106,公立,一般大學,0018,國立嘉義大學,嘉義縣,582,557,199,358,0,0,0,...,...,...,95.70
106,公立,一般大學,0018,國立嘉義大學,嘉義市,1575,1441,811,630,0,0,0,...,...,...,91.49
106,公立,一般大學,0019,國立高雄大學,高雄市,1023,1030,542,488,0,0,0,...,...,...,100
106,公立,一般大學,0020,國立東華大學,花蓮縣,2344,2115,990,1125,0,0,0,...,...,...,90.23
106,公立,一般大學,0021,國立暨南國際大學,南投縣,1519,1299,618,681,0,0,0,...,...,...,85.52
106,公立,技專校院,0022,國立臺灣科技大學,臺北市,1373,1373,931,442,0,0,0,...,...,...,100
106,公立,技專校院,0023,國立雲林科技大學,雲林縣,1559,1525,887,638,0,0,0,...,...,...,97.82
106,公立,技專校院,0024,國立屏東科技大學,屏東縣,2142,2142,1139,1003,0,0,0,...,...,...,100
106,公立,技專校院,0025,國立臺北科技大學,臺北市,1304,1130,743,387,37,37,0,...,...,...,89.49
106,公立,技專校院,0026,國立高雄第一科技大學,高雄市,1516,1185,679,506,0,0,0,...,...,...,78.17
106,公立,技專校院,0027,國立高雄應用科技大學,高雄市,1986,1268,542,726,0,0,0,...,...,...,63.85
106,公立,一般大學,0028,國立臺北藝術大學,臺北市,511,511,179,332,0,0,0,...,...,...,100
106,公立,一般大學,0029,國立臺灣藝術大學,新北市,531,413,129,284,0,0,0,...,...,...,77.78
106,公立,一般大學,0030,國立臺東大學,臺東縣,885,864,416,448,0,0,0,...,...,...,97.63
106,公立,一般大學,0031,國立宜蘭大學,宜蘭縣,1073,1073,705,368,0,0,0,...,...,...,100
106,公立,一般大學,0032,國立聯合大學,苗栗縣,1371,1371,927,444,0,0,0,...,...,...,100
106,公立,技專校院,0033,國立虎尾科技大學,雲林縣,1667,1572,1179,393,0,0,0,...,...,...,94.30
106,公立,技專校院,0034,國立高雄海洋科技大學,高雄市,1087,976,584,392,0,0,0,...,...,...,89.79
106,公立,一般大學,0035,國立臺南藝術大學,臺南市,313,313,96,217,0,0,0,...,...,...,100
106,公立,一般大學,0036,國立臺南大學,臺南市,758,755,338,417,0,0,0,...,...,...,99.60
106,公立,一般大學,0037,國立臺北教育大學,臺北市,486,447,151,296,0,0,0,...,...,...,91.98
106,公立,一般大學,0039,國立臺中教育大學,臺中市,676,676,238,438,0,0,0,...,...,...,100
106,公立,技專校院,0042,國立澎湖科技大學,澎湖縣,613,598,366,232,0,0,0,...,...,...,97.55
106,公立,技專校院,0043,國立勤益科技大學,臺中市,1198,806,415,391,4,3,1,...,...,...,67.61
106,公立,一般大學,0044,國立體育大學,桃園市,578,448,264,184,0,0,0,...,...,...,77.51
106,公立,技專校院,0046,國立臺北護理健康大學,臺北市,763,687,86,601,0,0,0,...,...,...,90.04
106,公立,技專校院,0047,國立高雄餐旅大學,高雄市,1161,1161,368,793,0,0,0,...,...,...,100
106,公立,一般大學,0048,國立金門大學,金門縣,675,638,339,299,37,15,22,...,...,...,100
106,公立,一般大學,0049,國立臺灣體育運動大學,臺中市,492,492,281,211,0,0,0,...,...,...,100
106,公立,技專校院,0050,國立臺中科技大學,臺中市,1099,957,128,829,0,0,0,...,...,...,87.08
106,公立,技專校院,0051,國立臺北商業大學,桃園市,217,217,53,164,0,0,0,...,...,...,100
106,公立,一般大學,0052,國立屏東大學,屏東市,1445,1445,564,881,0,0,0,...,...,...,100
106,公立,技專校院,0144,國立臺灣戲曲學院,臺北市,129,112,34,78,0,0,0,...,...,...,86.82
106,公立,技專校院,0221,國立臺南護理專科學校,臺南市,226,226,18,208,0,0,0,...,...,...,100
106,公立,技專校院,0222,國立臺東專科學校,臺東縣,325,268,200,68,0,0,0,...,...,...,82.46
106,私立,一般大學,1001,東海大學,臺中市,3518,3109,1415,1694,0,0,0,...,...,...,88.37
106,私立,一般大學,1002,輔仁大學,新北市,1703,1490,557,933,213,74,139,...,...,...,100
106,私立,一般大學,1003,東吳大學,臺北市,1246,645,269,376,581,148,433,...,...,...,98.39
106,私立,一般大學,1004,中原大學,桃園市,2684,2684,1409,1275,0,0,0,...,...,...,100
106,私立,一般大學,1005,淡江大學學校財團法人淡江大學,新北市,317,317,136,181,0,0,0,...,...,...,100
106,私立,一般大學,1005,淡江大學學校財團法人淡江大學,宜蘭縣,2643,1146,14,1132,608,507,101,...,...,...,66.36
106,私立,一般大學,1006,中國文化大學,臺北市,2672,1724,695,1029,216,106,110,...,...,...,72.60
106,私立,一般大學,1007,逢甲大學,臺中市,3338,2031,798,1233,1168,1150,18,...,...,...,95.84
106,私立,一般大學,1008,靜宜大學,臺中市,2546,2037,716,1321,202,139,63,...,...,...,87.94
106,私立,一般大學,1009,長庚大學,桃園市,1098,1098,540,558,0,0,0,...,...,...,100
106,私立,一般大學,1010,元智大學,桃園市,1404,1306,721,585,33,33,0,...,...,...,95.37
106,私立,一般大學,1011,中華大學學校財團法人中華大學,新竹市,1090,1079,632,447,0,0,0,...,...,...,98.99
106,私立,一般大學,1012,大葉大學,彰化縣,1308,1308,503,805,0,0,0,...,...,...,100
106,私立,一般大學,1013,華梵大學,新北市,205,205,113,92,0,0,0,...,...,...,100
106,私立,一般大學,1014,義守大學,高雄市,2712,2264,1122,1142,448,220,228,...,...,...,100
106,私立,一般大學,1015,世新大學,新北市,544,0,0,0,171,43,128,...,...,...,31.43
106,私立,一般大學,1015,世新大學,臺北市,747,362,96,266,0,0,0,...,...,...,48.46
106,私立,一般大學,1016,銘傳大學,臺北市,400,328,124,204,53,47,6,...,...,...,95.25
106,私立,一般大學,1016,銘傳大學,金門縣,24,24,6,18,0,0,0,...,...,...,100
106,私立,一般大學,1016,銘傳大學,桃園市,1717,857,209,648,143,89,54,...,...,...,58.24
106,私立,一般大學,1017,實踐大學,臺北市,534,476,1,475,53,36,17,...,...,...,99.06
106,私立,一般大學,1017,實踐大學,高雄市,1107,702,1,701,405,405,0,...,...,...,100
106,私立,技專校院,1018,朝陽科技大學,臺中市,1548,398,180,218,1150,467,683,...,...,...,100
106,私立,一般大學,1019,高雄醫學大學,高雄市,1009,1009,416,593,0,0,0,...,...,...,100
106,私立,一般大學,1020,南華大學,嘉義縣,920,861,406,455,22,10,12,...,...,...,95.98
106,私立,一般大學,1021,真理大學,新北市,607,552,242,310,0,0,0,...,...,...,90.94
106,私立,一般大學,1021,真理大學,臺南市,5,2,2,0,0,0,0,...,...,...,40
106,私立,一般大學,1022,大同大學,臺北市,225,218,141,77,0,0,0,...,...,...,96.89
106,私立,技專校院,1023,南臺學校財團法人南臺科技大學,臺南市,2188,1861,963,898,0,0,0,...,...,...,85.05
106,私立,技專校院,1024,崑山科技大學,臺南市,1012,979,562,417,0,0,0,...,...,...,96.74
106,私立,技專校院,1025,嘉藥學校財團法人嘉南藥理大學,臺南市,2258,2145,859,1286,0,0,0,...,...,...,95
106,私立,技專校院,1026,樹德科技大學,高雄市,1208,1208,461,747,0,0,0,...,...,...,100
106,私立,一般大學,1027,慈濟學校財團法人慈濟大學,花蓮市,674,674,234,440,0,0,0,...,...,...,100
106,私立,一般大學,1028,臺北醫學大學,臺北市,549,499,214,285,21,13,8,...,...,...,94.72
106,私立,一般大學,1029,中山醫學大學,臺中市,1099,895,330,565,0,0,0,...,...,...,81.44
106,私立,技專校院,1030,龍華科技大學,桃園市,412,191,118,73,46,33,13,...,...,...,57.52
106,私立,技專校院,1031,輔英科技大學,高雄市,1003,1003,196,807,0,0,0,...,...,...,100
106,私立,技專校院,1032,明新學校財團法人明新科技大學,新竹縣,1063,830,482,348,0,0,0,...,...,...,78.08
106,私立,一般大學,1033,長榮大學,臺南市,1782,1497,645,852,0,0,0,...,...,...,84.01
106,私立,技專校院,1034,弘光科技大學,臺中市,595,88,1,87,507,188,319,...,...,...,100
106,私立,一般大學,1035,中國醫藥大學,臺中市,431,373,194,179,0,0,0,...,...,...,86.54
106,私立,一般大學,1035,中國醫藥大學,雲林縣,647,632,196,436,0,0,0,...,...,...,97.68
106,私立,技專校院,1036,健行學校財團法人健行科技大學,桃園市,347,339,223,116,0,0,0,...,...,...,97.69
106,私立,技專校院,1037,正修學校財團法人正修科技大學,高雄市,780,404,204,200,232,132,100,...,...,...,81.54
106,私立,技專校院,1038,萬能學校財團法人萬能科技大學,桃園市,549,351,176,175,158,75,83,...,...,...,92.71
106,私立,一般大學,1039,玄奘大學,新竹市,482,477,207,270,0,0,0,...,...,...,98.96
106,私立,技專校院,1040,建國科技大學,彰化縣,552,284,170,114,136,87,49,...,...,...,76.09
106,私立,技專校院,1041,明志科技大學,新北市,883,883,634,249,0,0,0,...,...,...,100
106,私立,技專校院,1042,高苑科技大學,高雄市,273,273,216,57,0,0,0,...,...,...,100
106,私立,技專校院,1043,大仁科技大學,屏東縣,470,470,166,304,0,0,0,...,...,...,100
106,私立,技專校院,1044,聖約翰科技大學,新北市,237,237,159,78,0,0,0,...,...,...,100
106,私立,技專校院,1045,嶺東科技大學,臺中市,513,371,0,371,0,0,0,...,...,...,72.32
106,私立,技專校院,1046,中國科技大學,新竹縣,348,344,151,193,0,0,0,...,...,...,98.85
106,私立,技專校院,1047,中臺科技大學,臺中市,599,560,213,347,0,0,0,...,...,...,93.49
106,私立,一般大學,1048,亞洲大學,臺中市,2154,2125,708,1417,0,0,0,...,...,...,98.65
106,私立,一般大學,1049,開南大學,桃園市,559,528,300,228,0,0,0,...,...,...,94.45
106,私立,一般大學,1050,佛光大學,宜蘭縣,725,588,253,335,105,78,27,...,...,...,95.59
106,私立,技專校院,1051,台南家專學校財團法人台南應用科技大學,臺南市,1870,904,153,751,234,87,147,...,...,...,60.86
106,私立,技專校院,1052,遠東科技大學,臺南市,568,568,385,183,0,0,0,...,...,...,100
106,私立,技專校院,1053,光宇學校財團法人元培醫事科技大學,新竹市,598,331,0,331,236,217,19,...,...,...,94.82
106,私立,技專校院,1054,景文科技大學,新北市,700,548,230,318,0,0,0,...,...,...,78.29
106,私立,技專校院,1055,中華醫事科技大學,臺南市,749,749,220,529,0,0,0,...,...,...,100
106,私立,技專校院,1056,東南科技大學,新北市,251,251,156,95,0,0,0,...,...,...,100
106,私立,技專校院,1057,德明財經科技大學,臺北市,331,272,36,236,59,52,7,...,...,...,100
106,私立,一般大學,1058,明道學校財團法人明道大學,彰化縣,522,371,222,149,157,62,95,...,...,...,100
106,私立,技專校院,1060,南開科技大學,南投縣,302,302,207,95,0,0,0,...,...,...,100
106,私立,技專校院,1061,中華學校財團法人中華科技大學,臺北市,100,100,61,39,0,0,0,...,...,...,100
106,私立,技專校院,1061,中華學校財團法人中華科技大學,新竹縣,228,228,144,84,0,0,0,...,...,...,100
106,私立,技專校院,1062,僑光科技大學,臺中市,571,477,107,370,0,0,0,...,...,...,83.54
106,私立,技專校院,1063,廣亞學校財團法人育達科技大學,苗栗縣,241,241,102,139,0,0,0,...,...,...,100
106,私立,技專校院,1064,美和學校財團法人美和科技大學,屏東縣,499,499,119,380,0,0,0,...,...,...,100
106,私立,技專校院,1065,吳鳳科技大學,嘉義縣,207,199,149,50,0,0,0,...,...,...,96.14
106,私立,技專校院,1066,環球學校財團法人環球科技大學,雲林縣,469,438,198,240,0,0,0,...,...,...,93.39
106,私立,一般大學,1067,台灣首府學校財團法人台灣首府大學,臺南市,204,204,95,109,0,0,0,...,...,...,100
106,私立,技專校院,1068,中州學校財團法人中州科技大學,彰化縣,180,161,97,64,0,0,0,...,...,...,89.44
106,私立,技專校院,1069,修平學校財團法人修平科技大學,臺中市,280,256,174,82,0,0,0,...,...,...,91.43
106,私立,技專校院,1070,長庚學校財團法人長庚科技大學,桃園市,1406,1406,115,1291,0,0,0,...,...,...,100
106,私立,技專校院,1070,長庚學校財團法人長庚科技大學,嘉義縣,514,514,44,470,0,0,0,...,...,...,100
106,私立,技專校院,1071,城市學校財團法人臺北城市科技大學,臺北市,599,599,337,262,0,0,0,...,...,...,100
106,私立,技專校院,1072,大華學校財團法人敏實科技大學,新竹縣,117,117,89,28,0,0,0,...,...,...,100
106,私立,技專校院,1073,醒吾學校財團法人醒吾科技大學,新北市,596,511,178,333,0,0,0,...,...,...,85.74
106,私立,技專校院,1074,南榮學校財團法人南榮科技大學,臺南市,31,31,19,12,0,0,0,...,...,...,100
106,私立,技專校院,1075,文藻學校財團法人文藻外語大學,高雄市,791,358,69,289,0,0,0,...,...,...,45.26
106,私立,技專校院,1076,華夏學校財團法人華夏科技大學,新北市,19,7,7,0,7,0,7,...,...,...,73.68
106,私立,技專校院,1077,慈濟學校財團法人慈濟科技大學,花蓮縣,592,585,138,447,0,0,0,...,...,...,98.82
106,私立,技專校院,1078,致理學校財團法人致理科技大學,新北市,535,381,67,314,0,0,0,...,...,...,71.22
106,私立,一般大學,1079,康寧學校財團法人康寧大學,臺南市,26,26,8,18,0,0,0,...,...,...,100
106,私立,一般大學,1079,康寧學校財團法人康寧大學,臺北市,270,270,36,234,0,0,0,...,...,...,100
106,私立,技專校院,1080,宏國學校財團法人宏國德霖科技大學,新北市,68,68,30,38,0,0,0,...,...,...,100
106,私立,技專校院,1081,東方學校財團法人東方設計大學,高雄市,298,298,165,133,0,0,0,...,...,...,100
106,私立,技專校院,1082,崇右學校財團法人崇右影藝科技大學,基隆市,131,131,53,78,0,0,0,...,...,...,100
106,私立,技專校院,1083,台北海洋學校財團法人台北海洋科技大學,臺北市,178,100,65,35,0,0,0,...,...,...,56.18
106,私立,技專校院,1083,台北海洋學校財團法人台北海洋科技大學,新北市,91,83,62,21,0,0,0,...,...,...,91.21
106,私立,一般大學,1125,中信學校財團法人中信金融管理學院,臺南市,150,150,72,78,0,0,0,...,...,...,100
106,私立,技專校院,1148,大漢技術學院,花蓮縣,18,18,9,9,0,0,0,...,...,...,100
106,私立,技專校院,1159,和春技術學院,高雄市,28,28,12,16,0,0,0,...,...,...,100
106,私立,技專校院,1166,亞東技術學院,新北市,109,70,41,29,0,0,0,...,...,...,64.22
106,私立,技專校院,1168,南亞科技學校財團法人南亞技術學院,桃園市,127,127,75,52,0,0,0,...,...,...,100
106,私立,一般大學,1176,稻江科技暨管理學院,嘉義縣,34,34,24,10,0,0,0,...,...,...,100
106,私立,技專校院,1182,蘭陽技術學院,宜蘭縣,63,63,35,28,0,0,0,...,...,...,100
106,私立,技專校院,1183,黎明技術學院,新北市,164,157,63,94,0,0,0,...,...,...,95.73
106,私立,技專校院,1185,經國管理暨健康學院,基隆市,211,211,50,161,0,0,0,...,...,...,100
106,私立,技專校院,1188,大同技術學院,嘉義市,70,70,18,52,0,0,0,...,...,...,100
106,私立,技專校院,1188,大同技術學院,嘉義縣,16,16,16,0,0,0,0,...,...,...,100
106,私立,技專校院,1189,亞太學校財團法人亞太創意技術學院,苗栗縣,1,1,1,0,0,0,0,...,...,...,100
106,私立,技專校院,1192,臺灣觀光學院,花蓮縣,23,23,8,15,0,0,0,...,...,...,100
106,私立,一般大學,1195,馬偕學校財團法人馬偕醫學院,新北市,121,121,39,82,0,0,0,...,...,...,100
106,私立,一般大學,1196,法鼓學校財團法人法鼓文理學院,新北市,52,52,10,42,0,0,0,...,...,...,100
106,私立,技專校院,1282,馬偕學校財團法人馬偕醫護管理專科學校,臺北市,147,147,32,115,0,0,0,...,...,...,100
106,私立,技專校院,1282,馬偕學校財團法人馬偕醫護管理專科學校,新北市,502,502,39,463,0,0,0,...,...,...,100
106,私立,技專校院,1283,仁德醫護管理專科學校,苗栗縣,716,699,127,572,0,0,0,...,...,...,97.63
106,私立,技專校院,1284,樹人醫護管理專科學校,高雄市,672,622,134,488,0,0,0,...,...,...,92.56
106,私立,技專校院,1285,慈惠醫護管理專科學校,屏東縣,226,158,0,158,68,40,28,...,...,...,100
106,私立,技專校院,1286,耕莘健康管理專科學校,新北市,457,457,8,449,0,0,0,...,...,...,100
106,私立,技專校院,1286,耕莘健康管理專科學校,宜蘭縣,370,370,66,304,0,0,0,...,...,...,100
106,私立,技專校院,1287,敏惠醫護管理專科學校,臺南市,440,414,51,363,0,0,0,...,...,...,94.09
106,私立,技專校院,1288,高美醫護管理專科學校,高雄市,5,5,1,4,0,0,0,...,...,...,100
106,私立,技專校院,1289,育英醫護管理專科學校,高雄市,48,48,3,45,0,0,0,...,...,...,100
106,私立,技專校院,1290,崇仁醫護管理專科學校,嘉義市,129,129,21,108,0,0,0,...,...,...,100
106,私立,技專校院,1290,崇仁醫護管理專科學校,嘉義縣,283,283,25,258,0,0,0,...,...,...,100
106,私立,技專校院,1291,聖母醫護管理專科學校,宜蘭縣,361,361,49,312,0,0,0,...,...,...,100
106,私立,技專校院,1292,新生醫護管理專科學校,桃園市,346,339,35,304,0,0,0,...,...,...,97.98
106,私立,宗教研修學院,1R02,學校財團法人中華浸信會基督教台灣浸會神學院,臺北市,9,9,4,5,0,0,0,...,...,...,100
106,私立,宗教研修學院,1R03,臺北基督學院,新北市,21,21,10,11,0,0,0,...,...,...,100
106,私立,宗教研修學院,1R05,台神學校財團法人台灣神學研究學院,臺北市,22,22,8,14,0,0,0,...,...,...,100
106,公立,一般大學,3002,臺北市立大學,臺北市,805,668,299,369,0,0,0,...,...,...,82.98
107,公立,一般大學,0001,國立政治大學,臺北市,2647,2272,908,1364,0,0,0,229,117,112,90.84
107,公立,一般大學,0002,國立清華大學,新竹市,2864,2786,1575,1211,0,0,0,"1,948","1,237",711,58.85
107,公立,一般大學,0003,國立臺灣大學,臺北市,4486,2833,1597,1236,0,0,0,30,17,13,98.95
107,公立,一般大學,0004,國立臺灣師範大學,臺北市,1224,1224,518,706,0,0,0,40,15,25,96.84
107,公立,一般大學,0005,國立成功大學,臺南市,3341,3036,1817,1219,0,0,0,"3,446","2,312","1,134",46.84
107,公立,一般大學,0006,國立中興大學,臺中市,2144,1845,1057,788,0,0,0,718,434,284,71.99
107,公立,一般大學,0007,國立陽明交通大學,新竹市,2328,2328,1504,824,0,0,0,"1,346","1,014",332,63.36
107,公立,一般大學,0007,國立陽明交通大學,臺南市,62,62,56,6,0,0,0,52,45,7,54.39
107,公立,一般大學,0008,國立中央大學,桃園市,2033,2033,1249,784,0,0,0,0,0,0,100
107,公立,一般大學,0009,國立中山大學,高雄市,1647,1647,1116,531,0,0,0,313,218,95,84.03
107,公立,一般大學,0012,國立臺灣海洋大學,基隆市,1559,1444,966,478,0,0,0,339,224,115,80.99
107,公立,一般大學,0013,國立中正大學,嘉義縣,2157,1936,1040,896,0,0,0,"1,167",750,417,62.39
107,公立,一般大學,0014,國立高雄師範大學,高雄市,860,860,448,412,0,0,0,8,4,4,99.08
107,公立,一般大學,0015,國立彰化師範大學,彰化縣,1337,1239,628,611,0,0,0,230,105,125,84.34
107,公立,一般大學,0016,國立陽明大學,臺北市,334,334,185,149,0,0,0,0,0,0,100
107,公立,一般大學,0017,國立臺北大學,新北市,1258,922,377,545,0,0,0,408,183,225,69.32
107,公立,一般大學,0017,國立臺北大學,臺北市,126,126,54,72,0,0,0,0,0,0,100
107,公立,一般大學,0018,國立嘉義大學,嘉義縣,550,550,194,356,0,0,0,6,3,3,98.92
107,公立,一般大學,0018,國立嘉義大學,嘉義市,1823,1673,916,757,0,0,0,12,7,5,99.29
107,公立,一般大學,0019,國立高雄大學,高雄市,1129,1038,563,475,0,0,0,16,7,9,98.48
107,公立,一般大學,0020,國立東華大學,花蓮縣,2144,2147,974,1173,0,0,0,155,83,72,93.27
107,公立,一般大學,0021,國立暨南國際大學,南投縣,1205,1193,524,669,0,0,0,2,0,2,99.83
107,公立,技專校院,0022,國立臺灣科技大學,臺北市,1338,1333,897,436,0,0,0,873,635,238,60.43
107,公立,技專校院,0023,國立雲林科技大學,雲林縣,1571,1440,845,595,0,0,0,179,98,81,88.94
107,公立,技專校院,0024,國立屏東科技大學,屏東縣,2095,2048,1075,973,0,0,0,33,27,6,98.41
107,公立,技專校院,0025,國立臺北科技大學,臺北市,1278,1155,736,419,35,35,0,110,89,21,91.54
107,公立,一般大學,0028,國立臺北藝術大學,臺北市,516,481,150,331,0,0,0,17,6,11,96.59
107,公立,一般大學,0029,國立臺灣藝術大學,新北市,571,463,117,346,0,0,0,102,27,75,81.95
107,公立,一般大學,0030,國立臺東大學,臺東縣,873,860,412,448,0,0,0,152,66,86,84.98
107,公立,一般大學,0031,國立宜蘭大學,宜蘭縣,994,994,612,382,0,0,0,43,30,13,95.85
107,公立,一般大學,0032,國立聯合大學,苗栗縣,1339,1339,910,429,0,0,0,31,26,5,97.74
107,公立,技專校院,0033,國立虎尾科技大學,雲林縣,1723,1527,1145,382,0,0,0,364,336,28,80.75
107,公立,一般大學,0035,國立臺南藝術大學,臺南市,350,301,80,221,0,0,0,57,19,38,84.08
107,公立,一般大學,0036,國立臺南大學,臺南市,782,769,358,411,0,0,0,82,37,45,90.36
107,公立,一般大學,0037,國立臺北教育大學,臺北市,372,370,109,261,0,0,0,0,0,0,100
107,公立,一般大學,0039,國立臺中教育大學,臺中市,728,728,245,483,0,0,0,17,9,8,97.72
107,公立,技專校院,0042,國立澎湖科技大學,澎湖縣,614,523,279,244,0,0,0,146,133,13,78.18
107,公立,技專校院,0043,國立勤益科技大學,臺中市,1146,806,415,391,52,39,13,472,443,29,64.51
107,公立,一般大學,0044,國立體育大學,桃園市,447,394,266,128,0,0,0,5,2,3,98.75
107,公立,技專校院,0046,國立臺北護理健康大學,臺北市,698,615,103,512,0,0,0,0,0,0,100
107,公立,技專校院,0047,國立高雄餐旅大學,高雄市,976,976,297,679,0,0,0,734,263,471,57.08
107,公立,一般大學,0048,國立金門大學,金門縣,684,647,305,342,37,15,22,52,27,25,92.93
107,公立,一般大學,0049,國立臺灣體育運動大學,臺中市,453,453,263,190,0,0,0,75,47,28,85.80
107,公立,技專校院,0050,國立臺中科技大學,臺中市,1216,1020,126,894,0,0,0,571,286,285,64.11
107,公立,技專校院,0051,國立臺北商業大學,桃園市,238,238,59,179,0,0,0,11,1,10,95.58
107,公立,一般大學,0052,國立屏東大學,屏東縣,1462,1462,560,902,0,0,0,43,24,19,97.14
107,公立,技專校院,0053,國立高雄科技大學,高雄市,4243,3098,1562,1536,0,0,0,"1,225",833,392,71.66
107,公立,技專校院,0144,國立臺灣戲曲學院,臺北市,101,94,32,62,0,0,0,11,2,9,89.52
107,公立,技專校院,0221,國立臺南護理專科學校,臺南市,201,201,17,184,0,0,0,0,0,0,100
107,公立,技專校院,0222,國立臺東專科學校,臺東縣,290,276,194,82,0,0,0,13,10,3,95.50
107,私立,一般大學,1001,東海大學,臺中市,3529,3179,1384,1795,0,0,0,16,11,5,99.50
107,私立,一般大學,1002,輔仁大學,新北市,1657,1436,533,903,221,78,143,"1,462",621,841,53.13
107,私立,一般大學,1003,東吳大學,臺北市,1260,678,276,402,569,197,372,364,149,215,77.41
107,私立,一般大學,1004,中原大學,桃園市,2578,2578,1335,1243,0,0,0,468,282,186,84.64
107,私立,一般大學,1005,淡江大學學校財團法人淡江大學,新北市,2390,1140,0,1140,725,550,175,"2,600","1,550","1,050",41.77
107,私立,一般大學,1005,淡江大學學校財團法人淡江大學,宜蘭縣,287,287,117,170,0,0,0,0,0,0,100
107,私立,一般大學,1006,中國文化大學,臺北市,2136,1737,628,1109,0,0,0,908,609,299,65.67
107,私立,一般大學,1007,逢甲大學,臺中市,3196,1913,624,1289,1213,1192,21,100,78,22,96.90
107,私立,一般大學,1008,靜宜大學,臺中市,2378,2263,788,1475,265,145,120,84,28,56,96.78
107,私立,一般大學,1009,長庚大學,桃園市,1078,1078,515,563,0,0,0,7,4,3,99.35
107,私立,一般大學,1010,元智大學,桃園市,1208,1274,728,546,0,0,0,670,340,330,65.54
107,私立,一般大學,1011,中華大學學校財團法人中華大學,新竹市,1105,1036,658,378,0,0,0,33,20,13,96.91
107,私立,一般大學,1012,大葉大學,彰化縣,1312,1312,505,807,0,0,0,255,170,85,83.73
107,私立,一般大學,1013,華梵大學,新北市,180,240,134,106,0,0,0,6,4,2,97.56
107,私立,一般大學,1014,義守大學,高雄市,2842,2312,1114,1198,530,229,301,34,19,15,98.82
107,私立,一般大學,1015,世新大學,新北市,160,93,36,57,8,0,8,77,24,53,56.74
107,私立,一般大學,1015,世新大學,臺北市,642,353,89,264,84,42,42,226,87,139,65.91
107,私立,一般大學,1016,銘傳大學,桃園市,1479,900,262,638,0,0,0,662,397,265,57.62
107,私立,一般大學,1016,銘傳大學,臺北市,349,166,66,100,53,40,13,105,35,70,67.59
107,私立,一般大學,1016,銘傳大學,金門縣,80,80,38,42,0,0,0,0,0,0,100
107,私立,一般大學,1017,實踐大學,臺北市,520,471,1,470,49,42,7,60,48,12,89.66
107,私立,一般大學,1017,實踐大學,高雄市,1180,821,1,820,359,359,0,8,3,5,99.33
107,私立,技專校院,1018,朝陽科技大學,臺中市,1808,238,110,128,1248,472,776,322,147,175,82.19
107,私立,一般大學,1019,高雄醫學大學,高雄市,1047,947,365,582,0,0,0,60,34,26,94.04
107,私立,一般大學,1020,南華大學,嘉義縣,1125,1047,454,593,73,59,14,21,15,6,98.16
107,私立,一般大學,1021,真理大學,新北市,887,650,233,417,0,0,0,0,0,0,100
107,私立,一般大學,1022,大同大學,臺北市,206,206,132,74,0,0,0,0,0,0,100
107,私立,技專校院,1023,南臺學校財團法人南臺科技大學,臺南市,2127,1916,1023,893,0,0,0,413,252,161,82.27
107,私立,技專校院,1024,崑山科技大學,臺南市,1017,917,475,442,0,0,0,"1,025",545,480,47.22
107,私立,技專校院,1025,嘉藥學校財團法人嘉南藥理大學,臺南市,2039,1963,709,1254,27,21,6,277,141,136,87.78
107,私立,技專校院,1026,樹德科技大學,高雄市,1453,1453,585,868,0,0,0,142,62,80,91.10
107,私立,一般大學,1027,慈濟學校財團法人慈濟大學,花蓮縣,639,639,193,446,0,0,0,176,93,83,78.40
107,私立,一般大學,1028,臺北醫學大學,臺北市,544,493,209,284,38,20,18,30,14,16,94.65
107,私立,一般大學,1029,中山醫學大學,臺中市,1065,832,236,596,0,0,0,134,82,52,86.13
107,私立,技專校院,1030,龍華科技大學,桃園市,396,396,244,152,0,0,0,89,73,16,81.65
107,私立,技專校院,1031,輔英科技大學,高雄市,1087,1087,212,875,0,0,0,206,18,188,84.07
107,私立,技專校院,1032,明新學校財團法人明新科技大學,新竹縣,1290,1163,689,474,0,0,0,92,50,42,92.67
107,私立,一般大學,1033,長榮大學,臺南市,1731,1731,650,1081,0,0,0,71,30,41,96.06
107,私立,技專校院,1034,弘光科技大學,臺中市,495,65,0,65,430,123,307,768,170,598,39.19
107,私立,一般大學,1035,中國醫藥大學,雲林縣,689,635,189,446,0,0,0,0,0,0,100
107,私立,一般大學,1035,中國醫藥大學,臺中市,468,369,192,177,0,0,0,18,11,7,95.35
107,私立,技專校院,1036,健行學校財團法人健行科技大學,桃園市,601,563,371,192,278,203,75,86,61,25,90.72
107,私立,技專校院,1037,正修學校財團法人正修科技大學,高雄市,1064,500,245,255,396,237,159,18,8,10,98.03
107,私立,技專校院,1038,萬能學校財團法人萬能科技大學,桃園市,678,540,273,267,138,96,42,21,18,3,97
107,私立,一般大學,1039,玄奘大學,新竹市,431,431,152,279,0,0,0,68,25,43,86.37
107,私立,技專校院,1040,建國科技大學,彰化縣,701,362,210,152,282,214,68,44,19,25,93.60
107,私立,技專校院,1041,明志科技大學,新北市,898,898,658,240,0,0,0,0,0,0,100
107,私立,技專校院,1042,高苑科技大學,高雄市,635,635,473,162,0,0,0,10,6,4,98.45
107,私立,技專校院,1043,大仁科技大學,屏東縣,378,378,118,260,0,0,0,63,37,26,85.71
107,私立,技專校院,1044,聖約翰科技大學,新北市,229,227,155,72,0,0,0,62,43,19,78.55
107,私立,技專校院,1045,嶺東科技大學,臺中市,1071,987,328,659,0,0,0,184,61,123,84.29
107,私立,技專校院,1046,中國科技大學,新竹縣,322,322,144,178,0,0,0,10,7,3,96.99
107,私立,技專校院,1047,中臺科技大學,臺中市,679,591,225,366,0,0,0,122,38,84,82.89
107,私立,一般大學,1048,亞洲大學,臺中市,2227,2058,703,1355,0,0,0,36,15,21,98.28
107,私立,一般大學,1049,開南大學,桃園市,480,429,220,209,0,0,0,82,23,59,83.95
107,私立,一般大學,1050,佛光大學,宜蘭縣,729,630,227,403,99,86,13,0,0,0,100
107,私立,技專校院,1051,台南家專學校財團法人台南應用科技大學,臺南市,1727,922,193,729,259,101,158,571,89,482,67.41
107,私立,技專校院,1052,遠東科技大學,臺南市,628,628,402,226,0,0,0,72,45,27,89.71
107,私立,技專校院,1053,光宇學校財團法人元培醫事科技大學,新竹市,679,348,0,348,223,200,23,175,98,77,76.54
107,私立,技專校院,1054,景文科技大學,新北市,609,551,197,354,0,0,0,33,15,18,94.35
107,私立,技專校院,1055,中華醫事科技大學,臺南市,940,940,347,593,0,0,0,139,39,100,87.12
107,私立,技專校院,1056,東南科技大學,新北市,299,299,218,81,0,0,0,176,109,67,62.95
107,私立,技專校院,1057,德明財經科技大學,臺北市,342,242,26,216,76,76,0,53,25,28,85.71
107,私立,一般大學,1058,明道學校財團法人明道大學,彰化縣,513,282,209,73,231,142,89,18,10,8,96.61
107,私立,技專校院,1060,南開科技大學,南投縣,380,329,216,113,2,2,0,358,256,102,48.04
107,私立,技專校院,1061,中華學校財團法人中華科技大學,新竹縣,242,242,180,62,0,0,0,16,7,9,93.80
107,私立,技專校院,1061,中華學校財團法人中華科技大學,臺北市,95,95,61,34,0,0,0,11,8,3,89.62
107,私立,技專校院,1062,僑光科技大學,臺中市,785,530,170,360,0,0,0,220,83,137,70.67
107,私立,技專校院,1063,廣亞學校財團法人育達科技大學,苗栗縣,516,516,213,303,0,0,0,216,121,95,70.49
107,私立,技專校院,1064,美和學校財團法人美和科技大學,屏東縣,274,274,46,228,0,0,0,17,5,12,94.16
107,私立,技專校院,1065,吳鳳科技大學,嘉義縣,284,274,210,64,0,0,0,33,23,10,89.25
107,私立,技專校院,1066,環球學校財團法人環球科技大學,雲林縣,375,368,162,206,0,0,0,99,56,43,78.80
107,私立,一般大學,1067,台灣首府學校財團法人台灣首府大學,臺南市,230,230,135,95,0,0,0,1,1,0,99.57
107,私立,技專校院,1068,中州學校財團法人中州科技大學,彰化縣,167,167,81,86,0,0,0,0,0,0,100
107,私立,技專校院,1069,修平學校財團法人修平科技大學,臺中市,466,414,290,124,0,0,0,85,63,22,82.97
107,私立,技專校院,1070,長庚學校財團法人長庚科技大學,桃園市,1380,1380,129,1251,0,0,0,19,7,12,98.64
107,私立,技專校院,1070,長庚學校財團法人長庚科技大學,嘉義縣,482,482,40,442,0,0,0,19,2,17,96.21
107,私立,技專校院,1071,城市學校財團法人臺北城市科技大學,臺北市,631,631,373,258,0,0,0,81,45,36,88.62
107,私立,技專校院,1073,醒吾學校財團法人醒吾科技大學,新北市,397,389,144,245,0,0,0,122,47,75,76.13
107,私立,技專校院,1075,文藻學校財團法人文藻外語大學,高雄市,767,382,89,293,0,0,0,486,134,352,44.01
107,私立,技專校院,1076,華夏學校財團法人華夏科技大學,新北市,109,0,0,0,109,59,50,4,3,1,96.46
107,私立,技專校院,1077,慈濟學校財團法人慈濟科技大學,花蓮縣,589,584,123,461,0,0,0,35,6,29,94.35
107,私立,技專校院,1078,致理學校財團法人致理科技大學,新北市,512,375,85,290,0,0,0,36,10,26,91.24
107,私立,一般大學,1079,康寧學校財團法人康寧大學,臺北市,285,273,26,247,0,0,0,1,0,1,99.64
107,私立,一般大學,1079,康寧學校財團法人康寧大學,臺南市,68,68,50,18,0,0,0,9,8,1,88.31
107,私立,技專校院,1080,宏國學校財團法人宏國德霖科技大學,新北市,105,105,64,41,0,0,0,3,3,0,97.22
107,私立,技專校院,1081,東方學校財團法人東方設計大學,高雄市,96,96,40,56,0,0,0,0,0,0,100
107,私立,技專校院,1082,崇右學校財團法人崇右影藝科技大學,基隆市,238,238,99,139,0,0,0,43,20,23,84.70
107,私立,技專校院,1083,台北海洋學校財團法人台北海洋科技大學,新北市,192,176,68,108,0,0,0,112,52,60,61.11
107,私立,技專校院,1083,台北海洋學校財團法人台北海洋科技大學,臺北市,162,162,115,47,0,0,0,105,37,68,60.67
107,私立,一般大學,1125,中信學校財團法人中信金融管理學院,臺南市,196,196,113,83,0,0,0,0,0,0,100
107,私立,技專校院,1148,大漢技術學院,花蓮縣,17,17,6,11,0,0,0,2,1,1,89.47
107,私立,技專校院,1159,和春技術學院,高雄市,18,18,11,7,0,0,0,0,0,0,100
107,私立,技專校院,1166,亞東技術學院,新北市,123,87,49,38,0,0,0,45,22,23,65.91
107,私立,技專校院,1168,南亞科技學校財團法人南亞技術學院,桃園市,207,207,140,67,0,0,0,9,3,6,95.83
107,私立,一般大學,1176,稻江科技暨管理學院,嘉義縣,63,63,28,35,0,0,0,4,4,0,94.03
107,私立,技專校院,1182,蘭陽技術學院,宜蘭縣,107,107,58,49,0,0,0,35,11,24,75.35
107,私立,技專校院,1183,黎明技術學院,新北市,328,247,121,126,74,74,0,9,5,4,97.27
107,私立,技專校院,1185,經國管理暨健康學院,基隆市,274,274,80,194,0,0,0,14,2,12,95.14
107,私立,技專校院,1188,大同技術學院,嘉義縣,29,29,29,0,0,0,0,0,0,0,100
107,私立,技專校院,1188,大同技術學院,嘉義市,46,46,18,28,0,0,0,17,11,6,73.02
107,私立,技專校院,1192,臺灣觀光學院,花蓮縣,26,26,23,3,0,0,0,0,0,0,100
107,私立,一般大學,1195,馬偕學校財團法人馬偕醫學院,新北市,159,159,47,112,0,0,0,1,1,0,99.38
107,私立,一般大學,1196,法鼓學校財團法人法鼓文理學院,新北市,54,54,13,41,0,0,0,0,0,0,100
107,私立,技專校院,1282,馬偕學校財團法人馬偕醫護管理專科學校,新北市,477,477,34,443,0,0,0,0,0,0,100
107,私立,技專校院,1282,馬偕學校財團法人馬偕醫護管理專科學校,臺北市,529,529,29,500,0,0,0,0,0,0,100
107,私立,技專校院,1283,仁德醫護管理專科學校,苗栗縣,659,642,117,525,0,0,0,11,5,6,98.32
107,私立,技專校院,1284,樹人醫護管理專科學校,高雄市,691,677,138,539,0,0,0,0,0,0,100
107,私立,技專校院,1285,慈惠醫護管理專科學校,屏東縣,123,123,0,123,0,0,0,0,0,0,100
107,私立,技專校院,1286,耕莘健康管理專科學校,新北市,382,382,6,376,0,0,0,0,0,0,100
107,私立,技專校院,1286,耕莘健康管理專科學校,宜蘭縣,301,301,48,253,0,0,0,0,0,0,100
107,私立,技專校院,1287,敏惠醫護管理專科學校,臺南市,397,397,50,347,0,0,0,5,0,5,98.76
107,私立,技專校院,1291,聖母醫護管理專科學校,宜蘭縣,338,338,49,289,0,0,0,1,0,1,99.71
107,私立,技專校院,1292,新生醫護管理專科學校,桃園市,376,364,35,329,0,0,0,1,0,1,99.73
107,私立,技專校院,1293,崇仁醫護管理專科學校,嘉義縣,290,290,23,267,0,0,0,5,1,4,98.31
107,私立,技專校院,1293,崇仁醫護管理專科學校,嘉義市,96,96,20,76,0,0,0,3,1,2,96.97
107,私立,宗教研修學院,1R02,學校財團法人中華浸信會基督教台灣浸會神學院,臺北市,12,12,3,9,0,0,0,0,0,0,100
107,私立,宗教研修學院,1R03,臺北基督學院,新北市,22,22,10,12,0,0,0,0,0,0,100
107,私立,宗教研修學院,1R05,台神學校財團法人台灣神學研究學院,臺北市,31,31,11,20,0,0,0,2,0,2,93.94
107,私立,宗教研修學院,1R07,台灣基督長老教會南神神學院,臺南市,9,0,0,0,9,5,4,0,0,0,100
107,公立,一般大學,3002,臺北市立大學,臺北市,671,671,301,370,0,0,0,10,7,3,98.53
108,公立,一般大學,0001,國立政治大學,臺北市,2707,2375,922,1453,0,0,0,269,140,129,89.83
108,公立,一般大學,0002,國立清華大學,新竹市,3052,2886,1598,1288,0,0,0,"1,850","1,214",636,60.94
108,公立,一般大學,0003,國立臺灣大學,臺北市,4105,2853,1587,1266,0,0,0,"1,144",702,442,71.38
108,公立,一般大學,0004,國立臺灣師範大學,臺北市,2110,1595,657,938,0,0,0,29,10,19,98.21
108,公立,一般大學,0005,國立成功大學,臺南市,3854,3131,1918,1213,0,0,0,"1,249",866,383,71.48
108,公立,一般大學,0006,國立中興大學,臺中市,2015,1920,1037,883,0,0,0,"1,671","1,046",625,53.47
108,公立,一般大學,0007,國立陽明交通大學,新竹市,2264,2264,1454,810,0,0,0,"1,726","1,233",493,56.74
108,公立,一般大學,0007,國立陽明交通大學,臺南市,86,86,70,16,0,0,0,69,62,7,55.48
108,公立,一般大學,0008,國立中央大學,桃園市,1953,1953,1165,788,0,0,0,0,0,0,100
108,公立,一般大學,0009,國立中山大學,高雄市,1721,1721,836,885,0,0,0,424,292,132,80.23
108,公立,一般大學,0012,國立臺灣海洋大學,基隆市,1608,1454,970,484,0,0,0,320,211,109,81.96
108,公立,一般大學,0013,國立中正大學,嘉義縣,2113,1899,1018,881,0,0,0,"1,034",645,389,64.75
108,公立,一般大學,0014,國立高雄師範大學,高雄市,805,805,419,386,0,0,0,6,3,3,99.26
108,公立,一般大學,0015,國立彰化師範大學,彰化縣,1312,1191,614,577,0,0,0,230,105,125,83.81
108,公立,一般大學,0016,國立陽明大學,臺北市,364,364,165,199,0,0,0,0,0,0,100
108,公立,一般大學,0017,國立臺北大學,新北市,1268,908,360,548,0,0,0,418,186,232,68.48
108,公立,一般大學,0017,國立臺北大學,臺北市,80,80,32,48,0,0,0,0,0,0,100
108,公立,一般大學,0018,國立嘉義大學,嘉義縣,557,538,182,356,0,0,0,3,1,2,99.45
108,公立,一般大學,0018,國立嘉義大學,嘉義市,1521,1398,799,599,0,0,0,11,6,5,99.22
108,公立,一般大學,0019,國立高雄大學,高雄市,1121,996,540,456,0,0,0,34,10,24,96.70
108,公立,一般大學,0020,國立東華大學,花蓮縣,2119,2117,1001,1116,0,0,0,179,108,71,92.20
108,公立,一般大學,0021,國立暨南國際大學,南投縣,1161,1161,553,608,0,0,0,140,90,50,89.24
108,公立,技專校院,0022,國立臺灣科技大學,臺北市,1367,1356,901,455,0,0,0,223,125,98,85.88
108,公立,技專校院,0023,國立雲林科技大學,雲林縣,1535,1412,858,554,0,0,0,136,83,53,91.21
108,公立,技專校院,0024,國立屏東科技大學,屏東縣,2079,1987,982,1005,0,0,0,42,34,8,97.93
108,公立,技專校院,0025,國立臺北科技大學,臺北市,1503,1376,913,463,68,68,0,37,23,14,97.50
108,公立,一般大學,0028,國立臺北藝術大學,臺北市,509,509,187,322,0,0,0,14,5,9,97.32
108,公立,一般大學,0029,國立臺灣藝術大學,新北市,597,435,140,295,0,0,0,93,34,59,82.39
108,公立,一般大學,0030,國立臺東大學,臺東縣,873,873,432,441,0,0,0,156,69,87,84.84
108,公立,一般大學,0031,國立宜蘭大學,宜蘭縣,1017,1017,630,387,0,0,0,51,33,18,95.22
108,公立,一般大學,0032,國立聯合大學,苗栗縣,1336,1336,931,405,0,0,0,288,207,81,82.27
108,公立,技專校院,0033,國立虎尾科技大學,雲林縣,1723,1327,951,376,0,0,0,343,307,36,79.46
108,公立,一般大學,0035,國立臺南藝術大學,臺南市,283,283,86,197,0,0,0,0,0,0,100
108,公立,一般大學,0036,國立臺南大學,臺南市,765,765,350,415,0,0,0,73,33,40,91.29
108,公立,一般大學,0037,國立臺北教育大學,臺北市,394,394,106,288,0,0,0,9,2,7,97.77
108,公立,一般大學,0039,國立臺中教育大學,臺中市,680,660,256,404,0,0,0,17,6,11,97.49
108,公立,技專校院,0042,國立澎湖科技大學,澎湖縣,668,639,397,242,0,0,0,79,38,41,89
108,公立,技專校院,0043,國立勤益科技大學,臺中市,1112,803,422,381,5,0,5,478,463,15,62.83
108,公立,一般大學,0044,國立體育大學,桃園市,447,393,265,128,0,0,0,5,2,3,98.74
108,公立,技專校院,0046,國立臺北護理健康大學,臺北市,720,682,122,560,0,0,0,0,0,0,100
108,公立,技專校院,0047,國立高雄餐旅大學,高雄市,1013,1013,313,700,0,0,0,249,83,166,80.27
108,公立,一般大學,0048,國立金門大學,金門縣,694,662,349,313,32,10,22,50,30,20,93.28
108,公立,一般大學,0049,國立臺灣體育運動大學,臺中市,495,437,240,197,0,0,0,71,57,14,86.02
108,公立,技專校院,0050,國立臺中科技大學,臺中市,1208,975,122,853,0,0,0,530,282,248,64.78
108,公立,技專校院,0051,國立臺北商業大學,桃園市,232,232,64,168,0,0,0,217,63,154,51.67
108,公立,技專校院,0051,國立臺北商業大學,新北市,329,0,0,0,205,47,158,85,25,60,70.69
108,公立,一般大學,0052,國立屏東大學,屏東縣,1473,1473,585,888,0,0,0,40,22,18,97.36
108,公立,技專校院,0053,國立高雄科技大學,高雄市,4337,3321,1644,1677,0,0,0,943,841,102,77.88
108,公立,技專校院,0144,國立臺灣戲曲學院,臺北市,92,92,25,67,0,0,0,5,3,2,94.85
108,公立,技專校院,0221,國立臺南護理專科學校,臺南市,217,217,17,200,0,0,0,0,0,0,100
108,公立,技專校院,0222,國立臺東專科學校,臺東縣,320,277,200,77,0,0,0,34,28,6,89.07
108,私立,一般大學,1001,東海大學,臺中市,3518,3058,1266,1792,0,0,0,8,5,3,99.74
108,私立,一般大學,1002,輔仁大學,新北市,1577,1577,602,975,0,0,0,"1,167",514,653,57.47
108,私立,一般大學,1003,東吳大學,臺北市,1389,596,213,383,608,217,391,333,148,185,78.33
108,私立,一般大學,1004,中原大學,桃園市,2641,2575,1335,1240,0,0,0,442,280,162,85.35
108,私立,一般大學,1005,淡江大學學校財團法人淡江大學,新北市,2732,1137,0,1137,706,541,165,"1,823","1,120",703,50.27
108,私立,一般大學,1005,淡江大學學校財團法人淡江大學,宜蘭縣,272,272,124,148,0,0,0,0,0,0,100
108,私立,一般大學,1006,中國文化大學,臺北市,2223,2107,817,1290,0,0,0,494,402,92,81.01
108,私立,一般大學,1007,逢甲大學,臺中市,3237,2003,717,1286,1088,1067,21,111,67,44,96.53
108,私立,一般大學,1008,靜宜大學,臺中市,2221,1880,682,1198,315,146,169,124,41,83,94.65
108,私立,一般大學,1009,長庚大學,桃園市,1081,1081,506,575,0,0,0,8,1,7,99.27
108,私立,一般大學,1010,元智大學,桃園市,1266,1255,714,541,0,0,0,70,40,30,94.72
108,私立,一般大學,1011,中華大學學校財團法人中華大學,新竹市,919,862,562,300,0,0,0,22,14,8,97.51
108,私立,一般大學,1012,大葉大學,彰化縣,1118,1118,497,621,0,0,0,290,190,100,79.40
108,私立,一般大學,1013,華梵大學,新北市,91,91,54,37,0,0,0,3,3,0,96.81
108,私立,一般大學,1014,義守大學,高雄市,2886,2336,1196,1140,550,276,274,65,30,35,97.80
108,私立,一般大學,1015,世新大學,新北市,229,74,28,46,156,47,109,71,22,49,76.41
108,私立,一般大學,1015,世新大學,臺北市,362,310,86,224,52,52,0,211,81,130,63.18
108,私立,一般大學,1016,銘傳大學,新北市,79,0,0,0,79,35,44,0,0,0,100
108,私立,一般大學,1016,銘傳大學,臺北市,545,542,198,344,0,0,0,91,28,63,85.62
108,私立,一般大學,1016,銘傳大學,金門縣,35,35,12,23,0,0,0,0,0,0,100
108,私立,一般大學,1016,銘傳大學,桃園市,1436,977,265,712,442,216,226,321,173,148,81.55
108,私立,一般大學,1017,實踐大學,臺北市,537,471,2,469,66,41,25,60,48,12,89.95
108,私立,一般大學,1017,實踐大學,高雄市,1200,783,4,779,382,376,6,27,14,13,97.73
108,私立,技專校院,1018,朝陽科技大學,臺中市,1681,310,114,196,950,341,609,645,282,363,66.14
108,私立,一般大學,1019,高雄醫學大學,高雄市,907,891,359,532,0,0,0,86,41,45,91.20
108,私立,一般大學,1020,南華大學,嘉義縣,1079,1017,442,575,62,47,15,14,11,3,98.72
108,私立,一般大學,1021,真理大學,新北市,740,602,229,373,0,0,0,73,53,20,89.19
108,私立,一般大學,1022,大同大學,臺北市,249,249,176,73,0,0,0,0,0,0,100
108,私立,技專校院,1023,南臺學校財團法人南臺科技大學,臺南市,2174,1972,1028,944,0,0,0,432,289,143,82.03
108,私立,技專校院,1024,崑山科技大學,臺南市,1039,1039,574,465,0,0,0,612,314,298,62.93
108,私立,技專校院,1025,嘉藥學校財團法人嘉南藥理大學,臺南市,1975,1842,661,1181,57,43,14,368,204,164,83.77
108,私立,技專校院,1026,樹德科技大學,高雄市,1270,1270,488,782,0,0,0,133,58,75,90.52
108,私立,一般大學,1027,慈濟學校財團法人慈濟大學,花蓮縣,690,690,247,443,0,0,0,175,72,103,79.77
108,私立,一般大學,1028,臺北醫學大學,臺北市,568,521,221,300,28,10,18,30,16,14,94.82
108,私立,一般大學,1029,中山醫學大學,臺中市,993,851,256,595,0,0,0,187,80,107,81.98
108,私立,技專校院,1030,龍華科技大學,桃園市,565,464,304,160,0,0,0,137,112,25,77.20
108,私立,技專校院,1031,輔英科技大學,高雄市,999,999,195,804,0,0,0,252,37,215,79.86
108,私立,技專校院,1032,明新學校財團法人明新科技大學,新竹縣,632,609,369,240,0,0,0,104,63,41,85.41
108,私立,一般大學,1033,長榮大學,臺南市,1707,1625,695,930,0,0,0,52,22,30,96.90
108,私立,技專校院,1034,弘光科技大學,臺中市,540,64,0,64,476,148,328,"1,052",211,841,33.92
108,私立,一般大學,1035,中國醫藥大學,臺中市,382,366,176,190,0,0,0,86,52,34,80.97
108,私立,一般大學,1035,中國醫藥大學,雲林縣,613,607,173,434,0,0,0,4,1,3,99.35
108,私立,技專校院,1036,健行學校財團法人健行科技大學,桃園市,410,380,261,119,0,0,0,81,42,39,82.43
108,私立,技專校院,1037,正修學校財團法人正修科技大學,高雄市,860,476,250,226,213,132,81,274,154,120,71.55
108,私立,技專校院,1038,萬能學校財團法人萬能科技大學,桃園市,754,635,322,313,119,57,62,29,20,9,96.30
108,私立,一般大學,1039,玄奘大學,新竹市,414,414,167,247,0,0,0,86,52,34,82.80
108,私立,技專校院,1040,建國科技大學,彰化縣,421,384,259,125,0,0,0,38,25,13,91
108,私立,技專校院,1041,明志科技大學,新北市,1013,1013,740,273,0,0,0,0,0,0,100
108,私立,技專校院,1042,高苑科技大學,高雄市,404,404,239,165,0,0,0,4,3,1,99.02
108,私立,技專校院,1043,大仁科技大學,屏東縣,511,511,216,295,0,0,0,70,43,27,87.95
108,私立,技專校院,1044,聖約翰科技大學,新北市,173,173,110,63,0,0,0,49,31,18,77.93
108,私立,技專校院,1045,嶺東科技大學,臺中市,884,887,298,589,0,0,0,190,64,126,82.36
108,私立,技專校院,1046,中國科技大學,臺北市,0,0,0,0,0,0,0,144,69,75,0
108,私立,技專校院,1046,中國科技大學,新竹縣,230,230,85,145,0,0,0,21,11,10,91.63
108,私立,技專校院,1047,中臺科技大學,臺中市,671,460,199,261,0,0,0,248,68,180,64.97
108,私立,一般大學,1048,亞洲大學,臺中市,2216,1981,651,1330,0,0,0,25,8,17,98.75
108,私立,一般大學,1049,開南大學,桃園市,664,443,180,263,0,0,0,302,101,201,59.46
108,私立,一般大學,1050,佛光大學,宜蘭縣,782,686,255,431,96,68,28,2,0,2,99.74
108,私立,技專校院,1051,台南家專學校財團法人台南應用科技大學,臺南市,1708,918,145,773,254,108,146,552,224,328,67.98
108,私立,技專校院,1052,遠東科技大學,臺南市,431,431,283,148,0,0,0,50,33,17,89.60
108,私立,技專校院,1053,光宇學校財團法人元培醫事科技大學,新竹市,705,332,0,332,306,230,76,206,109,97,75.59
108,私立,技專校院,1054,景文科技大學,新北市,695,654,227,427,0,0,0,26,14,12,96.18
108,私立,技專校院,1055,中華醫事科技大學,臺南市,737,737,194,543,0,0,0,153,44,109,82.81
108,私立,技專校院,1056,東南科技大學,新北市,368,368,251,117,0,0,0,30,15,15,92.46
108,私立,技專校院,1057,德明財經科技大學,臺北市,305,246,55,191,59,44,15,40,23,17,88.41
108,私立,一般大學,1058,明道學校財團法人明道大學,彰化縣,387,314,161,153,73,55,18,14,9,5,96.51
108,私立,技專校院,1060,南開科技大學,南投縣,315,306,187,119,0,0,0,210,140,70,59.30
108,私立,技專校院,1061,中華學校財團法人中華科技大學,臺北市,123,123,84,39,0,0,0,0,0,0,100
108,私立,技專校院,1061,中華學校財團法人中華科技大學,新竹縣,209,209,162,47,0,0,0,30,25,5,87.45
108,私立,技專校院,1062,僑光科技大學,臺中市,631,439,143,296,0,0,0,291,118,173,60.14
108,私立,技專校院,1063,廣亞學校財團法人育達科技大學,苗栗縣,275,275,147,128,0,0,0,240,100,140,53.40
108,私立,技專校院,1064,美和學校財團法人美和科技大學,屏東縣,318,318,96,222,0,0,0,20,8,12,94.08
108,私立,技專校院,1065,吳鳳科技大學,嘉義縣,472,472,324,148,0,0,0,41,25,16,92.01
108,私立,技專校院,1066,環球學校財團法人環球科技大學,雲林縣,375,345,161,184,0,0,0,68,41,27,83.54
108,私立,一般大學,1067,台灣首府學校財團法人台灣首府大學,臺南市,126,126,60,66,0,0,0,0,0,0,100
108,私立,技專校院,1068,中州學校財團法人中州科技大學,彰化縣,137,137,90,47,0,0,0,30,19,11,82.04
108,私立,技專校院,1069,修平學校財團法人修平科技大學,臺中市,403,384,283,101,0,0,0,91,75,16,80.84
108,私立,技專校院,1070,長庚學校財團法人長庚科技大學,桃園市,1332,1332,126,1206,0,0,0,31,6,25,97.73
108,私立,技專校院,1070,長庚學校財團法人長庚科技大學,嘉義縣,488,488,53,435,0,0,0,38,2,36,92.78
108,私立,技專校院,1071,城市學校財團法人臺北城市科技大學,臺北市,680,680,444,236,0,0,0,0,0,0,100
108,私立,技專校院,1072,大華學校財團法人敏實科技大學,新竹縣,8,8,3,5,0,0,0,0,0,0,100
108,私立,技專校院,1073,醒吾學校財團法人醒吾科技大學,新北市,473,468,183,285,0,0,0,54,32,22,89.66
108,私立,技專校院,1075,文藻學校財團法人文藻外語大學,高雄市,715,459,68,391,0,0,0,453,124,329,50.33
108,私立,技專校院,1076,華夏學校財團法人華夏科技大學,新北市,93,0,0,0,93,38,55,10,4,6,90.29
108,私立,技專校院,1077,慈濟學校財團法人慈濟科技大學,花蓮縣,664,658,160,498,0,0,0,38,6,32,94.54
108,私立,技專校院,1078,致理學校財團法人致理科技大學,新北市,610,421,126,295,26,0,26,34,9,25,92.93
108,私立,一般大學,1079,康寧學校財團法人康寧大學,臺南市,12,12,5,7,0,0,0,0,0,0,100
108,私立,一般大學,1079,康寧學校財團法人康寧大學,臺北市,252,252,30,222,0,0,0,1,1,0,99.60
108,私立,技專校院,1080,宏國學校財團法人宏國德霖科技大學,新北市,105,105,62,43,0,0,0,2,0,2,98.13
108,私立,技專校院,1081,東方學校財團法人東方設計大學,高雄市,59,59,30,29,0,0,0,5,2,3,92.19
108,私立,技專校院,1082,崇右學校財團法人崇右影藝科技大學,基隆市,166,166,56,110,0,0,0,54,23,31,75.45
108,私立,技專校院,1083,台北海洋學校財團法人台北海洋科技大學,臺北市,110,111,72,39,0,0,0,43,20,23,72.08
108,私立,技專校院,1083,台北海洋學校財團法人台北海洋科技大學,新北市,196,194,84,110,0,0,0,69,38,31,73.76
108,私立,一般大學,1125,中信學校財團法人中信金融管理學院,臺南市,202,202,122,80,0,0,0,0,0,0,100
108,私立,技專校院,1148,大漢技術學院,花蓮縣,24,24,13,11,0,0,0,1,0,1,96
108,私立,技專校院,1159,和春技術學院,高雄市,68,68,37,31,0,0,0,0,0,0,100
108,私立,技專校院,1166,亞東技術學院,新北市,114,87,50,37,0,0,0,37,13,24,70.16
108,私立,技專校院,1168,南亞科技學校財團法人南亞技術學院,桃園市,288,288,205,83,0,0,0,10,2,8,96.64
108,私立,一般大學,1176,稻江科技暨管理學院,嘉義縣,100,100,60,40,0,0,0,6,5,1,94.34
108,私立,技專校院,1182,蘭陽技術學院,宜蘭縣,22,22,13,9,0,0,0,2,0,2,91.67
108,私立,技專校院,1183,黎明技術學院,新北市,313,296,141,155,0,0,0,1,0,1,99.66
108,私立,技專校院,1185,經國管理暨健康學院,基隆市,731,335,100,235,0,0,0,25,12,13,93.06
108,私立,技專校院,1188,大同技術學院,嘉義市,40,40,16,24,0,0,0,18,7,11,68.97
108,私立,技專校院,1192,臺灣觀光學院,花蓮縣,8,8,5,3,0,0,0,3,2,1,72.73
108,私立,一般大學,1195,馬偕學校財團法人馬偕醫學院,新北市,153,153,39,114,0,0,0,1,1,0,99.35
108,私立,一般大學,1196,法鼓學校財團法人法鼓文理學院,新北市,76,76,28,48,0,0,0,0,0,0,100
108,私立,技專校院,1282,馬偕學校財團法人馬偕醫護管理專科學校,臺北市,79,79,14,65,0,0,0,1,1,0,98.75
108,私立,技專校院,1282,馬偕學校財團法人馬偕醫護管理專科學校,新北市,476,476,33,443,0,0,0,21,1,20,95.77
108,私立,技專校院,1283,仁德醫護管理專科學校,苗栗縣,668,659,120,539,0,0,0,16,7,9,97.63
108,私立,技專校院,1284,樹人醫護管理專科學校,高雄市,740,695,139,556,0,0,0,0,0,0,100
108,私立,技專校院,1285,慈惠醫護管理專科學校,屏東縣,251,251,34,217,0,0,0,0,0,0,100
108,私立,技專校院,1286,耕莘健康管理專科學校,新北市,403,403,6,397,0,0,0,0,0,0,100
108,私立,技專校院,1286,耕莘健康管理專科學校,宜蘭縣,254,254,29,225,0,0,0,0,0,0,100
108,私立,技專校院,1287,敏惠醫護管理專科學校,臺南市,413,389,56,333,0,0,0,5,1,4,98.73
108,私立,技專校院,1289,育英醫護管理專科學校,高雄市,81,81,10,71,0,0,0,5,1,4,94.19
108,私立,技專校院,1291,聖母醫護管理專科學校,宜蘭縣,276,276,41,235,0,0,0,0,0,0,100
108,私立,技專校院,1292,新生醫護管理專科學校,桃園市,373,372,30,342,0,0,0,2,1,1,99.47
108,私立,技專校院,1293,崇仁醫護管理專科學校,嘉義市,122,122,18,104,0,0,0,1,0,1,99.19
108,私立,技專校院,1293,崇仁醫護管理專科學校,嘉義縣,293,293,26,267,0,0,0,0,0,0,100
108,私立,宗教研修學院,1R02,學校財團法人中華浸信會基督教台灣浸會神學院,臺北市,15,15,8,7,0,0,0,0,0,0,100
108,私立,宗教研修學院,1R03,臺北基督學院,新北市,20,20,11,9,0,0,0,0,0,0,100
108,私立,宗教研修學院,1R05,台神學校財團法人台灣神學研究學院,臺北市,27,27,9,18,0,0,0,0,0,0,100
108,私立,宗教研修學院,1R07,台灣基督長老教會南神神學院,臺南市,9,0,0,0,9,6,3,2,1,1,81.82
108,公立,一般大學,3002,臺北市立大學,臺北市,467,451,145,306,0,0,0,3,1,2,99.34
109,公立,一般大學,0001,國立政治大學,臺北市,2403,2185,866,1319,0,0,0,331,191,140,86.84
109,公立,一般大學,0002,國立清華大學,新竹市,2955,2814,1532,1282,0,0,0,"2,008","1,274",734,58.36
109,公立,一般大學,0003,國立臺灣大學,臺北市,4678,3258,1845,1413,0,0,0,"1,193",774,419,73.20
109,公立,一般大學,0004,國立臺灣師範大學,臺北市,2128,1594,679,915,0,0,0,41,18,23,97.49
109,公立,一般大學,0005,國立成功大學,臺南市,3504,2840,1708,1132,0,0,0,"2,415","1,621",794,54.04
109,公立,一般大學,0006,國立中興大學,臺中市,2866,1934,1069,865,0,0,0,"1,771","1,157",614,52.20
109,公立,一般大學,0007,國立陽明交通大學,新竹市,2136,2136,1390,746,0,0,0,"1,414","1,039",375,60.17
109,公立,一般大學,0007,國立陽明交通大學,臺南市,113,113,100,13,0,0,0,60,51,9,65.32
109,公立,一般大學,0008,國立中央大學,桃園市,1884,1884,1067,817,0,0,0,630,437,193,74.94
109,公立,一般大學,0009,國立中山大學,高雄市,1660,1660,1002,658,0,0,0,192,120,72,89.63
109,公立,一般大學,0012,國立臺灣海洋大學,基隆市,1585,1475,999,476,0,0,0,305,188,117,82.87
109,公立,一般大學,0013,國立中正大學,嘉義縣,1972,1808,986,822,0,0,0,843,566,277,68.20
109,公立,一般大學,0014,國立高雄師範大學,高雄市,844,844,380,464,0,0,0,13,5,8,98.48
109,公立,一般大學,0015,國立彰化師範大學,彰化縣,1312,1169,611,558,0,0,0,238,115,123,83.08
109,公立,一般大學,0016,國立陽明大學,臺北市,361,361,186,175,0,0,0,118,37,81,75.37
109,公立,一般大學,0017,國立臺北大學,新北市,751,751,305,446,0,0,0,403,171,232,65.08
109,公立,一般大學,0017,國立臺北大學,臺北市,104,104,47,57,0,0,0,0,0,0,100
109,公立,一般大學,0018,國立嘉義大學,嘉義市,1439,1339,779,560,0,0,0,8,3,5,99.41
109,公立,一般大學,0018,國立嘉義大學,嘉義縣,575,554,226,328,0,0,0,3,1,2,99.46
109,公立,一般大學,0019,國立高雄大學,高雄市,1029,1007,564,443,0,0,0,18,10,8,98.24
109,公立,一般大學,0020,國立東華大學,花蓮縣,2082,2032,951,1081,0,0,0,444,232,212,82.07
109,公立,一般大學,0021,國立暨南國際大學,南投縣,1196,1196,583,613,0,0,0,449,208,241,72.71
109,公立,技專校院,0022,國立臺灣科技大學,臺北市,1370,1292,885,407,19,10,9,75,42,33,94.59
109,公立,技專校院,0023,國立雲林科技大學,雲林縣,1454,1394,877,517,0,0,0,141,88,53,90.81
109,公立,技專校院,0024,國立屏東科技大學,屏東縣,2031,1985,1065,920,0,0,0,33,25,8,98.36
109,公立,技專校院,0025,國立臺北科技大學,臺北市,1506,1260,854,406,32,32,0,46,28,18,96.56
109,公立,一般大學,0028,國立臺北藝術大學,臺北市,498,498,175,323,0,0,0,15,4,11,97.08
109,公立,一般大學,0029,國立臺灣藝術大學,新北市,500,392,98,294,0,0,0,89,31,58,81.50
109,公立,一般大學,0030,國立臺東大學,臺東縣,845,845,416,429,0,0,0,8,6,2,99.06
109,公立,一般大學,0031,國立宜蘭大學,宜蘭縣,1054,1036,658,378,0,0,0,46,30,16,95.75
109,公立,一般大學,0032,國立聯合大學,苗栗縣,1432,1432,962,470,0,0,0,64,47,17,95.72
109,公立,技專校院,0033,國立虎尾科技大學,雲林縣,1688,1479,1071,408,0,0,0,363,321,42,80.29
109,公立,一般大學,0035,國立臺南藝術大學,臺南市,284,284,87,197,0,0,0,12,6,6,95.95
109,公立,一般大學,0036,國立臺南大學,臺南市,787,775,345,430,0,0,0,80,35,45,90.64
109,公立,一般大學,0037,國立臺北教育大學,臺北市,448,448,153,295,0,0,0,9,3,6,98.03
109,公立,一般大學,0039,國立臺中教育大學,臺中市,622,616,216,400,0,0,0,22,7,15,96.55
109,公立,技專校院,0042,國立澎湖科技大學,澎湖縣,613,613,379,234,0,0,0,213,122,91,74.21
109,公立,技專校院,0043,國立勤益科技大學,臺中市,1122,751,387,364,40,26,14,737,667,70,51.77
109,公立,一般大學,0044,國立體育大學,桃園市,554,469,288,181,0,0,0,0,0,0,100
109,公立,技專校院,0046,國立臺北護理健康大學,臺北市,685,665,99,566,0,0,0,0,0,0,100
109,公立,技專校院,0047,國立高雄餐旅大學,高雄市,970,970,321,649,0,0,0,317,104,213,75.37
109,公立,一般大學,0048,國立金門大學,金門縣,699,665,367,298,34,21,13,79,56,23,89.85
109,公立,一般大學,0049,國立臺灣體育運動大學,臺中市,445,445,244,201,0,0,0,69,41,28,86.58
109,公立,技專校院,0050,國立臺中科技大學,臺中市,1206,950,101,849,0,0,0,574,269,305,62.34
109,公立,技專校院,0051,國立臺北商業大學,桃園市,200,200,60,140,0,0,0,15,4,11,93.02
109,公立,技專校院,0051,國立臺北商業大學,新北市,320,0,0,0,206,46,160,94,23,71,68.67
109,公立,一般大學,0052,國立屏東大學,屏東縣,1518,1518,632,886,0,0,0,66,35,31,95.83
109,公立,技專校院,0053,國立高雄科技大學,高雄市,3971,3165,1608,1557,0,0,0,"1,066",892,174,74.81
109,公立,技專校院,0144,國立臺灣戲曲學院,臺北市,109,109,46,63,0,0,0,4,2,2,96.46
109,公立,技專校院,0221,國立臺南護理專科學校,臺南市,234,231,17,214,0,0,0,0,0,0,100
109,公立,技專校院,0222,國立臺東專科學校,臺東縣,289,289,209,80,0,0,0,24,14,10,92.33
109,私立,一般大學,1001,東海大學,臺中市,3642,3107,1362,1745,0,0,0,0,0,0,100
109,私立,一般大學,1002,輔仁大學,新北市,1692,1692,643,1049,0,0,0,537,213,324,75.91
109,私立,一般大學,1003,東吳大學,臺北市,1382,752,269,483,590,206,384,383,180,203,77.80
109,私立,一般大學,1004,中原大學,桃園市,2634,2580,1341,1239,0,0,0,391,219,172,86.84
109,私立,一般大學,1005,淡江大學學校財團法人淡江大學,宜蘭縣,300,300,154,146,0,0,0,0,0,0,100
109,私立,一般大學,1005,淡江大學學校財團法人淡江大學,新北市,2439,1268,0,1268,709,563,146,"1,774","1,092",682,52.71
109,私立,一般大學,1006,中國文化大學,臺北市,2175,2140,980,1160,0,0,0,434,352,82,83.14
109,私立,一般大學,1007,逢甲大學,臺中市,3321,2326,918,1408,959,921,38,109,63,46,96.79
109,私立,一般大學,1008,靜宜大學,臺中市,2196,1888,704,1184,290,149,141,143,54,89,93.84
109,私立,一般大學,1009,長庚大學,桃園市,1120,1120,555,565,0,0,0,10,5,5,99.12
109,私立,一般大學,1010,元智大學,桃園市,1426,1323,752,571,0,0,0,60,35,25,95.66
109,私立,一般大學,1011,中華大學學校財團法人中華大學,新竹市,876,823,538,285,0,0,0,13,8,5,98.44
109,私立,一般大學,1012,大葉大學,彰化縣,1085,1079,576,503,0,0,0,220,140,80,83.06
109,私立,一般大學,1013,華梵大學,新北市,116,116,57,59,0,0,0,8,4,4,93.55
109,私立,一般大學,1014,義守大學,高雄市,2685,2227,1118,1109,458,243,215,78,43,35,97.18
109,私立,一般大學,1015,世新大學,新北市,278,86,29,57,167,55,112,71,22,49,78.09
109,私立,一般大學,1015,世新大學,臺北市,549,370,118,252,60,49,11,210,81,129,67.19
109,私立,一般大學,1016,銘傳大學,金門縣,17,17,4,13,0,0,0,0,0,0,100
109,私立,一般大學,1016,銘傳大學,桃園市,1150,767,248,519,383,244,139,274,76,198,80.76
109,私立,一般大學,1016,銘傳大學,新北市,79,0,0,0,147,51,96,0,0,0,100
109,私立,一般大學,1016,銘傳大學,臺北市,479,417,149,268,0,0,0,51,25,26,89.10
109,私立,一般大學,1017,實踐大學,高雄市,1129,1129,377,752,0,0,0,47,12,35,96
109,私立,一般大學,1017,實踐大學,臺北市,529,441,0,441,83,83,0,47,27,20,91.77
109,私立,技專校院,1018,朝陽科技大學,臺中市,1670,434,149,285,1091,483,608,765,329,436,66.59
109,私立,一般大學,1019,高雄醫學大學,高雄市,927,869,297,572,39,32,7,63,37,26,93.51
109,私立,一般大學,1020,南華大學,嘉義縣,959,949,428,521,10,10,0,40,28,12,96
109,私立,一般大學,1021,真理大學,新北市,731,645,282,363,0,0,0,39,20,19,94.30
109,私立,一般大學,1022,大同大學,臺北市,230,230,158,72,0,0,0,5,1,4,97.87
109,私立,技專校院,1023,南臺學校財團法人南臺科技大學,臺南市,1973,1811,982,829,0,0,0,280,187,93,86.61
109,私立,技專校院,1024,崑山科技大學,臺南市,714,714,423,291,0,0,0,724,392,332,49.65
109,私立,技專校院,1025,嘉藥學校財團法人嘉南藥理大學,臺南市,1731,1611,635,976,0,0,0,232,112,120,87.41
109,私立,技專校院,1026,樹德科技大學,高雄市,1028,1028,415,613,0,0,0,133,57,76,88.54
109,私立,一般大學,1027,慈濟學校財團法人慈濟大學,花蓮縣,673,673,229,444,0,0,0,97,35,62,87.40
109,私立,一般大學,1028,臺北醫學大學,臺北市,616,522,189,333,35,15,20,26,10,16,95.54
109,私立,一般大學,1029,中山醫學大學,臺中市,1032,890,266,624,0,0,0,152,58,94,85.41
109,私立,技專校院,1030,龍華科技大學,桃園市,579,579,444,135,0,0,0,168,141,27,77.51
109,私立,技專校院,1031,輔英科技大學,高雄市,1030,1030,192,838,0,0,0,263,40,223,79.66
109,私立,技專校院,1032,明新學校財團法人明新科技大學,新竹縣,499,476,310,166,0,0,0,83,51,32,85.15
109,私立,一般大學,1033,長榮大學,臺南市,2190,1537,701,836,0,0,0,173,97,76,89.88
109,私立,技專校院,1034,弘光科技大學,臺中市,996,669,206,463,327,105,222,677,137,540,59.53
109,私立,一般大學,1035,中國醫藥大學,雲林縣,647,641,203,438,0,0,0,7,3,4,98.92
109,私立,一般大學,1035,中國醫藥大學,臺中市,565,473,217,256,0,0,0,67,38,29,87.59
109,私立,技專校院,1036,健行學校財團法人健行科技大學,桃園市,401,346,222,124,0,0,0,109,54,55,76.04
109,私立,技專校院,1037,正修學校財團法人正修科技大學,高雄市,692,439,256,183,192,124,68,109,72,37,85.27
109,私立,技專校院,1038,萬能學校財團法人萬能科技大學,桃園市,689,661,337,324,28,27,1,28,16,12,96.09
109,私立,一般大學,1039,玄奘大學,新竹市,299,299,115,184,0,0,0,66,25,41,81.92
109,私立,技專校院,1040,建國科技大學,彰化縣,219,191,132,59,0,0,0,26,13,13,88.02
109,私立,技專校院,1041,明志科技大學,新北市,881,881,638,243,0,0,0,0,0,0,100
109,私立,技專校院,1042,高苑科技大學,高雄市,124,124,74,50,0,0,0,5,4,1,96.12
109,私立,技專校院,1043,大仁科技大學,屏東縣,326,326,121,205,0,0,0,50,29,21,86.70
109,私立,技專校院,1044,聖約翰科技大學,新北市,158,158,105,53,0,0,0,73,45,28,68.40
109,私立,技專校院,1045,嶺東科技大學,臺中市,937,901,291,610,0,0,0,208,60,148,81.24
109,私立,技專校院,1046,中國科技大學,新竹縣,103,103,26,77,0,0,0,13,5,8,88.79
109,私立,技專校院,1046,中國科技大學,臺北市,121,56,0,56,0,0,0,119,54,65,32
109,私立,技專校院,1047,中臺科技大學,臺中市,611,556,205,351,0,0,0,142,55,87,79.66
109,私立,一般大學,1048,亞洲大學,臺中市,2352,1866,623,1243,0,0,0,102,31,71,94.82
109,私立,一般大學,1049,開南大學,桃園市,444,424,209,215,0,0,0,91,37,54,82.33
109,私立,一般大學,1050,佛光大學,宜蘭縣,673,604,250,354,69,54,15,9,7,2,98.68
109,私立,技專校院,1051,台南家專學校財團法人台南應用科技大學,臺南市,1772,881,133,748,231,119,112,571,189,382,66.07
109,私立,技專校院,1052,遠東科技大學,臺南市,310,310,228,82,0,0,0,40,27,13,88.57
109,私立,技專校院,1053,光宇學校財團法人元培醫事科技大學,新竹市,593,298,0,298,247,170,77,208,113,95,72.38
109,私立,技專校院,1054,景文科技大學,新北市,424,423,186,237,0,0,0,26,15,11,94.21
109,私立,技專校院,1056,東南科技大學,新北市,263,263,169,94,0,0,0,89,43,46,74.72
109,私立,技專校院,1057,德明財經科技大學,臺北市,282,240,68,172,42,26,16,40,18,22,87.58
109,私立,一般大學,1058,明道學校財團法人明道大學,彰化縣,231,179,107,72,52,30,22,5,3,2,97.88
109,私立,技專校院,1060,南開科技大學,南投縣,169,165,123,42,0,0,0,207,136,71,44.35
109,私立,技專校院,1061,中華學校財團法人中華科技大學,新竹縣,200,200,173,27,0,0,0,7,5,2,96.62
109,私立,技專校院,1061,中華學校財團法人中華科技大學,臺北市,80,80,45,35,0,0,0,3,3,0,96.39
109,私立,技專校院,1062,僑光科技大學,臺中市,523,418,155,263,0,0,0,292,150,142,58.87
109,私立,技專校院,1063,廣亞學校財團法人育達科技大學,苗栗縣,197,197,83,114,0,0,0,210,90,120,48.40
109,私立,技專校院,1064,美和學校財團法人美和科技大學,屏東縣,255,255,66,189,0,0,0,13,4,9,95.15
109,私立,技專校院,1066,環球學校財團法人環球科技大學,雲林縣,220,197,90,107,0,0,0,22,9,13,89.95
109,私立,一般大學,1067,台灣首府學校財團法人台灣首府大學,臺南市,47,47,12,35,0,0,0,3,1,2,94
109,私立,技專校院,1068,中州學校財團法人中州科技大學,彰化縣,33,33,23,10,0,0,0,9,7,2,78.57
109,私立,技專校院,1069,修平學校財團法人修平科技大學,臺中市,389,367,271,96,0,0,0,128,98,30,74.14
109,私立,技專校院,1070,長庚學校財團法人長庚科技大學,桃園市,1349,1349,117,1232,0,0,0,19,1,18,98.61
109,私立,技專校院,1070,長庚學校財團法人長庚科技大學,嘉義縣,498,498,57,441,0,0,0,44,5,39,91.88
109,私立,技專校院,1071,城市學校財團法人臺北城市科技大學,臺北市,631,631,401,230,0,0,0,91,61,30,87.40
109,私立,技專校院,1072,大華學校財團法人敏實科技大學,新竹縣,49,49,39,10,0,0,0,0,0,0,100
109,私立,技專校院,1073,醒吾學校財團法人醒吾科技大學,新北市,402,374,104,270,27,16,11,125,65,60,76.24
109,私立,技專校院,1075,文藻學校財團法人文藻外語大學,高雄市,663,540,136,404,0,0,0,216,53,163,71.43
109,私立,技專校院,1076,華夏學校財團法人華夏科技大學,新北市,89,0,0,0,89,65,24,6,3,3,93.68
109,私立,技專校院,1077,慈濟學校財團法人慈濟科技大學,花蓮縣,604,589,128,461,0,0,0,42,4,38,93.34
109,私立,技專校院,1078,致理學校財團法人致理科技大學,新北市,479,336,82,254,7,0,7,99,45,54,77.60
109,私立,一般大學,1079,康寧學校財團法人康寧大學,臺北市,267,267,37,230,0,0,0,2,0,2,99.26
109,私立,技專校院,1080,宏國學校財團法人宏國德霖科技大學,新北市,81,81,56,25,0,0,0,0,0,0,100
109,私立,技專校院,1081,東方學校財團法人東方設計大學,高雄市,54,54,20,34,0,0,0,7,4,3,88.52
109,私立,技專校院,1082,崇右學校財團法人崇右影藝科技大學,基隆市,105,105,40,65,0,0,0,21,3,18,83.33
109,私立,技專校院,1083,台北海洋學校財團法人台北海洋科技大學,新北市,168,164,58,106,0,0,0,90,38,52,64.57
109,私立,技專校院,1083,台北海洋學校財團法人台北海洋科技大學,臺北市,169,154,120,34,0,0,0,61,30,31,71.63
109,私立,一般大學,1125,中信學校財團法人中信金融管理學院,臺南市,214,214,126,88,0,0,0,0,0,0,100
109,私立,技專校院,1148,大漢技術學院,花蓮縣,22,22,15,7,0,0,0,0,0,0,100
109,私立,技專校院,1166,亞東技術學院,新北市,111,104,51,53,0,0,0,25,5,20,80.62
109,私立,技專校院,1168,南亞科技學校財團法人南亞技術學院,桃園市,202,202,136,66,0,0,0,18,11,7,91.82
109,私立,技專校院,1182,蘭陽技術學院,宜蘭縣,18,18,9,9,0,0,0,9,0,9,66.67
109,私立,技專校院,1183,黎明技術學院,新北市,203,186,95,91,5,5,0,9,2,7,95.50
109,私立,技專校院,1185,經國管理暨健康學院,基隆市,170,170,42,128,0,0,0,20,6,14,89.47
109,私立,技專校院,1188,大同技術學院,嘉義市,35,15,8,7,0,0,0,8,6,2,65.22
109,私立,技專校院,1192,臺灣觀光學院,花蓮縣,1,1,1,0,0,0,0,1,0,1,50
109,私立,一般大學,1195,馬偕學校財團法人馬偕醫學院,新北市,153,153,59,94,0,0,0,1,0,1,99.35
109,私立,一般大學,1196,法鼓學校財團法人法鼓文理學院,新北市,56,56,18,38,0,0,0,0,0,0,100
109,私立,技專校院,1282,馬偕學校財團法人馬偕醫護管理專科學校,新北市,513,513,56,457,0,0,0,0,0,0,100
109,私立,技專校院,1282,馬偕學校財團法人馬偕醫護管理專科學校,臺北市,129,129,22,107,0,0,0,2,0,2,98.47
109,私立,技專校院,1283,仁德醫護管理專科學校,苗栗縣,691,691,153,538,0,0,0,13,7,6,98.15
109,私立,技專校院,1284,樹人醫護管理專科學校,高雄市,689,686,143,543,0,0,0,0,0,0,100
109,私立,技專校院,1285,慈惠醫護管理專科學校,屏東縣,225,225,38,187,0,0,0,8,0,8,96.57
109,私立,技專校院,1286,耕莘健康管理專科學校,宜蘭縣,243,243,36,207,0,0,0,0,0,0,100
109,私立,技專校院,1286,耕莘健康管理專科學校,新北市,397,397,9,388,0,0,0,0,0,0,100
109,私立,技專校院,1287,敏惠醫護管理專科學校,臺南市,452,429,59,370,0,0,0,5,0,5,98.85
109,私立,技專校院,1289,育英醫護管理專科學校,高雄市,87,87,8,79,0,0,0,3,1,2,96.67
109,私立,技專校院,1291,聖母醫護管理專科學校,宜蘭縣,258,258,37,221,0,0,0,1,1,0,99.61
109,私立,技專校院,1292,新生醫護管理專科學校,桃園市,435,363,47,316,0,0,0,6,2,4,98.37
109,私立,技專校院,1293,崇仁醫護管理專科學校,嘉義市,93,93,13,80,0,0,0,3,0,3,96.88
109,私立,技專校院,1293,崇仁醫護管理專科學校,嘉義縣,287,287,30,257,0,0,0,0,0,0,100
109,私立,宗教研修學院,1R02,學校財團法人中華浸信會基督教台灣浸會神學院,臺北市,12,12,8,4,0,0,0,0,0,0,100
109,私立,宗教研修學院,1R03,臺北基督學院,新北市,15,15,5,10,0,0,0,0,0,0,100
109,私立,宗教研修學院,1R05,台神學校財團法人台灣神學研究學院,臺北市,22,22,10,12,0,0,0,1,0,1,95.65
109,私立,宗教研修學院,1R07,台灣基督長老教會南神神學院,臺南市,17,0,0,0,17,9,8,1,0,1,94.44
109,公立,一般大學,3002,臺北市立大學,臺北市,681,669,277,392,0,0,0,9,5,4,98.67
110,公立,一般大學,0001,國立政治大學,臺北市,1636,1393,558,835,0,0,0,436,231,205,76.16
110,公立,一般大學,0002,國立清華大學,新竹市,2976,2707,1532,1175,0,0,0,"2,357","1,376",981,53.46
110,公立,一般大學,0003,國立臺灣大學,臺北市,3916,3121,1720,1401,0,0,0,430,251,179,87.89
110,公立,一般大學,0004,國立臺灣師範大學,臺北市,2325,1640,724,916,0,0,0,38,15,23,97.74
110,公立,一般大學,0005,國立成功大學,臺南市,3602,3152,1875,1277,0,0,0,"1,558","1,145",413,66.92
110,公立,一般大學,0006,國立中興大學,臺中市,2280,2043,1133,910,0,0,0,202,119,83,91
110,公立,一般大學,0007,國立陽明交通大學,新竹市,2272,2272,1490,782,0,0,0,"1,551","1,159",392,59.43
110,公立,一般大學,0007,國立陽明交通大學,臺北市,349,343,178,165,0,0,0,0,0,0,100
110,公立,一般大學,0007,國立陽明交通大學,臺南市,99,99,88,11,0,0,0,21,15,6,82.50
110,公立,一般大學,0008,國立中央大學,桃園市,1951,1912,1155,757,0,0,0,"1,004",732,272,65.57
110,公立,一般大學,0009,國立中山大學,高雄市,1161,1161,504,657,0,0,0,683,456,227,62.96
110,公立,一般大學,0012,國立臺灣海洋大學,基隆市,1699,1520,1007,513,0,0,0,260,171,89,85.39
110,公立,一般大學,0013,國立中正大學,嘉義縣,2008,1859,1011,848,0,0,0,826,530,296,69.24
110,公立,一般大學,0014,國立高雄師範大學,高雄市,855,855,457,398,0,0,0,8,2,6,99.07
110,公立,一般大學,0015,國立彰化師範大學,彰化縣,1369,1352,688,664,0,0,0,214,104,110,86.33
110,公立,一般大學,0017,國立臺北大學,新北市,1069,1017,449,568,0,0,0,235,106,129,81.23
110,公立,一般大學,0017,國立臺北大學,臺北市,101,101,41,60,0,0,0,0,0,0,100
110,公立,一般大學,0018,國立嘉義大學,嘉義市,1561,1450,817,633,0,0,0,8,3,5,99.45
110,公立,一般大學,0018,國立嘉義大學,嘉義縣,566,522,188,334,0,0,0,4,2,2,99.24
110,公立,一般大學,0019,國立高雄大學,高雄市,1042,1025,589,436,0,0,0,0,0,0,100
110,公立,一般大學,0020,國立東華大學,花蓮縣,2078,2055,1005,1050,0,0,0,322,162,160,86.45
110,公立,一般大學,0021,國立暨南國際大學,南投縣,1328,1328,655,673,0,0,0,454,204,250,74.52
110,公立,技專校院,0022,國立臺灣科技大學,臺北市,911,909,617,292,0,0,0,94,53,41,90.63
110,公立,技專校院,0023,國立雲林科技大學,雲林縣,1399,1318,817,501,0,0,0,161,98,63,89.11
110,公立,技專校院,0024,國立屏東科技大學,屏東縣,1924,1924,1074,850,0,0,0,180,135,45,91.44
110,公立,技專校院,0025,國立臺北科技大學,臺北市,1453,1295,875,420,91,52,39,48,28,20,96.65
110,公立,一般大學,0028,國立臺北藝術大學,臺北市,542,542,185,357,0,0,0,9,3,6,98.37
110,公立,一般大學,0029,國立臺灣藝術大學,新北市,562,418,107,311,0,0,0,79,23,56,84.10
110,公立,一般大學,0030,國立臺東大學,臺東縣,942,928,454,474,0,0,0,40,32,8,95.87
110,公立,一般大學,0031,國立宜蘭大學,宜蘭縣,1119,1119,721,398,0,0,0,82,49,33,93.17
110,公立,一般大學,0032,國立聯合大學,苗栗縣,1405,1405,951,454,0,0,0,311,242,69,81.88
110,公立,技專校院,0033,國立虎尾科技大學,雲林縣,1823,1433,1027,406,0,0,0,383,335,48,78.91
110,公立,一般大學,0035,國立臺南藝術大學,臺南市,298,298,104,194,0,0,0,9,5,4,97.07
110,公立,一般大學,0036,國立臺南大學,臺南市,814,814,355,459,0,0,0,85,34,51,90.55
110,公立,一般大學,0037,國立臺北教育大學,臺北市,456,456,137,319,0,0,0,9,4,5,98.06
110,公立,一般大學,0039,國立臺中教育大學,臺中市,626,613,231,382,0,0,0,21,8,13,96.69
110,公立,技專校院,0042,國立澎湖科技大學,澎湖縣,552,552,373,179,0,0,0,43,20,23,92.77
110,公立,技專校院,0043,國立勤益科技大學,臺中市,1150,735,369,366,66,35,31,882,776,106,47.59
110,公立,一般大學,0044,國立體育大學,桃園市,414,398,251,147,0,0,0,0,0,0,100
110,公立,技專校院,0046,國立臺北護理健康大學,臺北市,665,607,92,515,0,0,0,0,0,0,100
110,公立,技專校院,0047,國立高雄餐旅大學,高雄市,830,830,284,546,0,0,0,337,126,211,71.12
110,公立,一般大學,0048,國立金門大學,金門縣,723,723,393,330,0,0,0,65,29,36,91.75
110,公立,一般大學,0049,國立臺灣體育運動大學,臺中市,524,395,236,159,0,0,0,874,452,422,31.13
110,公立,技專校院,0050,國立臺中科技大學,臺中市,1233,913,103,810,0,0,0,559,277,282,62.02
110,公立,技專校院,0051,國立臺北商業大學,桃園市,219,219,64,155,0,0,0,8,2,6,96.48
110,公立,技專校院,0051,國立臺北商業大學,新北市,296,0,0,0,296,90,206,55,15,40,84.33
110,公立,一般大學,0052,國立屏東大學,屏東縣,1557,1557,669,888,0,0,0,56,22,34,96.53
110,公立,技專校院,0053,國立高雄科技大學,高雄市,3870,3154,1620,1534,0,0,0,945,778,167,76.95
110,公立,技專校院,0144,國立臺灣戲曲學院,臺北市,133,133,49,84,0,0,0,0,0,0,100
110,公立,技專校院,0221,國立臺南護理專科學校,臺南市,249,249,16,233,0,0,0,2,0,2,99.20
110,公立,技專校院,0222,國立臺東專科學校,臺東縣,255,242,162,80,0,0,0,28,22,6,89.63
110,私立,一般大學,1001,東海大學,臺中市,3712,3048,1374,1674,0,0,0,13,8,5,99.58
110,私立,一般大學,1002,輔仁大學,新北市,1814,1814,745,1069,0,0,0,"2,149",576,"1,573",45.77
110,私立,一般大學,1003,東吳大學,臺北市,1491,880,336,544,308,70,238,332,155,177,78.16
110,私立,一般大學,1004,中原大學,桃園市,3164,2599,1303,1296,0,0,0,494,285,209,84.03
110,私立,一般大學,1005,淡江大學學校財團法人淡江大學,新北市,2297,1412,0,1412,806,670,136,"1,705","1,053",652,56.54
110,私立,一般大學,1006,中國文化大學,臺北市,2314,2193,968,1225,0,0,0,281,199,82,88.64
110,私立,一般大學,1007,逢甲大學,臺中市,3187,2344,919,1425,0,0,0,141,83,58,94.33
110,私立,一般大學,1008,靜宜大學,臺中市,2947,1830,735,1095,295,144,151,167,78,89,92.71
110,私立,一般大學,1009,長庚大學,桃園市,1416,1416,658,758,0,0,0,10,5,5,99.30
110,私立,一般大學,1010,元智大學,桃園市,1513,1354,756,598,0,0,0,75,45,30,94.75
110,私立,一般大學,1011,中華大學學校財團法人中華大學,新竹市,761,739,499,240,0,0,0,29,17,12,96.22
110,私立,一般大學,1012,大葉大學,彰化縣,892,861,453,408,0,0,0,200,130,70,81.15
110,私立,一般大學,1013,華梵大學,新北市,104,104,53,51,0,0,0,0,0,0,100
110,私立,一般大學,1014,義守大學,高雄市,2602,1933,958,975,669,307,362,64,38,26,97.60
110,私立,一般大學,1015,世新大學,新北市,335,256,95,161,144,52,92,29,11,18,93.24
110,私立,一般大學,1015,世新大學,臺北市,634,381,117,264,42,19,23,216,70,146,66.20
110,私立,一般大學,1016,銘傳大學,金門縣,18,18,4,14,0,0,0,0,0,0,100
110,私立,一般大學,1016,銘傳大學,桃園市,1584,980,217,763,477,242,235,187,61,126,88.63
110,私立,一般大學,1016,銘傳大學,新北市,184,0,0,0,184,82,102,0,0,0,100
110,私立,一般大學,1016,銘傳大學,臺北市,493,446,140,306,0,0,0,138,40,98,76.37
110,私立,一般大學,1017,實踐大學,高雄市,946,941,357,584,0,0,0,44,12,32,95.53
110,私立,一般大學,1017,實踐大學,臺北市,594,479,0,479,73,73,0,50,10,40,91.69
110,私立,技專校院,1018,朝陽科技大學,臺中市,1552,447,270,177,1003,339,664,431,290,141,77.09
110,私立,一般大學,1019,高雄醫學大學,高雄市,944,845,319,526,48,35,13,117,58,59,88.42
110,私立,一般大學,1020,南華大學,嘉義縣,960,926,399,527,19,11,8,41,25,16,95.84
110,私立,一般大學,1021,真理大學,新北市,525,506,244,262,0,0,0,47,29,18,91.50
110,私立,一般大學,1022,大同大學,臺北市,254,254,170,84,0,0,0,2,2,0,99.22
110,私立,技專校院,1023,南臺學校財團法人南臺科技大學,臺南市,1909,1868,1012,856,0,0,0,319,208,111,85.41
110,私立,技專校院,1024,崑山科技大學,臺南市,723,723,465,258,0,0,0,683,370,313,51.42
110,私立,技專校院,1025,嘉藥學校財團法人嘉南藥理大學,臺南市,1682,1627,660,967,0,0,0,195,92,103,89.30
110,私立,技專校院,1026,樹德科技大學,高雄市,948,948,386,562,0,0,0,120,51,69,88.76
110,私立,一般大學,1027,慈濟學校財團法人慈濟大學,花蓮縣,639,639,228,411,0,0,0,210,86,124,75.27
110,私立,一般大學,1028,臺北醫學大學,臺北市,584,533,205,328,12,3,9,14,4,10,97.50
110,私立,一般大學,1029,中山醫學大學,臺中市,1043,915,300,615,0,0,0,166,60,106,84.64
110,私立,技專校院,1030,龍華科技大學,桃園市,669,463,357,106,0,0,0,157,116,41,74.68
110,私立,技專校院,1031,輔英科技大學,高雄市,974,974,201,773,0,0,0,314,79,235,75.62
110,私立,技專校院,1032,明新學校財團法人明新科技大學,新竹縣,499,493,312,181,0,0,0,64,41,23,88.51
110,私立,一般大學,1033,長榮大學,臺南市,1683,1257,611,646,0,0,0,165,95,70,88.40
110,私立,技專校院,1034,弘光科技大學,臺中市,895,642,129,513,253,70,183,693,177,516,56.36
110,私立,一般大學,1035,中國醫藥大學,雲林縣,670,636,176,460,0,0,0,7,4,3,98.91
110,私立,一般大學,1035,中國醫藥大學,臺中市,542,488,250,238,0,0,0,5,2,3,98.99
110,私立,技專校院,1036,健行學校財團法人健行科技大學,桃園市,339,323,202,121,0,0,0,123,47,76,72.42
110,私立,技專校院,1037,正修學校財團法人正修科技大學,高雄市,644,424,250,174,149,106,43,184,108,76,75.69
110,私立,技專校院,1038,萬能學校財團法人萬能科技大學,桃園市,591,527,280,247,64,28,36,10,7,3,98.34
110,私立,一般大學,1039,玄奘大學,新竹市,230,230,72,158,0,0,0,29,18,11,88.80
110,私立,技專校院,1040,建國科技大學,彰化縣,209,168,108,60,0,0,0,4,3,1,97.67
110,私立,技專校院,1041,明志科技大學,新北市,1047,1047,743,304,0,0,0,0,0,0,100
110,私立,技專校院,1042,高苑科技大學,高雄市,154,154,97,57,0,0,0,16,3,13,90.59
110,私立,技專校院,1043,大仁科技大學,屏東縣,353,353,147,206,0,0,0,46,26,20,88.47
110,私立,技專校院,1044,聖約翰科技大學,新北市,48,48,32,16,0,0,0,27,18,9,64
110,私立,技專校院,1045,嶺東科技大學,臺中市,859,830,270,560,0,0,0,242,80,162,77.43
110,私立,技專校院,1046,中國科技大學,新竹縣,106,106,43,63,0,0,0,13,4,9,89.08
110,私立,技專校院,1046,中國科技大學,臺北市,102,53,0,53,0,0,0,83,40,43,38.97
110,私立,技專校院,1047,中臺科技大學,臺中市,551,480,167,313,0,0,0,162,57,105,74.77
110,私立,一般大學,1048,亞洲大學,臺中市,2073,1873,574,1299,0,0,0,106,46,60,94.64
110,私立,一般大學,1049,開南大學,桃園市,409,395,188,207,0,0,0,121,57,64,76.55
110,私立,一般大學,1050,佛光大學,宜蘭縣,636,577,238,339,59,50,9,5,2,3,99.22
110,私立,技專校院,1051,台南家專學校財團法人台南應用科技大學,臺南市,1154,875,147,728,173,94,79,515,199,316,67.05
110,私立,技專校院,1052,遠東科技大學,臺南市,175,175,122,53,0,0,0,17,14,3,91.15
110,私立,技專校院,1053,光宇學校財團法人元培醫事科技大學,新竹市,541,267,0,267,262,177,85,145,80,65,78.49
110,私立,技專校院,1054,景文科技大學,新北市,363,363,140,223,0,0,0,18,5,13,95.28
110,私立,技專校院,1055,中華醫事科技大學,臺南市,632,624,139,485,0,0,0,197,41,156,76
110,私立,技專校院,1056,東南科技大學,新北市,224,224,137,87,0,0,0,106,55,51,67.88
110,私立,技專校院,1057,德明財經科技大學,臺北市,273,230,72,158,28,18,10,45,20,25,85.15
110,私立,一般大學,1058,明道學校財團法人明道大學,彰化縣,118,118,69,49,0,0,0,2,1,1,98.33
110,私立,技專校院,1060,南開科技大學,南投縣,175,158,118,40,0,0,0,14,11,3,91.86
110,私立,技專校院,1061,中華學校財團法人中華科技大學,新竹縣,128,128,111,17,0,0,0,22,14,8,85.33
110,私立,技專校院,1061,中華學校財團法人中華科技大學,臺北市,96,96,72,24,0,0,0,6,1,5,94.12
110,私立,技專校院,1062,僑光科技大學,臺中市,535,413,154,259,0,0,0,229,129,100,64.33
110,私立,技專校院,1063,廣亞學校財團法人育達科技大學,苗栗縣,159,159,68,91,0,0,0,200,80,120,44.29
110,私立,技專校院,1064,美和學校財團法人美和科技大學,屏東縣,262,262,81,181,0,0,0,0,0,0,100
110,私立,技專校院,1065,吳鳳科技大學,嘉義縣,756,243,162,81,0,0,0,23,9,14,91.35
110,私立,技專校院,1066,環球學校財團法人環球科技大學,雲林縣,140,118,64,54,0,0,0,18,11,7,86.76
110,私立,一般大學,1067,台灣首府學校財團法人台灣首府大學,臺南市,19,19,6,13,0,0,0,2,2,0,90.48
110,私立,技專校院,1068,中州學校財團法人中州科技大學,彰化縣,15,15,10,5,0,0,0,11,6,5,57.69
110,私立,技專校院,1069,修平學校財團法人修平科技大學,臺中市,328,267,216,51,0,0,0,97,66,31,73.35
110,私立,技專校院,1070,長庚學校財團法人長庚科技大學,桃園市,1349,1349,159,1190,0,0,0,47,4,43,96.63
110,私立,技專校院,1070,長庚學校財團法人長庚科技大學,嘉義縣,482,482,54,428,0,0,0,21,1,20,95.83
110,私立,技專校院,1071,城市學校財團法人臺北城市科技大學,臺北市,586,586,327,259,0,0,0,170,81,89,77.51
110,私立,技專校院,1072,大華學校財團法人敏實科技大學,新竹縣,52,52,43,9,0,0,0,0,0,0,100
110,私立,技專校院,1073,醒吾學校財團法人醒吾科技大學,新北市,704,454,167,287,24,13,11,94,56,38,83.57
110,私立,技專校院,1075,文藻學校財團法人文藻外語大學,高雄市,651,488,108,380,0,0,0,380,119,261,56.22
110,私立,技專校院,1076,華夏學校財團法人華夏科技大學,新北市,52,0,0,0,52,36,16,2,1,1,96.30
110,私立,技專校院,1077,慈濟學校財團法人慈濟科技大學,花蓮縣,549,541,103,438,0,0,0,51,6,45,91.39
110,私立,技專校院,1078,致理學校財團法人致理科技大學,新北市,494,336,92,244,30,0,30,33,12,21,91.73
110,私立,一般大學,1079,康寧學校財團法人康寧大學,臺北市,235,234,33,201,0,0,0,0,0,0,100
110,私立,技專校院,1080,宏國學校財團法人宏國德霖科技大學,新北市,72,72,42,30,0,0,0,3,2,1,96
110,私立,技專校院,1081,東方學校財團法人東方設計大學,高雄市,49,49,24,25,0,0,0,31,15,16,61.25
110,私立,技專校院,1082,崇右學校財團法人崇右影藝科技大學,基隆市,123,123,35,88,0,0,0,17,7,10,87.86
110,私立,技專校院,1083,台北海洋學校財團法人台北海洋科技大學,新北市,156,80,72,8,0,0,0,65,25,40,55.17
110,私立,技專校院,1083,台北海洋學校財團法人台北海洋科技大學,臺北市,185,185,144,41,0,0,0,62,27,35,74.90
110,私立,技專校院,1084,亞東學校財團法人亞東科技大學,新北市,112,93,50,43,0,0,0,17,9,8,84.55
110,私立,一般大學,1125,中信學校財團法人中信金融管理學院,臺南市,217,217,133,84,0,0,0,0,0,0,100
110,私立,技專校院,1148,大漢技術學院,花蓮縣,6,6,3,3,0,0,0,0,0,0,100
110,私立,技專校院,1168,南亞科技學校財團法人南亞技術學院,桃園市,137,137,104,33,0,0,0,18,13,5,88.39
110,私立,技專校院,1183,黎明技術學院,新北市,371,308,140,168,42,42,0,11,5,6,96.95
110,私立,技專校院,1185,經國管理暨健康學院,基隆市,156,156,37,119,0,0,0,20,5,15,88.64
110,私立,技專校院,1188,大同技術學院,嘉義市,0,42,26,16,0,0,0,3,0,3,93.33
110,私立,一般大學,1195,馬偕學校財團法人馬偕醫學院,新北市,164,164,53,111,0,0,0,0,0,0,100
110,私立,一般大學,1196,法鼓學校財團法人法鼓文理學院,新北市,61,61,18,43,0,0,0,0,0,0,100
110,私立,技專校院,1282,馬偕學校財團法人馬偕醫護管理專科學校,新北市,569,569,82,487,0,0,0,0,0,0,100
110,私立,技專校院,1282,馬偕學校財團法人馬偕醫護管理專科學校,臺北市,136,136,23,113,0,0,0,0,0,0,100
110,私立,技專校院,1283,仁德醫護管理專科學校,苗栗縣,638,638,126,512,0,0,0,14,5,9,97.85
110,私立,技專校院,1284,樹人醫護管理專科學校,高雄市,795,777,140,637,0,0,0,20,6,14,97.49
110,私立,技專校院,1285,慈惠醫護管理專科學校,屏東縣,156,76,0,76,80,33,47,2,0,2,98.73
110,私立,技專校院,1286,耕莘健康管理專科學校,宜蘭縣,244,244,32,212,0,0,0,0,0,0,100
110,私立,技專校院,1286,耕莘健康管理專科學校,新北市,370,370,7,363,0,0,0,2,0,2,99.46
110,私立,技專校院,1287,敏惠醫護管理專科學校,臺南市,432,432,57,375,0,0,0,8,0,8,98.18
110,私立,技專校院,1289,育英醫護管理專科學校,高雄市,88,88,8,80,0,0,0,6,0,6,93.62
110,私立,技專校院,1291,聖母醫護管理專科學校,宜蘭縣,263,263,30,233,0,0,0,0,0,0,100
110,私立,技專校院,1292,新生醫護管理專科學校,桃園市,450,450,40,410,0,0,0,4,0,4,99.12
110,私立,技專校院,1293,崇仁醫護管理專科學校,嘉義市,110,110,28,82,0,0,0,1,1,0,99.10
110,私立,技專校院,1293,崇仁醫護管理專科學校,嘉義縣,265,265,25,240,0,0,0,2,1,1,99.25
110,私立,宗教研修學院,1R02,學校財團法人中華浸信會基督教台灣浸會神學院,臺北市,13,13,8,5,0,0,0,0,0,0,100
110,私立,宗教研修學院,1R03,臺北基督學院,新北市,11,10,5,5,0,0,0,0,0,0,100
110,私立,宗教研修學院,1R05,台神學校財團法人台灣神學研究學院,臺北市,28,28,8,20,0,0,0,0,0,0,100
110,私立,宗教研修學院,1R07,台灣基督長老教會南神神學院,臺南市,11,0,0,0,11,4,7,3,2,1,78.57
110,私立,宗教研修學院,1R08,中華福音神學研究學院,桃園市,18,18,8,10,0,0,0,0,0,0,100
110,私立,宗教研修學院,1R09,唯心聖教學院,南投縣,0,0,0,0,0,0,0,9,1,8,0
110,公立,一般大學,3002,臺北市立大學,臺北市,777,733,313,420,0,0,0,35,22,13,95.44
