,學年度,學校代碼,學校名稱,項目,累積餘絀比率(%),資產效益率(%),學雜費收入變動率(%),現金流量比率(%),速動比率(%),負債變動率(%),舉債指數
,101,1001,東海大學,燈號,●,●,●,●,●,●,
,,,,比值,87,3.24,-0.76,99.54,373.52,12.83,0
,101,1002,輔仁大學,燈號,●,●,●,●,●,●,
,,,,比值,93.44,1.28,0.09,100.69,1076.7,25.35,0
,101,1003,東吳大學,燈號,●,●,●,●,●,●,
,,,,比值,88.43,0.25,-0.81,83.46,420.89,-5.03,0
,101,1004,中原大學,燈號,●,●,●,●,●,●,
,,,,比值,94.29,-0.02,0.59,85.45,430.51,-5.48,0
,101,1005,淡江大學,燈號,●,●,●,●,●,●,
,,,,比值,63.35,1.24,-0.8,42.4,126.01,4.5,0
,101,1006,中國文化大學,燈號,●,●,●,●,●,●,
,,,,比值,82.43,0.56,-0.26,199.4,1230.6,-4.01,0
,101,1007,逢甲大學,燈號,●,●,●,●,●,●,
,,,,比值,79.77,1.32,0.68,60.86,464.43,-12.05,0
,101,1008,靜宜大學,燈號,●,●,●,●,●,●,
,,,,比值,95.34,0.8,0.67,142.21,1469.43,-10.79,0
,101,1009,長庚大學,燈號,●,●,●,●,●,●,
,,,,比值,41.31,-0.41,0.26,252.89,832.96,-8.94,0
,101,1010,元智大學,燈號,●,●,●,●,●,●,
,,,,比值,83.47,1.99,0.24,142.46,241.45,-13.01,0
,101,1011,中華大學,燈號,●,●,●,●,●,●,
,,,,比值,85.75,0.68,0.03,68.69,287.14,0.38,0
,101,1012,大葉大學,燈號,●,●,●,●,●,●,
,,,,比值,91.87,0.78,3.47,84.33,372.38,18.89,0
,101,1013,華梵大學,燈號,●,●,●,●,●,●,
,,,,比值,75.72,-1.05,-3.12,10.51,799.17,-9.09,0
,101,1014,義守大學,燈號,●,●,●,●,●,●,
,,,,比值,72.5,1.66,1.72,41.29,56.42,-1.56,4.74
,101,1015,世新大學,燈號,●,●,●,●,●,●,
,,,,比值,82.65,-0.13,0.33,80.24,157.19,16.28,0
,101,1016,銘傳大學,燈號,●,●,●,●,●,●,
,,,,比值,89.76,2.92,0.82,166.93,308.29,-20.96,0
,101,1017,實踐大學,燈號,●,●,●,●,●,●,
,,,,比值,88.72,1.57,0.34,77.69,163.97,0.57,0
,101,1018,朝陽科技大學,燈號,●,●,●,●,●,●,
,,,,比值,83.97,5.24,1.94,112.28,301.13,-27.42,0
,101,1019,高雄醫學大學,燈號,●,●,●,●,●,●,
,,,,比值,90.75,3.51,-1.31,-0.25,85.39,-14.42,0
,101,1020,南華大學,燈號,●,●,●,●,●,●,
,,,,比值,91.53,-2.68,-3.36,49,156.89,28.09,0
,101,1021,真理大學,燈號,●,●,●,●,●,●,
,,,,比值,69.37,0.08,-1.98,62.19,15.59,-9.75,5.94
,101,1022,大同大學,燈號,●,●,●,●,●,●,
,,,,比值,90.17,0.27,0.3,44.73,33.37,-18.85,0
,101,1023,南臺科技大學,燈號,●,●,●,●,●,●,
,,,,比值,87.16,5.35,-1.54,146.7,416.91,2.72,0
,101,1024,崑山科技大學,燈號,●,●,●,●,●,●,
,,,,比值,64.11,0.91,-2.55,86.1,126.12,-4.83,0
,101,1025,嘉南藥理大學,燈號,●,●,●,●,●,●,
,,,,比值,90.87,4.15,0.99,457.24,625.39,-14.86,0
,101,1026,樹德科技大學,燈號,●,●,●,●,●,●,
,,,,比值,87.43,2.68,0.26,124.38,568.89,0.77,0
,101,1027,慈濟大學,燈號,●,●,●,●,●,●,
,,,,比值,93.5,1.02,0.74,200.1,1449.06,-5.3,0
,101,1028,臺北醫學大學,燈號,●,●,●,●,●,●,
,,,,比值,39.27,3.33,-0.39,-18.05,74.43,9.51,-11.08
,101,1029,中山醫學大學,燈號,●,●,●,●,●,●,
,,,,比值,41.46,3.71,-0.59,25.26,26.13,-6.88,47.02
,101,1030,龍華科技大學,燈號,●,●,●,●,●,●,
,,,,比值,92.57,2.87,3.07,174.14,1347.04,3.2,0
,101,1031,輔英科技大學,燈號,●,●,●,●,●,●,
,,,,比值,93.61,0.28,-1.9,87.2,445.75,7.56,0
,101,1032,明新科技大學,燈號,●,●,●,●,●,●,
,,,,比值,77.98,3.38,0.4,111.42,162.1,-21.67,0.24
,101,1033,長榮大學,燈號,●,●,●,●,●,●,
,,,,比值,84.84,2.12,1.85,189.38,372.24,-2.12,0
,101,1034,弘光科技大學,燈號,●,●,●,●,●,●,
,,,,比值,79.06,9,-0.49,139,215.51,-21.14,0
,101,1035,中國醫藥大學,燈號,●,●,●,●,●,●,
,,,,比值,87.74,4.68,-1.5,-5.79,78.29,-12.74,0
,101,1036,健行科技大學,燈號,●,●,●,●,●,●,
,,,,比值,90.16,5.39,0,198.75,927.9,-13.36,0
,101,1037,正修科技大學,燈號,●,●,●,●,●,●,
,,,,比值,81.08,5.97,3.23,147.14,202.7,-4.66,0
,101,1038,萬能科技大學,燈號,●,●,●,●,●,●,
,,,,比值,92.93,2.6,1.54,169,501.37,-5.86,0
,101,1039,玄奘大學,燈號,●,●,●,●,●,●,
,,,,比值,90.24,2.41,-0.73,129.2,644.89,1.74,0
,101,1040,建國科技大學,燈號,●,●,●,●,●,●,
,,,,比值,82.79,3.97,3.97,108.6,135.61,-11.83,0
,101,1041,明志科技大學,燈號,●,●,●,●,●,●,
,,,,比值,48.16,2.19,5.2,319.31,1527.09,1.77,0
,101,1042,高苑科技大學,燈號,●,●,●,●,●,●,
,,,,比值,91.6,-0.33,-5.61,55.04,238.17,-8.22,0
,101,1043,大仁科技大學,燈號,●,●,●,●,●,●,
,,,,比值,88.35,3.67,-4.05,116.01,225.49,-23.79,0
,101,1044,聖約翰科技大學,燈號,●,●,●,●,●,●,
,,,,比值,93.76,0.78,-4.61,162.65,1049.34,8.69,0
,101,1045,嶺東科技大學,燈號,●,●,●,●,●,●,
,,,,比值,86.94,5.41,6.41,320.81,1524.47,-12.9,0
,101,1046,中國科技大學,燈號,●,●,●,●,●,●,
,,,,比值,89.41,4.2,3.95,202.13,336.77,-39.09,0
,101,1047,中臺科技大學,燈號,●,●,●,●,●,●,
,,,,比值,87.82,3.25,0.6,138.02,330.98,-4.59,0
,101,1048,亞洲大學,燈號,●,●,●,●,●,●,
,,,,比值,85.21,5.94,0.29,124.19,229.84,-3.36,0
,101,1049,開南大學,燈號,●,●,●,●,●,●,
,,,,比值,65.93,3.18,2.45,21.21,22.62,-10.36,10.05
,101,1050,佛光大學,燈號,●,●,●,●,●,●,
,,,,比值,89.12,3.39,-1.79,203.2,110.97,-0.9,0
,101,1051,台南應用科技大學,燈號,●,●,●,●,●,●,
,,,,比值,89.61,5.86,0.09,196,678.42,-17.14,0
,101,1052,遠東科技大學,燈號,●,●,●,●,●,●,
,,,,比值,83.72,1.88,3.98,111.81,76.34,-31.9,0
,101,1053,元培醫事科技大學,燈號,●,●,●,●,●,●,
,,,,比值,90.91,4.67,-2.35,201.25,826.73,-11.36,0
,101,1054,景文科技大學,燈號,●,●,●,●,●,●,
,,,,比值,91.11,-0.72,0.34,48.45,371.57,-4.75,0
,101,1055,中華醫事科技大學,燈號,●,●,●,●,●,●,
,,,,比值,82.2,1.66,-1.85,67.71,61.78,-18.74,1.71
,101,1056,東南科技大學,燈號,●,●,●,●,●,●,
,,,,比值,88.43,-1.61,0.32,55.83,439.68,8.05,0
,101,1057,德明財經科技大學,燈號,●,●,●,●,●,●,
,,,,比值,91.95,5.21,8.76,229.61,1374.25,23.43,0
,101,1058,明道大學,燈號,●,●,●,●,●,●,
,,,,比值,66.69,0.78,0.33,45.55,32.05,-3.72,4.12
,101,1059,康寧大學,燈號,●,●,●,●,●,●,
,,,,比值,83.53,0.81,-7.41,47.33,14.97,-22.59,1.08
,101,1060,南開科技大學,燈號,●,●,●,●,●,●,
,,,,比值,85.54,3.58,0.53,110,415.78,-19.4,0
,101,1061,中華科技大學,燈號,●,●,●,●,●,●,
,,,,比值,76.67,3.11,3.59,55.37,31.79,-7.15,2.1
,101,1062,僑光科技大學,燈號,●,●,●,●,●,●,
,,,,比值,92.53,4.05,3.85,223.43,624.31,3.54,0
,101,1063,育達科技大學,燈號,●,●,●,●,●,●,
,,,,比值,93.5,-0.23,-5.69,70.36,610.97,-22.59,0
,101,1064,美和科技大學,燈號,●,●,●,●,●,●,
,,,,比值,72.05,2.18,1.85,88.42,132.78,-5.42,0
,101,1065,吳鳳科技大學,燈號,●,●,●,●,●,●,
,,,,比值,87.95,1.17,0.55,92.78,163.9,-16.22,0.63
,101,1066,環球科技大學,燈號,●,●,●,●,●,●,
,,,,比值,76.53,0.18,1.2,54.54,72.54,-7.53,2.04
,101,1067,台灣首府大學,燈號,●,●,●,●,●,●,
,,,,比值,91.01,2.72,11.02,64.88,134.13,-40.36,0
,101,1068,中州科技大學,燈號,●,●,●,●,●,●,
,,,,比值,75.05,4.89,-2.27,117.07,134.37,-17.67,0.08
,101,1069,修平科技大學,燈號,●,●,●,●,●,●,
,,,,比值,81.13,4.59,2.74,118.29,126.84,-6.02,0.03
,101,1070,長庚科技大學,燈號,●,●,●,●,●,●,
,,,,比值,45.51,1.51,-1.6,338.81,649.43,-22.36,0
,101,1071,臺北城市科技大學,燈號,●,●,●,●,●,●,
,,,,比值,58.39,3.97,4.65,283.14,929.76,-0.69,0
,101,1072,大華科技大學,燈號,●,●,●,●,●,●,
,,,,比值,97.32,-2.13,-4.3,52.8,454.64,-4.04,0
,101,1073,醒吾科技大學,燈號,●,●,●,●,●,●,
,,,,比值,83.82,4.59,3.26,139.22,222.41,-11.86,0
,101,1074,南榮科技大學,燈號,●,●,●,●,●,●,
,,,,比值,98.78,-6.12,-13.45,-43.87,355.96,-12.71,0
,101,1075,文藻外語大學,燈號,●,●,●,●,●,●,
,,,,比值,89.12,4.74,-2.66,169.4,535.73,-12.62,0
,101,1076,華夏科技大學,燈號,●,●,●,●,●,●,
,,,,比值,88.7,2.3,-1.86,67.77,201.5,-34.1,0
,101,1077,慈濟科技大學,燈號,●,●,●,●,●,●,
,,,,比值,91.09,0.35,-0.98,133.6,281.29,-4.68,0
,101,1078,致理科技大學,燈號,●,●,●,●,●,●,
,,,,比值,89.82,4.94,4.08,176.02,679.63,-31.97,0
,101,1125,中信金融管理學院,燈號,●,●,●,●,●,●,
,,,,比值,94.69,-5.84,39.44,-219.38,605.39,-7.5,0
,101,1148,大漢技術學院,燈號,●,●,●,●,●,●,
,,,,比值,96.17,1.78,-13.14,328.73,1200.15,-54.44,0
,101,1159,和春技術學院,燈號,●,●,●,●,●,●,
,,,,比值,95.97,-1.19,-6.53,102.4,205.38,-13.59,0
,101,1166,亞東技術學院,燈號,●,●,●,●,●,●,
,,,,比值,40.16,2.86,3.96,568.69,2916.69,15.99,0
,101,1168,桃園創新技術學院,燈號,●,●,●,●,●,●,
,,,,比值,83.25,0.77,-2.93,92.51,56.61,-21.95,2.74
,101,1176,稻江科技暨管理學院,燈號,●,●,●,●,●,●,
,,,,比值,94.03,-6.59,20.47,-85.1,521.71,36.53,0
,101,1179,德霖技術學院,燈號,●,●,●,●,●,●,
,,,,比值,92.5,4.4,-0.91,263.1,1724.29,-18.61,0
,101,1182,蘭陽技術學院,燈號,●,●,●,●,●,●,
,,,,比值,99.99,-4.63,-11.74,60.27,97.75,-10.17,0
,101,1183,黎明技術學院,燈號,●,●,●,●,●,●,
,,,,比值,85.65,-2.45,-3.42,59.86,60.88,-10.83,3.93
,101,1184,東方設計學院,燈號,●,●,●,●,●,●,
,,,,比值,92.87,1.19,3.07,112.29,369.06,-13.72,0
,101,1185,經國管理暨健康學院,燈號,●,●,●,●,●,●,
,,,,比值,94.28,1.14,-2.4,121.68,924.56,3.93,0
,101,1187,崇右技術學院,燈號,●,●,●,●,●,●,
,,,,比值,80.8,4.01,-4.77,115.78,257.19,-11.09,0
,101,1188,大同技術學院,燈號,●,●,●,●,●,●,
,,,,比值,91.75,2.14,-7.18,137.58,295.19,-49.23,0
,101,1189,亞太創意技術學院,燈號,●,●,●,●,●,●,
,,,,比值,81.18,0.11,-11.44,25.83,17.18,-17.29,3.35
,101,1192,臺灣觀光學院,燈號,●,●,●,●,●,●,
,,,,比值,81.02,-0.88,-11.52,122.06,223.15,-18.68,0
,101,1195,馬偕醫學院,燈號,●,●,●,●,●,●,
,,,,比值,85.42,1.03,50.74,108.94,347,13.46,0
,101,1196,法鼓文理學院,燈號,●,●,●,●,●,●,
,,,,比值,75.4,-0.63,6.35,74.6,773.06,-47.93,0
,101,1197,台北海洋技術學院,燈號,●,●,●,●,●,●,
,,,,比值,63.37,7.38,6.52,114.72,157.11,88.85,1.79
,101,1281,康寧醫護暨管理專科學校,燈號,●,●,●,●,●,●,
,,,,比值,89.65,0.03,-3.15,83.32,361.51,-3.48,0
,101,1282,馬偕醫護管理專科學校,燈號,●,●,●,●,●,●,
,,,,比值,75.44,0.89,6.89,147.85,256.01,-4.51,0.42
,101,1283,仁德醫護管理專科學校,燈號,●,●,●,●,●,●,
,,,,比值,85.17,7.56,4.9,225.95,520.8,-7.06,0
,101,1284,樹人醫護管理專科學校,燈號,●,●,●,●,●,●,
,,,,比值,88.37,6.92,8.18,262.88,642.02,18.56,0
,101,1285,慈惠醫護管理專科學校,燈號,●,●,●,●,●,●,
,,,,比值,68.09,8.04,10.02,130.12,163.06,-9.57,0.67
,101,1286,耕莘健康管理專科學校,燈號,●,●,●,●,●,●,
,,,,比值,56.83,3.13,14.11,39.72,62.49,-5.62,4.69
,101,1287,敏惠醫護管理專科學校,燈號,●,●,●,●,●,●,
,,,,比值,68.51,8.46,7.15,94.61,92.87,-18.94,0.55
,101,1288,高美醫護管理專科學校,燈號,●,●,●,●,●,●,
,,,,比值,82.11,-0.21,24.43,31.04,33,-0.08,8.56
,101,1289,育英醫護管理專科學校,燈號,●,●,●,●,●,●,
,,,,比值,84.81,3.66,1.44,158.87,480.79,5.55,0
,101,1290,崇仁醫護管理專科學校,燈號,●,●,●,●,●,●,
,,,,比值,86.85,1.68,5.81,153.39,139.57,-33.92,0
,101,1291,聖母醫護管理專科學校,燈號,●,●,●,●,●,●,
,,,,比值,63.98,8.44,7.9,151.18,304.6,20.37,0
,101,1292,新生醫護管理專科學校,燈號,●,●,●,●,●,●,
,,,,比值,74.14,4.35,7.85,80.85,48.44,2.79,1.97
,101,1R02,基督教台灣浸會神學院,燈號,●,●,●,●,●,●,
,,,,比值,97.07,0.18,-21.53,272.56,329.31,24.58,0
,101,1R03,臺北基督學院,燈號,●,●,●,●,●,●,
,,,,比值,0,54.02,0,357.62,381.32,0,0
,102,1001,東海大學,燈號,●,●,●,●,●,●,
,,,,比值,87.9,2.55,0.62,99.63,413.98,-3.74,0
,102,1002,輔仁大學,燈號,●,●,●,●,●,●,
,,,,比值,93.14,0.83,1.1,79.55,854.63,16.16,0
,102,1003,東吳大學,燈號,●,●,●,●,●,●,
,,,,比值,88.71,0.09,-1.14,83.24,383.49,11.16,0
,102,1004,中原大學,燈號,●,●,●,●,●,●,
,,,,比值,94.26,-0.42,0.18,49.19,368.13,7.29,0
,102,1005,淡江大學,燈號,●,●,●,●,●,●,
,,,,比值,63.83,0.71,-0.43,39.27,115.66,1.25,0
,102,1006,中國文化大學,燈號,●,●,●,●,●,●,
,,,,比值,82.84,-0.58,0.33,120.79,885.8,30.01,0
,102,1007,逢甲大學,燈號,●,●,●,●,●,●,
,,,,比值,78.42,1.67,0.48,66.78,452.81,0.45,0
,102,1008,靜宜大學,燈號,●,●,●,●,●,●,
,,,,比值,98.42,-2.04,-0.4,136.89,1562.04,-8.71,0
,102,1009,長庚大學,燈號,●,●,●,●,●,●,
,,,,比值,38.75,-0.74,-0.92,-7.18,819.9,-0.89,0
,102,1010,元智大學,燈號,●,●,●,●,●,●,
,,,,比值,44.09,1.5,-2.24,96.97,236.25,-7.29,0
,102,1011,中華大學,燈號,●,●,●,●,●,●,
,,,,比值,85.4,0.55,0.79,58.96,275.83,5.67,0
,102,1012,大葉大學,燈號,●,●,●,●,●,●,
,,,,比值,90.57,1.72,7.51,90.79,370.43,9.59,0
,102,1013,華梵大學,燈號,●,●,●,●,●,●,
,,,,比值,76,-2.15,-2.75,-0.42,740.31,-1.37,0
,102,1014,義守大學,燈號,●,●,●,●,●,●,
,,,,比值,76.1,1.92,2.55,43.24,52.09,-18.15,3.32
,102,1015,世新大學,燈號,●,●,●,●,●,●,
,,,,比值,83.67,0.92,0.14,140.88,217.34,-22.89,0
,102,1016,銘傳大學,燈號,●,●,●,●,●,●,
,,,,比值,90.92,2.68,1.08,157.38,359.09,-11.34,0
,102,1017,實踐大學,燈號,●,●,●,●,●,●,
,,,,比值,87.37,2.31,-0.47,71.94,177,-11.3,0
,102,1018,朝陽科技大學,燈號,●,●,●,●,●,●,
,,,,比值,81.27,6.36,2.53,114.16,302.84,11.22,0
,102,1019,高雄醫學大學,燈號,●,●,●,●,●,●,
,,,,比值,91.85,2.77,0.95,-4.42,82.95,-7.16,0
,102,1020,南華大學,燈號,●,●,●,●,●,●,
,,,,比值,91.13,-1.29,1.67,35.71,162.12,-25.84,0
,102,1021,真理大學,燈號,●,●,●,●,●,●,
,,,,比值,70.69,1.33,-1.13,52.49,11.96,-10.32,7.41
,102,1022,大同大學,燈號,●,●,●,●,●,●,
,,,,比值,85.87,0.22,-2.77,57.59,28.16,-21.65,0
,102,1023,南臺科技大學,燈號,●,●,●,●,●,●,
,,,,比值,86.71,6.97,-2.2,179.25,547.63,-10.51,0
,102,1024,崑山科技大學,燈號,●,●,●,●,●,●,
,,,,比值,65.08,0.8,-2.11,82.06,76.25,-5.03,0.45
,102,1025,嘉南藥理大學,燈號,●,●,●,●,●,●,
,,,,比值,90.5,4.34,0.08,343.88,414.71,9.45,0
,102,1026,樹德科技大學,燈號,●,●,●,●,●,●,
,,,,比值,87.89,1.65,-1.24,102.96,557.91,9.79,0
,102,1027,慈濟大學,燈號,●,●,●,●,●,●,
,,,,比值,93.81,0.72,1.52,63.81,1715.65,-11.51,0
,102,1028,臺北醫學大學,燈號,●,●,●,●,●,●,
,,,,比值,40.08,4.34,-0.88,-44.2,84.19,0.29,-6.96
,102,1029,中山醫學大學,燈號,●,●,●,●,●,●,
,,,,比值,45.05,4.09,-0.78,12.2,30.65,-7.21,516.59
,102,1030,龍華科技大學,燈號,●,●,●,●,●,●,
,,,,比值,92.22,3.76,2.04,217.87,1575.43,-9.44,0
,102,1031,輔英科技大學,燈號,●,●,●,●,●,●,
,,,,比值,90.89,2.87,-1.67,66.04,431.12,6.3,0
,102,1032,明新科技大學,燈號,●,●,●,●,●,●,
,,,,比值,79.49,2.22,-0.23,96.05,174.74,0.78,0
,102,1033,長榮大學,燈號,●,●,●,●,●,●,
,,,,比值,86.52,2.12,1.41,163.06,546.15,-8.21,0
,102,1034,弘光科技大學,燈號,●,●,●,●,●,●,
,,,,比值,80.24,8.87,0.86,135.39,310.33,1.18,0
,102,1035,中國醫藥大學,燈號,●,●,●,●,●,●,
,,,,比值,85.87,7.63,-1.98,-15.05,99.89,0.22,0
,102,1036,健行科技大學,燈號,●,●,●,●,●,●,
,,,,比值,91.23,4.22,-3.52,174.39,955.31,5.63,0
,102,1037,正修科技大學,燈號,●,●,●,●,●,●,
,,,,比值,83.57,5.92,2.6,173.03,215.92,-15.81,0
,102,1038,萬能科技大學,燈號,●,●,●,●,●,●,
,,,,比值,90.21,4.21,7.81,190.01,503.03,34.02,0
,102,1039,玄奘大學,燈號,●,●,●,●,●,●,
,,,,比值,91.51,1.1,2.36,89.12,606.1,2.3,0
,102,1040,建國科技大學,燈號,●,●,●,●,●,●,
,,,,比值,81.57,4.83,2.1,118.08,148.75,10.02,0
,102,1041,明志科技大學,燈號,●,●,●,●,●,●,
,,,,比值,48.11,0.88,4.64,98.77,1716.15,-6.58,0
,102,1042,高苑科技大學,燈號,●,●,●,●,●,●,
,,,,比值,90.36,1.13,1.14,67.24,265.38,-1.68,0
,102,1043,大仁科技大學,燈號,●,●,●,●,●,●,
,,,,比值,86.41,4.87,-4.92,101.11,259.79,18.6,0
,102,1044,聖約翰科技大學,燈號,●,●,●,●,●,●,
,,,,比值,95.86,-0.99,-9.35,84.25,1038.65,-9.81,0
,102,1045,嶺東科技大學,燈號,●,●,●,●,●,●,
,,,,比值,87.01,5.66,3.83,293.71,1476.68,2.23,0
,102,1046,中國科技大學,燈號,●,●,●,●,●,●,
,,,,比值,88.16,3.08,2.08,158.52,375.47,25.79,0
,102,1047,中臺科技大學,燈號,●,●,●,●,●,●,
,,,,比值,89.87,2.2,-3.67,100.07,381.91,-10.28,0
,102,1048,亞洲大學,燈號,●,●,●,●,●,●,
,,,,比值,86.95,4.6,0.62,142.76,280.33,-20.26,0
,102,1049,開南大學,燈號,●,●,●,●,●,●,
,,,,比值,69,4.24,-1.31,27.27,31.39,-14.01,3.32
,102,1050,佛光大學,燈號,●,●,●,●,●,●,
,,,,比值,92.02,0.95,0.68,105.85,110.05,-16.11,0
,102,1051,台南應用科技大學,燈號,●,●,●,●,●,●,
,,,,比值,90.04,5.52,-1.49,204.84,705.85,4.26,0
,102,1052,遠東科技大學,燈號,●,●,●,●,●,●,
,,,,比值,83.82,4.3,-1.7,136.68,66,-16.91,0
,102,1053,元培醫事科技大學,燈號,●,●,●,●,●,●,
,,,,比值,91.88,3.04,-5.24,159.99,791.95,19.13,0
,102,1054,景文科技大學,燈號,●,●,●,●,●,●,
,,,,比值,91.57,-1.75,-2.49,36.27,349.14,5.24,0
,102,1055,中華醫事科技大學,燈號,●,●,●,●,●,●,
,,,,比值,85.02,2.03,-1.85,76.42,66.69,-20.78,0.76
,102,1056,東南科技大學,燈號,●,●,●,●,●,●,
,,,,比值,83.69,2.59,1.56,108.31,425.01,18.78,0
,102,1057,德明財經科技大學,燈號,●,●,●,●,●,●,
,,,,比值,92.25,4.92,4.28,206.48,1483.27,2.24,0
,102,1058,明道大學,燈號,●,●,●,●,●,●,
,,,,比值,69.03,0.28,-0.26,29.55,22.86,-8.64,6.84
,102,1059,康寧大學,燈號,●,●,●,●,●,●,
,,,,比值,87.23,-2.2,2.04,21.15,16.74,-10.49,2.67
,102,1060,南開科技大學,燈號,●,●,●,●,●,●,
,,,,比值,86.17,2.36,-1.54,90.19,353.25,8.17,0
,102,1061,中華科技大學,燈號,●,●,●,●,●,●,
,,,,比值,79.21,3.35,0.06,69.26,41.2,-13.19,1.08
,102,1062,僑光科技大學,燈號,●,●,●,●,●,●,
,,,,比值,92.54,4.15,5.32,220.24,816.43,0.78,0
,102,1063,育達科技大學,燈號,●,●,●,●,●,●,
,,,,比值,91.36,0.45,-8.97,77.22,459.11,38.56,0
,102,1064,美和科技大學,燈號,●,●,●,●,●,●,
,,,,比值,70.53,2.66,-0.04,90.09,117.23,-6.78,0
,102,1065,吳鳳科技大學,燈號,●,●,●,●,●,●,
,,,,比值,88.73,0.99,-0.5,117.24,192.3,-5.12,0
,102,1066,環球科技大學,燈號,●,●,●,●,●,●,
,,,,比值,74.33,-0.81,-8.11,36.11,57.6,25.4,25.47
,102,1067,台灣首府大學,燈號,●,●,●,●,●,●,
,,,,比值,93.6,1.01,-10.73,89.97,167.53,-24.19,0
,102,1068,中州科技大學,燈號,●,●,●,●,●,●,
,,,,比值,80.81,2.5,-9.87,84.31,152.53,-18.7,0
,102,1069,修平科技大學,燈號,●,●,●,●,●,●,
,,,,比值,82.34,4.33,0.18,112.79,173.42,-2.92,0
,102,1070,長庚科技大學,燈號,●,●,●,●,●,●,
,,,,比值,46.88,0.01,-1.59,113.16,678.22,-2.65,0
,102,1071,臺北城市科技大學,燈號,●,●,●,●,●,●,
,,,,比值,58.95,3.96,4.24,202.97,708.21,9.06,0
,102,1072,大華科技大學,燈號,●,●,●,●,●,●,
,,,,比值,98.04,-7.06,-9.31,18.16,191.23,83.38,0
,102,1073,醒吾科技大學,燈號,●,●,●,●,●,●,
,,,,比值,86.48,4.06,1.5,147.87,313.6,-16.78,0
,102,1074,南榮科技大學,燈號,●,●,●,●,●,●,
,,,,比值,94.14,-1.84,1.69,36.1,300.29,0.2,0
,102,1075,文藻外語大學,燈號,●,●,●,●,●,●,
,,,,比值,90.59,3.36,0.44,159.85,645.02,-1.4,0
,102,1076,華夏科技大學,燈號,●,●,●,●,●,●,
,,,,比值,90.62,0.82,-2.72,80.79,184.48,-4.2,0
,102,1077,慈濟科技大學,燈號,●,●,●,●,●,●,
,,,,比值,91.28,0.24,3.72,132.07,299.63,-2.4,0
,102,1078,致理科技大學,燈號,●,●,●,●,●,●,
,,,,比值,88.05,6.37,5.72,216.06,636.84,18.42,0
,102,1125,中信金融管理學院,燈號,●,●,●,●,●,●,
,,,,比值,94.91,-8.08,47.81,-98.17,266.1,52.66,0
,102,1148,大漢技術學院,燈號,●,●,●,●,●,●,
,,,,比值,92.94,4.24,-11.05,309.41,1032.33,50.83,0
,102,1159,和春技術學院,燈號,●,●,●,●,●,●,
,,,,比值,94.18,-0.3,-12.82,127.72,225.16,27.01,0
,102,1166,亞東技術學院,燈號,●,●,●,●,●,●,
,,,,比值,40.89,2.09,1.58,511.63,3915.26,-14.6,0
,102,1168,桃園創新技術學院,燈號,●,●,●,●,●,●,
,,,,比值,85.07,0.89,-5,90.39,73.61,-13.15,1.68
,102,1176,稻江科技暨管理學院,燈號,●,●,●,●,●,●,
,,,,比值,94.52,-8.48,9.07,-122.81,312.08,11.19,0
,102,1179,德霖技術學院,燈號,●,●,●,●,●,●,
,,,,比值,92.34,4.08,-4.52,200.68,1564.83,21.57,0
,102,1182,蘭陽技術學院,燈號,●,●,●,●,●,●,
,,,,比值,97.47,-7.04,-24.57,7.01,107.66,107.94,-0.45
,102,1183,黎明技術學院,燈號,●,●,●,●,●,●,
,,,,比值,79.21,-1.13,0.71,51.08,71.79,36.63,1.88
,102,1184,東方設計學院,燈號,●,●,●,●,●,●,
,,,,比值,94.24,-0.71,-1.67,83.27,307.73,8.64,0
,102,1185,經國管理暨健康學院,燈號,●,●,●,●,●,●,
,,,,比值,89.23,-0.24,-6.97,76.45,649.78,156.45,0
,102,1187,崇右技術學院,燈號,●,●,●,●,●,●,
,,,,比值,82.98,3.69,0.45,126.94,303.59,-10.48,0
,102,1188,大同技術學院,燈號,●,●,●,●,●,●,
,,,,比值,93.65,0.61,-9.06,98.73,343.76,-6.29,0
,102,1189,亞太創意技術學院,燈號,●,●,●,●,●,●,
,,,,比值,82.45,0.03,-12.14,30.71,14.92,-8.71,3.64
,102,1192,臺灣觀光學院,燈號,●,●,●,●,●,●,
,,,,比值,81.47,-0.78,-14.93,54.15,174.14,-5.68,0
,102,1195,馬偕醫學院,燈號,●,●,●,●,●,●,
,,,,比值,83.96,4.29,27.42,337.32,889.15,-44.87,0
,102,1196,法鼓文理學院,燈號,●,●,●,●,●,●,
,,,,比值,72.65,2.16,-3.27,311.24,670.32,87.48,0
,102,1197,台北海洋技術學院,燈號,●,●,●,●,●,●,
,,,,比值,64.52,5.78,0.55,121.96,132.71,8.19,3.35
,102,1281,康寧醫護暨管理專科學校,燈號,●,●,●,●,●,●,
,,,,比值,91.79,0.46,1.37,98.62,217.16,-55.7,0
,102,1282,馬偕醫護管理專科學校,燈號,●,●,●,●,●,●,
,,,,比值,76.25,0.99,6.31,81.47,289.14,-7.94,0
,102,1283,仁德醫護管理專科學校,燈號,●,●,●,●,●,●,
,,,,比值,86.86,8.66,0.96,271.06,774.73,-33.08,0
,102,1284,樹人醫護管理專科學校,燈號,●,●,●,●,●,●,
,,,,比值,87.12,8.07,6.98,260.24,749.16,12.88,0
,102,1285,慈惠醫護管理專科學校,燈號,●,●,●,●,●,●,
,,,,比值,78.93,8.48,4.95,178.08,166.12,-50.4,0
,102,1286,耕莘健康管理專科學校,燈號,●,●,●,●,●,●,
,,,,比值,59.75,3.16,3.68,118.35,224.22,-7.29,3.58
,102,1287,敏惠醫護管理專科學校,燈號,●,●,●,●,●,●,
,,,,比值,73.19,7.28,4.36,106.21,120.85,-10.79,0
,102,1288,高美醫護管理專科學校,燈號,●,●,●,●,●,●,
,,,,比值,69.67,1.64,-0.31,71.42,70.74,87.19,0
,102,1289,育英醫護管理專科學校,燈號,●,●,●,●,●,●,
,,,,比值,86.09,2.23,1.34,126.39,473.95,8.75,0
,102,1290,崇仁醫護管理專科學校,燈號,●,●,●,●,●,●,
,,,,比值,89.84,1.89,6.33,158.21,200.41,-21.41,0
,102,1291,聖母醫護管理專科學校,燈號,●,●,●,●,●,●,
,,,,比值,70.35,7.39,2.9,148.7,356.89,-21.1,0
,102,1292,新生醫護管理專科學校,燈號,●,●,●,●,●,●,
,,,,比值,72.84,3.7,7.74,69.29,62.12,19.25,2.53
,102,1R02,基督教台灣浸會神學院,燈號,●,●,●,●,●,●,
,,,,比值,97.2,0.08,18.74,120.6,438.25,-24.75,0
,102,1R03,臺北基督學院,燈號,●,●,●,●,●,●,
,,,,比值,23.11,6.8,72.92,90.91,257.42,116.74,0
,103,1001,東海大學,燈號,●,●,●,●,●,●,
,,,,比值,87.24,3.51,0.56,98.93,477.68,-1.87,0
,103,1002,輔仁大學,燈號,●,●,●,●,●,●,
,,,,比值,88.65,1.27,0.64,100.55,932.8,78.22,0
,103,1003,東吳大學,燈號,●,●,●,●,●,●,
,,,,比值,88.77,0.54,0.39,71.81,427.71,-6.43,0
,103,1004,中原大學,燈號,●,●,●,●,●,●,
,,,,比值,92.59,0.27,0.69,71.84,307.09,18.44,0
,103,1005,淡江大學,燈號,●,●,●,●,●,●,
,,,,比值,64.32,0.43,-1.14,37.37,110.9,-2.06,0
,103,1006,中國文化大學,燈號,●,●,●,●,●,●,
,,,,比值,81.97,0.68,0.61,161.33,974.25,-9.5,0
,103,1007,逢甲大學,燈號,●,●,●,●,●,●,
,,,,比值,77.08,2.53,0.56,68.28,454.1,-0.31,0
,103,1008,靜宜大學,燈號,●,●,●,●,●,●,
,,,,比值,95.9,0.66,-0.3,156.78,1564.57,-6.21,0
,103,1009,長庚大學,燈號,●,●,●,●,●,●,
,,,,比值,39.65,0.4,-0.03,62.09,928.42,-2.24,0
,103,1010,元智大學,燈號,●,●,●,●,●,●,
,,,,比值,48.54,1.34,-0.66,172.04,255.96,2.28,0
,103,1011,中華大學,燈號,●,●,●,●,●,●,
,,,,比值,84.85,0.52,1.52,73.91,255.27,7.26,0
,103,1012,大葉大學,燈號,●,●,●,●,●,●,
,,,,比值,87.36,3.39,8.06,107.41,404.51,37.4,0
,103,1013,華梵大學,燈號,●,●,●,●,●,●,
,,,,比值,76.05,-2.44,-4.09,-13.17,671.71,5.63,0
,103,1014,義守大學,燈號,●,●,●,●,●,●,
,,,,比值,78.17,3.57,2.56,73.49,69.67,-18.01,0.83
,103,1015,世新大學,燈號,●,●,●,●,●,●,
,,,,比值,83.5,1.19,0.87,143.12,229.49,29.81,0
,103,1016,銘傳大學,燈號,●,●,●,●,●,●,
,,,,比值,90.76,3.32,0.99,153.79,385.21,-4.96,0
,103,1017,實踐大學,燈號,●,●,●,●,●,●,
,,,,比值,88.2,2.49,0.05,79.34,210.04,-13.73,0
,103,1018,朝陽科技大學,燈號,●,●,●,●,●,●,
,,,,比值,77.98,4.68,0.64,110.22,269.1,-6.81,0
,103,1019,高雄醫學大學,燈號,●,●,●,●,●,●,
,,,,比值,92.11,2.94,0.16,-30.58,108.16,-6.79,0
,103,1020,南華大學,燈號,●,●,●,●,●,●,
,,,,比值,90.24,-2.62,14.19,77.59,142.92,58.3,0
,103,1021,真理大學,燈號,●,●,●,●,●,●,
,,,,比值,73.04,2.83,-0.42,82.87,20.63,-15.39,4.32
,103,1022,大同大學,燈號,●,●,●,●,●,●,
,,,,比值,95.08,0.76,-3.91,63.05,50.22,-5.06,0
,103,1023,南臺科技大學,燈號,●,●,●,●,●,●,
,,,,比值,89.32,6.24,2.46,227.81,768.95,-28.17,0
,103,1024,崑山科技大學,燈號,●,●,●,●,●,●,
,,,,比值,65.21,1.56,1.52,109.69,119.51,-3.61,0
,103,1025,嘉南藥理大學,燈號,●,●,●,●,●,●,
,,,,比值,90.43,3.69,0.7,201.73,211.96,18.86,0
,103,1026,樹德科技大學,燈號,●,●,●,●,●,●,
,,,,比值,87.05,1.37,0.07,70.16,444.69,16.11,0
,103,1027,慈濟大學,燈號,●,●,●,●,●,●,
,,,,比值,93.62,0.93,-0.79,211.18,1792.36,0.77,0
,103,1028,臺北醫學大學,燈號,●,●,●,●,●,●,
,,,,比值,42.15,3.32,-2.59,-19.53,78.74,-0.33,-8.11
,103,1029,中山醫學大學,燈號,●,●,●,●,●,●,
,,,,比值,48.57,4.28,-0.03,19.39,27.97,-6.39,57.15
,103,1030,龍華科技大學,燈號,●,●,●,●,●,●,
,,,,比值,93.19,4.1,2.8,319.73,2755.59,-34.42,0
,103,1031,輔英科技大學,燈號,●,●,●,●,●,●,
,,,,比值,91.39,3.03,-1.5,93.91,516.08,-8.68,0
,103,1032,明新科技大學,燈號,●,●,●,●,●,●,
,,,,比值,81.34,2.6,-0.05,96.92,226.71,-11.91,0
,103,1033,長榮大學,燈號,●,●,●,●,●,●,
,,,,比值,87.87,3.57,3.38,205.74,599.95,-41.71,0
,103,1034,弘光科技大學,燈號,●,●,●,●,●,●,
,,,,比值,81.7,7.41,0.26,127.95,364.55,7.98,0
,103,1035,中國醫藥大學,燈號,●,●,●,●,●,●,
,,,,比值,86.21,8.26,0.17,-16.27,90.57,-9.84,0
,103,1036,健行科技大學,燈號,●,●,●,●,●,●,
,,,,比值,93.03,2.61,-1.39,152.74,950.91,-3.68,0
,103,1037,正修科技大學,燈號,●,●,●,●,●,●,
,,,,比值,83.65,6.01,2.44,167.83,270.45,5.99,0
,103,1038,萬能科技大學,燈號,●,●,●,●,●,●,
,,,,比值,90.5,5.95,3.91,265.76,924.38,-32.9,0
,103,1039,玄奘大學,燈號,●,●,●,●,●,●,
,,,,比值,88.98,2.92,3.83,115.87,527.24,23.78,0
,103,1040,建國科技大學,燈號,●,●,●,●,●,●,
,,,,比值,85.36,3.58,-3.08,88.14,158.87,-18.58,0
,103,1041,明志科技大學,燈號,●,●,●,●,●,●,
,,,,比值,50.3,0.44,1.95,145.3,1711.91,7.18,0
,103,1042,高苑科技大學,燈號,●,●,●,●,●,●,
,,,,比值,89.9,2.76,0.99,91.84,360.76,-15.22,0
,103,1043,大仁科技大學,燈號,●,●,●,●,●,●,
,,,,比值,93.63,0.3,-7.35,49.67,360.8,-34.45,0
,103,1044,聖約翰科技大學,燈號,●,●,●,●,●,●,
,,,,比值,100.38,-4.61,-10.13,-27.99,1138.83,-12.62,0
,103,1045,嶺東科技大學,燈號,●,●,●,●,●,●,
,,,,比值,88.28,4.79,0.88,279.03,1549.12,-1.51,0
,103,1046,中國科技大學,燈號,●,●,●,●,●,●,
,,,,比值,87.75,4.05,3.54,179.2,348.19,-7.42,0
,103,1047,中臺科技大學,燈號,●,●,●,●,●,●,
,,,,比值,89.61,3.39,-0.23,139.96,466.22,-8.84,0
,103,1048,亞洲大學,燈號,●,●,●,●,●,●,
,,,,比值,78.55,6.37,1.06,122.34,118.8,51.53,0
,103,1049,開南大學,燈號,●,●,●,●,●,●,
,,,,比值,72.51,4.98,-0.79,37.18,53.52,-16.07,1.07
,103,1050,佛光大學,燈號,●,●,●,●,●,●,
,,,,比值,93.57,-0.5,18.37,94.16,109.7,-5.69,0
,103,1051,台南應用科技大學,燈號,●,●,●,●,●,●,
,,,,比值,90.63,5.36,-0.97,210.1,814.06,-5.16,0
,103,1052,遠東科技大學,燈號,●,●,●,●,●,●,
,,,,比值,86.36,4.24,-6.01,111.85,114.04,-21.1,0
,103,1053,元培醫事科技大學,燈號,●,●,●,●,●,●,
,,,,比值,90.18,3.59,-2.14,129.13,653.1,29.82,0
,103,1054,景文科技大學,燈號,●,●,●,●,●,●,
,,,,比值,91.34,0.93,-2.39,46,467.98,-28.46,0
,103,1055,中華醫事科技大學,燈號,●,●,●,●,●,●,
,,,,比值,87.69,2.11,1.67,85.28,87.03,-21.81,0
,103,1056,東南科技大學,燈號,●,●,●,●,●,●,
,,,,比值,85.44,2.66,-0.18,113.48,606.08,-26.2,0
,103,1057,德明財經科技大學,燈號,●,●,●,●,●,●,
,,,,比值,92.87,5.45,2.32,178.65,1809.16,-15,0
,103,1058,明道大學,燈號,●,●,●,●,●,●,
,,,,比值,69.95,1.94,1.03,51.18,33.06,-10.1,2.21
,103,1059,康寧大學,燈號,●,●,●,●,●,●,
,,,,比值,87.97,-4.09,8.37,14.98,13.54,6.46,6.37
,103,1060,南開科技大學,燈號,●,●,●,●,●,●,
,,,,比值,89.93,3.11,-2.06,107.53,603.06,-41.29,0
,103,1061,中華科技大學,燈號,●,●,●,●,●,●,
,,,,比值,83.35,1.31,-3.12,50.36,47.34,-13.02,2.14
,103,1062,僑光科技大學,燈號,●,●,●,●,●,●,
,,,,比值,91.99,4.82,3.41,232.47,980.94,2.47,0
,103,1063,育達科技大學,燈號,●,●,●,●,●,●,
,,,,比值,93.82,-1.05,-10.11,30.04,559.99,-18.99,0
,103,1064,美和科技大學,燈號,●,●,●,●,●,●,
,,,,比值,70.35,1.91,2.12,97.29,123.07,-9.72,0
,103,1065,吳鳳科技大學,燈號,●,●,●,●,●,●,
,,,,比值,90.75,3.74,-0.83,190.76,352.17,-47.23,0
,103,1066,環球科技大學,燈號,●,●,●,●,●,●,
,,,,比值,75.77,0.43,-1.29,53.43,41.88,-13.62,17.17
,103,1067,台灣首府大學,燈號,●,●,●,●,●,●,
,,,,比值,94.17,1.14,-0.78,149.18,268.5,-25.05,0
,103,1068,中州科技大學,燈號,●,●,●,●,●,●,
,,,,比值,84.2,1.55,-10.9,98.44,210.4,-16.21,0
,103,1069,修平科技大學,燈號,●,●,●,●,●,●,
,,,,比值,83.55,4.02,-0.6,99.28,225.34,-3.39,0
,103,1070,長庚科技大學,燈號,●,●,●,●,●,●,
,,,,比值,47.42,-0.27,0.12,91.12,634.78,7.79,0
,103,1071,臺北城市科技大學,燈號,●,●,●,●,●,●,
,,,,比值,60.31,4.94,-1.67,242,928.6,-5.09,0
,103,1072,大華科技大學,燈號,●,●,●,●,●,●,
,,,,比值,83.28,-1.94,-8.73,-17.75,93.2,122.54,-2.71
,103,1073,醒吾科技大學,燈號,●,●,●,●,●,●,
,,,,比值,89.22,6.24,4.37,274.22,616.08,-51.04,0
,103,1074,南榮科技大學,燈號,●,●,●,●,●,●,
,,,,比值,97.12,-2.59,11.44,-15.07,372.75,-32.97,0
,103,1075,文藻外語大學,燈號,●,●,●,●,●,●,
,,,,比值,90.86,2.66,1.62,144.83,636.65,15.13,0
,103,1076,華夏科技大學,燈號,●,●,●,●,●,●,
,,,,比值,93.18,1.83,-0.91,88.77,304.85,-42.99,0
,103,1077,慈濟科技大學,燈號,●,●,●,●,●,●,
,,,,比值,90.64,0.06,7.01,132.92,241.9,35.07,0
,103,1078,致理科技大學,燈號,●,●,●,●,●,●,
,,,,比值,88.78,6.22,2.9,212.25,773.68,-5.8,0
,103,1125,中信金融管理學院,燈號,●,●,●,●,●,●,
,,,,比值,89.86,-4.5,-69.9,25.11,210.03,20.43,0
,103,1148,大漢技術學院,燈號,●,●,●,●,●,●,
,,,,比值,95.42,2.82,-8.72,365.38,1946.46,-37.96,0
,103,1159,和春技術學院,燈號,●,●,●,●,●,●,
,,,,比值,95.15,0,-6.06,146.02,405.14,-29.18,0
,103,1166,亞東技術學院,燈號,●,●,●,●,●,●,
,,,,比值,39.45,14.03,-3.6,490.3,4767.28,11.47,0
,103,1168,桃園創新技術學院,燈號,●,●,●,●,●,●,
,,,,比值,89.16,-0.47,-10.51,68.23,73.38,-22.31,3.02
,103,1176,稻江科技暨管理學院,燈號,●,●,●,●,●,●,
,,,,比值,89.69,-4.27,4.58,-2.18,273.65,-5.56,0
,103,1179,德霖技術學院,燈號,●,●,●,●,●,●,
,,,,比值,92.94,4.25,-2.89,181.64,1974.36,-18.87,0
,103,1182,蘭陽技術學院,燈號,●,●,●,●,●,●,
,,,,比值,92.76,1.74,-24.33,56.25,103.29,-46.97,0
,103,1183,黎明技術學院,燈號,●,●,●,●,●,●,
,,,,比值,77.72,1,1.23,36.56,58.09,-2.3,-11.74
,103,1184,東方設計學院,燈號,●,●,●,●,●,●,
,,,,比值,95.52,-0.07,-0.6,78.77,470.93,-31.42,0
,103,1185,經國管理暨健康學院,燈號,●,●,●,●,●,●,
,,,,比值,85.88,-0.59,0.12,47.59,244.56,38.13,0
,103,1187,崇右技術學院,燈號,●,●,●,●,●,●,
,,,,比值,85.8,2.34,-1.58,96.56,329.95,-10.5,0
,103,1188,大同技術學院,燈號,●,●,●,●,●,●,
,,,,比值,97.85,-3.1,-11.72,1.08,392.45,-13.36,0
,103,1189,亞太創意技術學院,燈號,●,●,●,●,●,●,
,,,,比值,83.92,-2.21,-21.57,4.44,10.86,3.09,-8.12
,103,1192,臺灣觀光學院,燈號,●,●,●,●,●,●,
,,,,比值,85.76,-1.36,-12.44,37.52,180.21,-31.46,0
,103,1195,馬偕醫學院,燈號,●,●,●,●,●,●,
,,,,比值,83.53,5.31,22.91,465.11,1248.62,7.25,0
,103,1196,法鼓文理學院,燈號,●,●,●,●,●,●,
,,,,比值,68.77,4.66,-0.1,63.88,280.59,187.31,0
,103,1197,台北海洋技術學院,燈號,●,●,●,●,●,●,
,,,,比值,68.3,5.68,1.29,126.46,158.48,-10.59,1.93
,103,1281,康寧醫護暨管理專科學校,燈號,●,●,●,●,●,●,
,,,,比值,91.58,0.41,0.71,106.31,269.87,14.76,0
,103,1282,馬偕醫護管理專科學校,燈號,●,●,●,●,●,●,
,,,,比值,76.08,2.22,13.67,113.47,344.46,-2.34,0
,103,1283,仁德醫護管理專科學校,燈號,●,●,●,●,●,●,
,,,,比值,87.28,6.48,-1.07,156.2,402.18,75.15,0
,103,1284,樹人醫護管理專科學校,燈號,●,●,●,●,●,●,
,,,,比值,86.24,7.71,2.04,204.88,669.31,37.27,0
,103,1285,慈惠醫護管理專科學校,燈號,●,●,●,●,●,●,
,,,,比值,81.98,9.21,1.38,193.09,241.48,-21.86,0
,103,1286,耕莘健康管理專科學校,燈號,●,●,●,●,●,●,
,,,,比值,62.46,4.42,3.83,131.8,283.54,-10.47,2.15
,103,1287,敏惠醫護管理專科學校,燈號,●,●,●,●,●,●,
,,,,比值,76.5,6.55,1.77,117.6,175.45,-8.92,0
,103,1288,高美醫護管理專科學校,燈號,●,●,●,●,●,●,
,,,,比值,74.65,10.63,-8.21,25.17,46.59,-52.15,18.24
,103,1289,育英醫護管理專科學校,燈號,●,●,●,●,●,●,
,,,,比值,85.24,2.71,-1.45,130.15,362.31,13.57,0
,103,1290,崇仁醫護管理專科學校,燈號,●,●,●,●,●,●,
,,,,比值,90.89,2.49,1.96,247.78,432.5,-33.85,0
,103,1291,聖母醫護管理專科學校,燈號,●,●,●,●,●,●,
,,,,比值,74.43,6.76,-2.29,160.82,484.34,-13.59,0
,103,1292,新生醫護管理專科學校,燈號,●,●,●,●,●,●,
,,,,比值,75.14,3.82,2.2,75,90.16,-9.94,1.06
,103,1R02,基督教台灣浸會神學院,燈號,●,●,●,●,●,●,
,,,,比值,97.17,0.13,-8.82,261.77,623.35,-19.53,0
,103,1R03,臺北基督學院,燈號,●,●,●,●,●,●,
,,,,比值,26.37,6.02,57.35,41.58,232.61,34.28,0
,104,1001,東海大學,燈號,●,●,●,●,●,●,
,,,,比值,86.59,2.75,0.5,120.64,496.55,7.89,0
,104,1002,輔仁大學,燈號,●,●,●,●,●,●,
,,,,比值,79.96,2.21,1.28,124.53,771.61,100.08,0
,104,1003,東吳大學,燈號,●,●,●,●,●,●,
,,,,比值,86.45,1.61,1.72,91.55,383.01,25.19,0
,104,1004,中原大學,燈號,●,●,●,●,●,●,
,,,,比值,90.99,1.89,1.59,112.94,297.51,0.88,0
,104,1005,淡江大學,燈號,●,●,●,●,●,●,
,,,,比值,63.72,0.2,0.15,40.4,86.67,7.69,0.01
,104,1006,中國文化大學,燈號,●,●,●,●,●,●,
,,,,比值,81.91,0.61,1.21,140.22,926.07,9.67,0
,104,1007,逢甲大學,燈號,●,●,●,●,●,●,
,,,,比值,77,1.96,2.22,62.64,400.79,7.19,0
,104,1008,靜宜大學,燈號,●,●,●,●,●,●,
,,,,比值,95.5,0.84,1.18,136.55,1372.98,8.29,0
,104,1009,長庚大學,燈號,●,●,●,●,●,●,
,,,,比值,40.43,0.62,-0.07,88.73,890.14,16.73,0
,104,1010,元智大學,燈號,●,●,●,●,●,●,
,,,,比值,51.23,0.67,-1.95,122.92,225.21,23.83,0
,104,1011,中華大學,燈號,●,●,●,●,●,●,
,,,,比值,83.04,0.98,0.65,83.73,203.72,21.93,0
,104,1012,大葉大學,燈號,●,●,●,●,●,●,
,,,,比值,87.76,3.13,5.9,147.22,457.03,2,0
,104,1013,華梵大學,燈號,●,●,●,●,●,●,
,,,,比值,74.66,-2.18,-6.2,43.99,726.27,-30.99,0
,104,1014,義守大學,燈號,●,●,●,●,●,●,
,,,,比值,81.22,3.68,1.18,73.12,81.93,-17.9,0
,104,1015,世新大學,燈號,●,●,●,●,●,●,
,,,,比值,83.84,2.47,-0.66,140.33,327.28,9.26,0
,104,1016,銘傳大學,燈號,●,●,●,●,●,●,
,,,,比值,91.3,3.55,0.24,170.18,500.08,-11.27,0
,104,1017,實踐大學,燈號,●,●,●,●,●,●,
,,,,比值,83.71,3.18,0.97,96.18,182.65,-0.09,0
,104,1019,高雄醫學大學,燈號,●,●,●,●,●,●,
,,,,比值,92.4,2.56,-1.27,-63.51,151.57,8.84,0
,104,1020,南華大學,燈號,●,●,●,●,●,●,
,,,,比值,69.97,23.52,4.47,59.99,171.39,-21.6,0
,104,1021,真理大學,燈號,●,●,●,●,●,●,
,,,,比值,76.78,2.43,-3.74,105.54,42.75,-15.21,2.97
,104,1022,大同大學,燈號,●,●,●,●,●,●,
,,,,比值,96.44,0.55,-1.15,94.47,85.73,4.59,0
,104,1027,慈濟大學,燈號,●,●,●,●,●,●,
,,,,比值,92.42,1.15,4.25,112.56,1336.09,42.21,0
,104,1028,臺北醫學大學,燈號,●,●,●,●,●,●,
,,,,比值,45.16,1.48,-0.44,-21.83,83.67,-3.69,-5.58
,104,1029,中山醫學大學,燈號,●,●,●,●,●,●,
,,,,比值,52.24,5.07,-0.17,14.12,29.2,-8.13,123.51
,104,1033,長榮大學,燈號,●,●,●,●,●,●,
,,,,比值,88.46,3.12,0.98,175.39,608.81,8.25,0
,104,1035,中國醫藥大學,燈號,●,●,●,●,●,●,
,,,,比值,86.71,7.87,-0.23,-46.07,105.73,7.86,0
,104,1039,玄奘大學,燈號,●,●,●,●,●,●,
,,,,比值,88.75,1.75,-2.05,85.48,340.04,31.11,0
,104,1048,亞洲大學,燈號,●,●,●,●,●,●,
,,,,比值,66.43,5.24,1.44,64.79,19.41,265.26,2.08
,104,1049,開南大學,燈號,●,●,●,●,●,●,
,,,,比值,77.73,5.21,-3.62,61.55,83.13,-26.76,0
,104,1050,佛光大學,燈號,●,●,●,●,●,●,
,,,,比值,93.16,-1.47,14.82,70.6,104.03,57.67,0
,104,1058,明道大學,燈號,●,●,●,●,●,●,
,,,,比值,68.96,5.92,-0.93,69.37,76.11,-7.65,0.39
,104,1067,台灣首府大學,燈號,●,●,●,●,●,●,
,,,,比值,95.47,0.2,-11.03,114.58,393.67,-18,0
,104,1079,康寧大學,燈號,●,●,●,●,●,●,
,,,,比值,90,0.07,1.44,52.88,110.67,-11.26,0
,104,1125,中信金融管理學院,燈號,●,●,●,●,●,●,
,,,,比值,80.96,4.46,-24.25,133.42,169.3,18.62,0
,104,1176,稻江科技暨管理學院,燈號,●,●,●,●,●,●,
,,,,比值,89.93,-4.59,-16.32,-5.34,224.37,-13.38,0
,104,1195,馬偕醫學院,燈號,●,●,●,●,●,●,
,,,,比值,92.26,-4.04,20.71,-125.66,969.27,5.9,0
,104,1196,法鼓文理學院,燈號,●,●,●,●,●,●,
,,,,比值,68.7,5.9,51.96,122.6,251.73,15.3,0
,104,1R02,基督教台灣浸會神學院,燈號,●,●,●,●,●,●,
,,,,比值,96.99,0.31,-6.82,597.85,720.4,8.18,0
,104,1R03,臺北基督學院,燈號,●,●,●,●,●,●,
,,,,比值,30.28,5.95,26.63,58.01,247.2,-1.07,0
,104,1R04,一貫道天皇學院,燈號,●,●,●,●,●,●,
,,,,比值,0,10.65,0,259.65,192.28,0,0
,104,1R05,台神學校財團法人台灣神學研究學院,燈號,●,●,●,●,●,●,
,,,,比值,0.45,115.06,0,410.29,427.38,5496.75,0
,104,1R06,一貫道崇德學院,燈號,●,●,●,●,●,●,
,,,,比值,0,1.55,0,101.41,101.41,0,0
,104,1018,朝陽科技大學,燈號,●,●,●,●,●,●,
,,,,比值,76.63,3.85,-0.2,96.61,296.27,4.54,0
,104,1023,南臺科技大學,燈號,●,●,●,●,●,●,
,,,,比值,89.82,5.85,0.72,251.43,614.52,8.08,0
,104,1024,崑山科技大學,燈號,●,●,●,●,●,●,
,,,,比值,66.3,1.7,-1.31,149.47,161.28,-6.28,0
,104,1025,嘉南藥理大學,燈號,●,●,●,●,●,●,
,,,,比值,90.39,3.39,0.44,223.33,183.16,9.92,0
,104,1026,樹德科技大學,燈號,●,●,●,●,●,●,
,,,,比值,87.83,0.9,0.41,74.79,401.82,-2.92,0
,104,1030,龍華科技大學,燈號,●,●,●,●,●,●,
,,,,比值,92.68,4.04,-0.17,306.19,1703.18,39.67,0
,104,1031,輔英科技大學,燈號,●,●,●,●,●,●,
,,,,比值,91.14,3.63,-1.39,91.1,570.24,-2.61,0
,104,1032,明新科技大學,燈號,●,●,●,●,●,●,
,,,,比值,81.55,2.06,-1.02,101.79,217.55,5.15,0
,104,1034,弘光科技大學,燈號,●,●,●,●,●,●,
,,,,比值,82.53,6.93,1.7,123.88,415.21,4,0
,104,1036,健行科技大學,燈號,●,●,●,●,●,●,
,,,,比值,92.38,1.69,-4.55,109.99,454.31,36.7,0
,104,1037,正修科技大學,燈號,●,●,●,●,●,●,
,,,,比值,89.06,2.3,0.93,137.14,249.04,-17.62,0
,104,1038,萬能科技大學,燈號,●,●,●,●,●,●,
,,,,比值,90.9,5.12,-1.62,269.66,910.53,19.1,0
,104,1040,建國科技大學,燈號,●,●,●,●,●,●,
,,,,比值,88.47,1.61,-4.72,73.14,122.88,-9.98,0
,104,1041,明志科技大學,燈號,●,●,●,●,●,●,
,,,,比值,47.95,2.33,2.28,178.16,1715.15,17.28,0
,104,1042,高苑科技大學,燈號,●,●,●,●,●,●,
,,,,比值,90.44,2.23,-5.19,97.59,394.11,2.98,0
,104,1043,大仁科技大學,燈號,●,●,●,●,●,●,
,,,,比值,95.3,0.02,-4.67,84.73,463.4,-24.88,0
,104,1044,聖約翰科技大學,燈號,●,●,●,●,●,●,
,,,,比值,97.66,-3.46,-12.4,50.23,734.57,38.92,0
,104,1045,嶺東科技大學,燈號,●,●,●,●,●,●,
,,,,比值,87.84,5.1,-1.26,199.33,1339.7,8.31,0
,104,1046,中國科技大學,燈號,●,●,●,●,●,●,
,,,,比值,86.92,4.49,2.26,197.93,449.51,13.75,0
,104,1047,中臺科技大學,燈號,●,●,●,●,●,●,
,,,,比值,89.12,3.78,-1.14,129,458.67,6.23,0
,104,1051,台南應用科技大學,燈號,●,●,●,●,●,●,
,,,,比值,91.15,5.14,1.2,221.23,999.68,-2.66,0
,104,1052,遠東科技大學,燈號,●,●,●,●,●,●,
,,,,比值,88.28,3.26,-9.46,145.02,181.63,-7.72,0
,104,1053,元培醫事科技大學,燈號,●,●,●,●,●,●,
,,,,比值,90.8,3.85,-3.24,142.19,793.87,-11.86,0
,104,1054,景文科技大學,燈號,●,●,●,●,●,●,
,,,,比值,96.57,-6.36,-1.67,0.8,397.91,26.7,0
,104,1055,中華醫事科技大學,燈號,●,●,●,●,●,●,
,,,,比值,91.08,2.25,2.16,110.77,109.36,-35.64,0
,104,1056,東南科技大學,燈號,●,●,●,●,●,●,
,,,,比值,85.86,1.39,-1.34,111.57,542.1,24.16,0
,104,1057,德明財經科技大學,燈號,●,●,●,●,●,●,
,,,,比值,93.17,5.37,1,271.16,1717.53,23.55,0
,104,1060,南開科技大學,燈號,●,●,●,●,●,●,
,,,,比值,90.22,2.04,0.59,124.45,542.56,15.69,0
,104,1061,中華科技大學,燈號,●,●,●,●,●,●,
,,,,比值,83.47,2.28,-5.42,66.57,58.42,-5.61,0.66
,104,1062,僑光科技大學,燈號,●,●,●,●,●,●,
,,,,比值,92.84,2.33,-0.6,129.61,701.32,53.59,0
,104,1063,育達科技大學,燈號,●,●,●,●,●,●,
,,,,比值,92.57,-0.07,-9.42,76.46,533.73,5.81,0
,104,1064,美和科技大學,燈號,●,●,●,●,●,●,
,,,,比值,74.29,3.63,-1.4,103.87,156.74,-16.63,0
,104,1065,吳鳳科技大學,燈號,●,●,●,●,●,●,
,,,,比值,92.7,1.84,-3.61,189.69,386.03,1.67,0
,104,1066,環球科技大學,燈號,●,●,●,●,●,●,
,,,,比值,75.25,10.08,-1.02,81.11,398.07,-45.33,0
,104,1068,中州科技大學,燈號,●,●,●,●,●,●,
,,,,比值,84.34,2.27,-16.13,100.91,207.41,-4.66,0
,104,1069,修平科技大學,燈號,●,●,●,●,●,●,
,,,,比值,84.23,4.22,-2.71,110.83,261.14,-3.35,0
,104,1070,長庚科技大學,燈號,●,●,●,●,●,●,
,,,,比值,44.94,1.59,0.4,163.32,846.65,-3.6,0
,104,1071,臺北城市科技大學,燈號,●,●,●,●,●,●,
,,,,比值,61.61,4.82,0.54,234.06,706.16,4.86,0
,104,1072,大華科技大學,燈號,●,●,●,●,●,●,
,,,,比值,83.13,-0.11,-4.68,51.38,59.48,-10.46,16.35
,104,1073,醒吾科技大學,燈號,●,●,●,●,●,●,
,,,,比值,89.61,6.64,1.31,291.07,794.73,-0.88,0
,104,1074,南榮科技大學,燈號,●,●,●,●,●,●,
,,,,比值,97.01,-3.73,1.83,73.53,246.33,20.09,0
,104,1075,文藻外語大學,燈號,●,●,●,●,●,●,
,,,,比值,90.55,3.06,1,125.1,687.01,1.47,0
,104,1076,華夏科技大學,燈號,●,●,●,●,●,●,
,,,,比值,92.64,1.54,-2.43,130.88,301.74,20.52,0
,104,1077,慈濟科技大學,燈號,●,●,●,●,●,●,
,,,,比值,88.83,0.77,1.35,110.19,198.99,38.02,0
,104,1078,致理科技大學,燈號,●,●,●,●,●,●,
,,,,比值,88.47,5.8,-0.24,184.57,762.87,22.9,0
,104,1148,大漢技術學院,燈號,●,●,●,●,●,●,
,,,,比值,83.47,0.18,-16.92,212.96,1077.59,8.01,0
,104,1159,和春技術學院,燈號,●,●,●,●,●,●,
,,,,比值,95.39,-0.36,1.27,119.07,493.41,2.33,0
,104,1166,亞東技術學院,燈號,●,●,●,●,●,●,
,,,,比值,56.36,1.17,-3.98,481.01,6167.12,-15.84,0
,104,1168,桃園創新技術學院,燈號,●,●,●,●,●,●,
,,,,比值,88.57,0.82,-13.85,74.68,184.94,-5.98,0
,104,1179,德霖技術學院,燈號,●,●,●,●,●,●,
,,,,比值,92.8,4.4,-3.84,204.76,1672.28,5.18,0
,104,1182,蘭陽技術學院,燈號,●,●,●,●,●,●,
,,,,比值,94.61,0.45,-18.44,175.51,202.82,-10.68,0
,104,1183,黎明技術學院,燈號,●,●,●,●,●,●,
,,,,比值,74.27,12.03,1.47,208.56,147.83,-30.16,0
,104,1184,東方設計學院,燈號,●,●,●,●,●,●,
,,,,比值,95.07,-0.66,-1.57,105.96,379.49,23.6,0
,104,1185,經國管理暨健康學院,燈號,●,●,●,●,●,●,
,,,,比值,88.03,0.92,4.03,98.93,324.73,-26.67,0
,104,1187,崇右技術學院,燈號,●,●,●,●,●,●,
,,,,比值,87.56,1.64,-3.57,97.73,340.69,-8.55,0
,104,1188,大同技術學院,燈號,●,●,●,●,●,●,
,,,,比值,98.1,-3.38,-6.41,20.05,378.04,-3.75,0
,104,1189,亞太創意技術學院,燈號,●,●,●,●,●,●,
,,,,比值,83.65,-0.76,-23.19,16.55,10.97,-9.99,11.03
,104,1192,臺灣觀光學院,燈號,●,●,●,●,●,●,
,,,,比值,87.1,-1.32,-17.88,59.62,194.19,-17.15,0
,104,1197,台北海洋技術學院,燈號,●,●,●,●,●,●,
,,,,比值,72.96,5.59,1.37,110.42,143.25,-16.63,1.51
,104,1282,馬偕醫護管理專科學校,燈號,●,●,●,●,●,●,
,,,,比值,78.69,2.38,3.31,186.04,422.27,-19.1,0
,104,1283,仁德醫護管理專科學校,燈號,●,●,●,●,●,●,
,,,,比值,84.34,6.51,0.94,172.47,315.24,61.82,0
,104,1284,樹人醫護管理專科學校,燈號,●,●,●,●,●,●,
,,,,比值,84.49,9.63,3.11,184.08,595.46,9.84,0
,104,1285,慈惠醫護管理專科學校,燈號,●,●,●,●,●,●,
,,,,比值,84.46,8.25,0.52,196.86,392.15,-10.35,0
,104,1286,耕莘健康管理專科學校,燈號,●,●,●,●,●,●,
,,,,比值,65.85,4.7,2.11,143.39,340.37,-10.23,0.97
,104,1287,敏惠醫護管理專科學校,燈號,●,●,●,●,●,●,
,,,,比值,77.26,8.49,-0.19,122.88,223.07,-8.83,0
,104,1288,高美醫護管理專科學校,燈號,●,●,●,●,●,●,
,,,,比值,84.93,-5.84,-2.79,94.58,76.2,45.57,18.14
,104,1289,育英醫護管理專科學校,燈號,●,●,●,●,●,●,
,,,,比值,83.84,5.48,0.73,178.8,476.32,-13.18,0
,104,1290,崇仁醫護管理專科學校,燈號,●,●,●,●,●,●,
,,,,比值,89.85,3.52,2.74,302.05,561.12,14.28,0
,104,1291,聖母醫護管理專科學校,燈號,●,●,●,●,●,●,
,,,,比值,77.12,6.53,-3.77,177.49,581.43,-10.79,0
,104,1292,新生醫護管理專科學校,燈號,●,●,●,●,●,●,
,,,,比值,77.82,4.62,2.44,96.55,125.84,-16.8,0
